timestamp,sample,obdConnection,adapterState,ecuSessionState,protocol,pollHealth,sampleRateHz,lastUpdateAge_s,dpfSoot,dpfStatus,dpfTrendArrow,rpm,speed_mph,gear,drivingState,coolant,oilTemp,fuelTemp,airFlowSensorTemp,airManifoldTemp,externalTemp,intakeTemp,ambientTemp,engineTempProxy,heatSoakProxy,thermalMaxProxy,thermalState,mapProxy,boostProxy,boostTargetProxy,boostErrorProxy,railProxy,railTargetProxy,railErrorProxy,baroProxy,dpfDiffProxy,pedalProxy,loadProxy,absLoadProxy,relativeAccel_mps2,relativeAccel_g,relativeAccelState,injFlow,fuelFlowReg,airFlowSetting,airFlowMeasured,airFlowError,egrTarget,egrActual,egrError,airMixerTarget,airMixerActual,airMixerError,turboGeomTarget,turboGeomActual,turboGeomError,batteryV,airCPress_bar,fapTemp,fapDiffPressure,lastRegen_mi,avg10Regen_mi,fapLifeLeft_mi,fapAdditiveVol,fapAdditiveRemain,fapAdditivePercent,inj1FlowCorr,inj2FlowCorr,inj3FlowCorr,inj4FlowCorr,efficiencyScore,effOperatingZone,effLoad,effThermal,effFlow,moodScore,moodThermalComfort,moodStrain,moodDelivery,moodElectrical,moodState
2026-01-01T12:00:00.000+00:00,1,replay,sample/replay,engine/SID807,decoded CSV,100%,,0.0,0.522,COLD,·,0.0,0.0,N,cruise,24.0,,23.0,21.0,24.0,21.0,24.0,21.0,24.0,3.0,24.0,cold,987.0,1.0,14.0,-13.0,1.0,0.0,1.0,986.0,0.0,0.0,0.13999999999999999,0.016666666666666666,,,unknown,0.0,0.0,352.0,0.0,-352.0,0.0,0.0,0.0,0.0,0.0,0.0,0.0,0.0,0.0,12.3,3.6,26.0,0.0,318.763323,621.992371,10294.874728,940.0,164.0,14.855072463768115,0.0,0.0,0.0,0.0,61.311627906976746,65.0,62.0,51.6,66.0,74.11428571428571,48.8,92.0,74.0,76.0,grumbling
2026-01-01T12:00:00.479+00:00,2,replay,sample/replay,engine/SID807,decoded CSV,100%,2.087683312336896,0.0,0.522,COLD,·,0.0,0.0,N,cruise,24.0,,23.0,21.0,24.0,21.0,24.0,21.0,24.0,3.0,24.0,cold,986.0,1.0,15.0,-14.0,1.0,0.0,1.0,985.0,0.0,0.0,0.15,0.016666666666666666,0.0,0.0,steady,0.0,0.0,352.0,0.0,-352.0,0.0,0.0,0.0,0.0,0.0,0.0,0.0,0.0,0.0,12.3,3.6,26.0,0.0,318.763323,621.992371,10294.874728,940.0,164.0,14.855072463768115,0.0,0.0,0.0,0.0,61.311627906976746,65.0,62.0,51.6,66.0,74.11428571428571,48.8,92.0,74.0,76.0,grumbling
2026-01-01T12:00:00.931+00:00,3,replay,sample/replay,engine/SID807,decoded CSV,100%,2.2123886896793272,0.0,0.522,COLD,·,0.0,0.0,N,clutch,24.0,,23.0,21.0,24.0,21.0,24.0,21.0,24.0,3.0,24.0,cold,986.0,0.0,14.0,-14.0,1.0,0.0,1.0,986.0,0.0,0.0,0.13999999999999999,0.0,0.0,0.0,steady,0.0,0.0,352.0,0.0,-352.0,0.0,0.0,0.0,0.0,0.0,0.0,0.0,0.0,0.0,12.3,3.6,26.0,0.0,318.763323,621.992371,10294.874728,940.0,164.0,14.855072463768115,0.0,0.0,0.0,0.0,61.311627906976746,65.0,62.0,51.6,66.0,74.11428571428571,48.8,92.0,74.0,76.0,grumbling
2026-01-01T12:00:01.652+00:00,4,replay,sample/replay,engine/SID807,decoded CSV,100%,1.3869626364004017,0.0,0.522,COLD,·,0.0,0.0,N,clutch,24.0,,23.0,21.0,24.0,21.0,24.0,21.0,24.0,3.0,24.0,cold,986.0,0.0,14.0,-14.0,1.0,0.0,1.0,986.0,0.0,0.0,0.13999999999999999,0.0,0.0,0.0,steady,0.0,0.0,352.0,0.0,-352.0,0.0,0.0,0.0,0.0,0.0,0.0,0.0,0.0,0.0,12.3,3.6,26.0,0.0,318.763323,621.992371,10294.874728,940.0,164.0,14.855072463768115,0.0,0.0,0.0,0.0,61.311627906976746,65.0,62.0,51.6,66.0,74.11428571428571,48.8,92.0,74.0,76.0,grumbling
2026-01-01T12:00:02.140+00:00,5,replay,sample/replay,engine/SID807,decoded CSV,100%,2.049180680274768,0.0,0.522,COLD,·,0.0,0.0,N,clutch,24.0,,23.0,21.0,24.0,21.0,24.0,21.0,24.0,3.0,24.0,cold,986.0,1.0,15.0,-14.0,1.0,0.0,1.0,985.0,0.0,0.0,0.15,0.016666666666666666,0.0,0.0,steady,0.0,0.0,352.0,0.0,-352.0,0.0,0.0,0.0,0.0,0.0,0.0,0.0,0.0,0.0,12.3,3.6,26.0,0.0,318.763323,621.992371,10294.874728,940.0,164.0,14.855072463768115,0.0,0.0,0.0,0.0,61.311627906976746,65.0,62.0,51.6,66.0,74.11428571428571,48.8,92.0,74.0,76.0,grumbling
2026-01-01T12:00:02.640+00:00,6,replay,sample/replay,engine/SID807,decoded CSV,100%,2.0,0.0,0.522,COLD,·,0.0,0.0,N,clutch,24.0,,23.0,21.0,24.0,21.0,24.0,21.0,24.0,3.0,24.0,cold,986.0,0.0,14.0,-14.0,1.0,0.0,1.0,986.0,0.0,0.0,0.13999999999999999,0.0,0.0,0.0,steady,0.0,0.0,352.0,0.0,-352.0,0.0,0.0,0.0,0.0,0.0,0.0,0.0,0.0,0.0,12.3,3.6,26.0,0.0,318.763323,621.992371,10294.874728,940.0,164.0,14.855072463768115,0.0,0.0,0.0,0.0,61.311627906976746,65.0,62.0,51.6,66.0,74.11428571428571,48.8,92.0,74.0,76.0,grumbling
2026-01-01T12:00:03.180+00:00,7,replay,sample/replay,engine/SID807,decoded CSV,100%,1.8518519826713833,0.0,0.522,COLD,·,0.0,0.0,N,clutch,24.0,,23.0,21.0,24.0,21.0,24.0,21.0,24.0,3.0,24.0,cold,986.0,1.0,15.0,-14.0,1.0,0.0,1.0,985.0,0.0,0.0,0.15,0.016666666666666666,0.0,0.0,steady,0.0,0.0,352.0,0.0,-352.0,0.0,0.0,0.0,0.0,0.0,0.0,0.0,0.0,0.0,12.3,3.6,26.0,0.0,318.763323,621.992371,10294.874728,940.0,164.0,14.855072463768115,0.0,0.0,0.0,0.0,61.311627906976746,65.0,62.0,51.6,66.0,74.11428571428571,48.8,92.0,74.0,76.0,grumbling
2026-01-01T12:00:03.644+00:00,8,replay,sample/replay,engine/SID807,decoded CSV,100%,2.155171368408937,0.0,0.522,COLD,·,0.0,0.0,N,clutch,24.0,,23.0,21.0,24.0,21.0,24.0,21.0,24.0,3.0,24.0,cold,986.0,0.0,14.0,-14.0,1.0,0.0,1.0,986.0,0.0,0.0,0.13999999999999999,0.0,0.0,0.0,steady,0.0,0.0,352.0,0.0,-352.0,0.0,0.0,0.0,0.0,0.0,0.0,0.0,0.0,0.0,12.3,3.6,26.0,0.0,318.763323,621.992371,10294.874728,940.0,164.0,14.855072463768115,0.0,0.0,0.0,0.0,61.311627906976746,65.0,62.0,51.6,66.0,74.11428571428571,48.8,92.0,74.0,76.0,grumbling
2026-01-01T12:00:05.144+00:00,9,replay,sample/replay,engine/SID807,decoded CSV,100%,0.6666666666666666,0.0,0.522,COLD,·,0.0,0.0,N,clutch,24.0,,23.0,21.0,24.0,21.0,24.0,21.0,24.0,3.0,24.0,cold,986.0,0.0,14.0,-14.0,1.0,0.0,1.0,986.0,0.0,0.0,0.13999999999999999,0.0,0.0,0.0,steady,0.0,0.0,352.0,0.0,-352.0,0.0,0.0,0.0,0.0,0.0,0.0,0.0,0.0,0.0,12.3,3.6,26.0,0.0,318.763323,621.992371,10294.874728,940.0,164.0,14.855072463768115,0.0,0.0,0.0,0.0,61.311627906976746,65.0,62.0,51.6,66.0,74.11428571428571,48.8,92.0,74.0,76.0,grumbling
2026-01-01T12:00:05.619+00:00,10,replay,sample/replay,engine/SID807,decoded CSV,100%,2.105263580575959,0.0,0.522,COLD,·,0.0,0.0,N,clutch,24.0,,23.0,21.0,24.0,21.0,24.0,21.0,24.0,3.0,24.0,cold,986.0,1.0,15.0,-14.0,1.0,0.0,1.0,985.0,0.0,0.0,0.15,0.016666666666666666,0.0,0.0,steady,0.0,0.0,352.0,0.0,-352.0,0.0,0.0,0.0,0.0,0.0,0.0,0.0,0.0,0.0,12.3,3.6,26.0,0.0,318.763323,621.992371,10294.874728,940.0,164.0,14.855072463768115,0.0,0.0,0.0,0.0,61.311627906976746,65.0,62.0,51.6,66.0,74.11428571428571,48.8,92.0,74.0,76.0,grumbling
2026-01-01T12:00:06.047+00:00,11,replay,sample/replay,engine/SID807,decoded CSV,100%,2.3364487439016646,0.0,0.522,COLD,·,0.0,0.0,N,clutch,24.0,,23.0,21.0,24.0,21.0,24.0,21.0,24.0,3.0,24.0,cold,986.0,1.0,15.0,-14.0,1.0,0.0,1.0,985.0,0.0,0.0,0.15,0.016666666666666666,0.0,0.0,steady,0.0,0.0,352.0,0.0,-352.0,0.0,0.0,0.0,0.0,0.0,0.0,0.0,0.0,0.0,12.3,3.6,26.0,0.0,318.763323,621.992371,10294.874728,940.0,164.0,14.855072463768115,0.0,0.0,0.0,0.0,61.311627906976746,65.0,62.0,51.6,66.0,74.11428571428571,48.8,92.0,74.0,76.0,grumbling
2026-01-01T12:00:06.544+00:00,12,replay,sample/replay,engine/SID807,decoded CSV,100%,2.012072519547206,0.0,0.522,COLD,·,0.0,0.0,N,clutch,24.0,,23.0,21.0,24.0,21.0,24.0,21.0,24.0,3.0,24.0,cold,986.0,1.0,15.0,-14.0,1.0,0.0,1.0,985.0,0.0,0.0,0.15,0.016666666666666666,0.0,0.0,steady,0.0,0.0,352.0,0.0,-352.0,0.0,0.0,0.0,0.0,0.0,0.0,0.0,0.0,0.0,12.3,3.6,26.0,0.0,318.763323,621.992371,10294.874728,940.0,164.0,14.855072463768115,0.0,0.0,0.0,0.0,61.311627906976746,65.0,62.0,51.6,66.0,74.11428571428571,48.8,92.0,74.0,76.0,grumbling
2026-01-01T12:00:07.011+00:00,13,replay,sample/replay,engine/SID807,decoded CSV,100%,2.1413275881433984,0.0,0.522,COLD,·,0.0,0.0,N,clutch,24.0,,23.0,21.0,24.0,21.0,24.0,21.0,24.0,3.0,24.0,cold,986.0,0.0,14.0,-14.0,1.0,0.0,1.0,986.0,0.0,0.0,0.13999999999999999,0.0,0.0,0.0,steady,0.0,0.0,352.0,0.0,-352.0,0.0,0.0,0.0,0.0,0.0,0.0,0.0,0.0,0.0,12.3,3.6,26.0,0.0,318.763323,621.992371,10294.874728,940.0,164.0,14.855072463768115,0.0,0.0,0.0,0.0,61.311627906976746,65.0,62.0,51.6,66.0,74.11428571428571,48.8,92.0,74.0,76.0,grumbling
2026-01-01T12:00:07.480+00:00,14,replay,sample/replay,engine/SID807,decoded CSV,100%,2.1321957024679112,0.0,0.522,COLD,·,0.0,0.0,N,braking,24.0,,23.0,21.0,24.0,21.0,24.0,21.0,24.0,3.0,24.0,cold,986.0,1.0,15.0,-14.0,1.0,0.0,1.0,985.0,0.0,0.0,0.15,0.016666666666666666,0.0,0.0,steady,0.0,0.0,352.0,0.0,-352.0,0.0,0.0,0.0,0.0,0.0,0.0,0.0,0.0,0.0,12.3,3.6,26.0,0.0,318.763323,621.992371,10294.874728,940.0,164.0,14.855072463768115,0.0,0.0,0.0,0.0,61.311627906976746,65.0,62.0,51.6,66.0,74.11428571428571,48.8,92.0,74.0,76.0,grumbling
2026-01-01T12:00:07.950+00:00,15,replay,sample/replay,engine/SID807,decoded CSV,100%,2.127659444951436,0.0,0.522,COLD,·,0.0,0.0,N,braking,24.0,,23.0,21.0,24.0,21.0,24.0,21.0,24.0,3.0,24.0,cold,986.0,-1.0,13.0,-14.0,1.0,0.0,1.0,987.0,0.0,0.0,0.13,0.0,0.0,0.0,steady,0.0,0.0,352.0,0.0,-352.0,0.0,0.0,0.0,0.0,0.0,0.0,0.0,0.0,0.0,12.3,3.6,26.0,0.0,318.763323,621.992371,10294.874728,940.0,164.0,14.855072463768115,0.0,0.0,0.0,0.0,61.311627906976746,65.0,62.0,51.6,66.0,74.11428571428571,48.8,92.0,74.0,76.0,grumbling
2026-01-01T12:00:08.398+00:00,16,replay,sample/replay,engine/SID807,decoded CSV,100%,2.232143085221878,0.0,0.522,COLD,·,0.0,0.0,N,braking,24.0,,23.0,21.0,24.0,21.0,24.0,21.0,24.0,3.0,24.0,cold,986.0,0.0,14.0,-14.0,1.0,0.0,1.0,986.0,0.0,0.0,0.13999999999999999,0.0,0.0,0.0,steady,0.0,0.0,352.0,0.0,-352.0,0.0,0.0,0.0,0.0,0.0,0.0,0.0,0.0,0.0,12.3,3.6,26.0,0.0,318.763323,621.992371,10294.874728,940.0,164.0,14.855072463768115,0.0,0.0,0.0,0.0,61.311627906976746,65.0,62.0,51.6,66.0,74.11428571428571,48.8,92.0,74.0,76.0,grumbling
2026-01-01T12:00:08.870+00:00,17,replay,sample/replay,engine/SID807,decoded CSV,100%,2.118644590043698,0.0,0.522,COLD,·,203.0,0.0,N,braking,24.0,,23.0,21.0,24.0,21.0,24.0,21.0,24.0,3.0,24.0,cold,984.0,-1.0,15.0,-16.0,6.0,0.0,6.0,985.0,0.0,0.0,6.9,0.0,0.0,0.0,steady,0.0,45.0,352.0,0.0,-352.0,0.0,0.0,0.0,0.0,0.0,0.0,0.0,0.0,0.0,11.0,3.6,26.0,0.0,318.763323,621.992371,10294.874728,940.0,164.0,14.855072463768115,0.0,0.0,0.0,0.0,61.311627906976746,65.0,62.0,51.6,66.0,70.54285714285714,48.8,92.0,74.0,51.0,grumbling
2026-01-01T12:00:09.352+00:00,18,replay,sample/replay,engine/SID807,decoded CSV,100%,2.074688312298587,0.0,0.522,COLD,·,380.0,0.0,N,braking,24.0,,23.0,21.0,23.0,21.0,23.0,21.0,24.0,2.0,24.0,cold,984.0,-1.0,64.0,-65.0,361.0,260.0,101.0,985.0,4.0,0.0,18.282307692307693,23.528141025641027,0.0,0.0,steady,34.300000000000004,27.0,425.0,347.0,-78.0,0.0,0.0,0.0,0.0,0.0,0.0,0.0,0.0,0.0,11.4,3.6,26.0,4.0,318.763323,621.992371,10294.874728,940.0,164.0,14.855072463768115,0.0,0.0,0.0,0.0,63.41773255813953,65.0,62.0,51.6,78.9375,73.3719887955182,48.8,92.0,85.88235294117646,51.0,grumbling
2026-01-01T12:00:09.777+00:00,19,replay,sample/replay,engine/SID807,decoded CSV,100%,2.3529414404635083,0.0,0.522,COLD,·,990.0,0.0,N,idle,24.0,,23.0,21.0,22.0,21.0,22.0,21.0,24.0,1.0,24.0,cold,964.0,-22.0,14.0,-36.0,348.0,320.0,28.0,986.0,7.0,0.0,7.451538461538461,14.09403846153846,0.0,0.0,steady,6.4,27.0,346.0,367.0,21.0,0.0,0.0,0.0,0.0,0.0,0.0,0.0,0.0,0.0,11.700000000000001,3.6,26.0,7.0,318.763323,621.992371,10294.874728,940.0,164.0,14.855072463768115,5.060000000000002,-7.769999999999982,-2.509999999999991,5.2099999999999795,62.846511627906985,60.0,62.0,51.6,84.0,74.35238095238095,48.8,92.0,90.0,51.0,grumbling
2026-01-01T12:00:10.229+00:00,20,replay,sample/replay,engine/SID807,decoded CSV,100%,2.2123898566587106,0.0,0.522,COLD,·,924.0,0.0,N,idle,24.0,,23.0,20.0,22.0,21.0,22.0,21.0,24.0,1.0,24.0,cold,969.0,-17.0,14.0,-31.0,342.0,320.0,22.0,986.0,11.0,0.0,6.57076923076923,13.440769230769233,0.0,0.0,steady,4.5,26.0,241.0,376.0,135.0,0.0,0.0,0.0,0.0,0.0,0.0,0.0,0.0,0.0,12.100000000000001,3.6,26.0,11.0,318.763323,621.992371,10294.874728,940.0,164.0,14.855072463768115,7.600000000000023,-11.670000000000016,-3.769999999999982,7.829999999999984,62.39883720930233,60.0,62.0,51.6,81.25,77.23699633699633,48.8,92.0,87.11538461538461,76.0,grumbling
2026-01-01T12:00:10.669+00:00,21,replay,sample/replay,engine/SID807,decoded CSV,100%,2.272726977167089,0.0,0.522,COLD,·,885.0,0.0,N,idle,24.0,,23.0,20.0,21.0,21.0,21.0,21.0,24.0,0.0,24.0,cold,971.0,-15.0,14.0,-29.0,308.0,305.0,3.0,986.0,10.0,0.0,7.313076923076923,13.588910256410257,0.0,0.0,steady,6.300000000000001,27.0,245.0,371.0,126.0,0.0,0.0,0.0,0.0,0.0,0.0,0.0,0.0,0.0,12.200000000000001,3.6,26.0,10.0,318.763323,621.992371,10294.874728,940.0,164.0,14.855072463768115,5.199999999999989,-7.970000000000027,-2.569999999999993,5.350000000000023,62.520930232558136,60.0,62.0,51.6,82.0,77.40183150183151,48.8,92.0,87.8076923076923,76.0,grumbling
2026-01-01T12:00:11.109+00:00,22,replay,sample/replay,engine/SID807,decoded CSV,100%,2.272726977167089,0.0,0.522,COLD,·,886.0,0.0,N,idle,24.0,,23.0,20.0,21.0,21.0,21.0,21.0,24.0,0.0,24.0,cold,976.0,-10.0,14.0,-24.0,323.0,320.0,3.0,986.0,7.0,0.0,7.724615384615384,11.566282051282052,0.0,0.0,steady,7.5,26.0,255.0,302.0,47.0,10.0,10.0,0.0,0.0,0.0,0.0,75.0,38.0,-37.0,11.9,3.6,26.0,7.0,318.763323,621.992371,10294.874728,940.0,164.0,14.855072463768115,22.980000000000018,-32.139999999999986,-8.300000000000011,17.45999999999998,62.846511627906985,60.0,62.0,51.6,84.0,77.92380952380952,48.8,92.0,90.0,76.0,grumbling
2026-01-01T12:00:11.610+00:00,23,replay,sample/replay,engine/SID807,decoded CSV,100%,1.996008272792772,0.0,0.522,COLD,·,889.0,0.0,N,idle,24.0,,23.0,20.0,21.0,21.0,21.0,21.0,24.0,0.0,24.0,cold,977.0,-9.0,14.0,-23.0,325.0,327.0,-2.0,986.0,6.0,0.0,7.998205128205128,8.741538461538461,0.0,0.0,steady,7.7,27.0,250.0,224.0,-26.0,13.0,13.0,0.0,0.0,0.0,0.0,75.0,83.0,8.0,11.9,3.6,26.0,6.0,318.763323,621.992371,10294.874728,940.0,164.0,14.855072463768115,41.06,-40.94,-13.019999999999982,12.899999999999977,62.846511627906985,60.0,62.0,51.6,84.0,77.92380952380952,48.8,92.0,90.0,76.0,grumbling
2026-01-01T12:00:12.047+00:00,24,replay,sample/replay,engine/SID807,decoded CSV,100%,2.2883293296837652,0.0,0.522,COLD,·,871.0,0.0,N,idle,24.0,,23.0,20.0,21.0,21.0,21.0,21.0,24.0,0.0,24.0,cold,977.0,-9.0,14.0,-23.0,326.0,327.0,-1.0,986.0,6.0,0.0,8.075128205128205,9.365128205128205,0.0,0.0,steady,7.9,27.0,251.0,240.0,-11.0,10.0,12.0,2.0,0.0,0.0,0.0,75.0,83.0,8.0,12.100000000000001,3.6,26.0,6.0,318.763323,621.992371,10294.874728,940.0,164.0,14.855072463768115,60.30000000000001,-44.98000000000002,-20.74000000000001,5.420000000000016,62.846511627906985,60.0,62.0,51.6,84.0,77.92380952380952,48.8,92.0,90.0,76.0,grumbling
2026-01-01T12:00:12.499+00:00,25,replay,sample/replay,engine/SID807,decoded CSV,100%,2.2123898566587106,0.0,0.522,COLD,·,882.0,0.0,N,idle,24.0,,23.0,20.0,21.0,21.0,21.0,21.0,24.0,0.0,24.0,cold,976.0,-9.0,15.0,-24.0,336.0,328.0,8.0,985.0,6.0,0.0,8.591794871794873,10.643461538461539,0.0,0.0,steady,9.200000000000001,27.0,255.0,258.0,3.0,11.0,11.0,0.0,0.0,0.0,0.0,75.0,81.0,6.0,12.4,3.6,26.0,6.0,318.763323,621.992371,10294.874728,940.0,164.0,14.855072463768115,77.44,-45.51999999999998,-27.19999999999999,-4.720000000000027,62.846511627906985,60.0,62.0,51.6,84.0,80.78095238095237,48.8,92.0,90.0,96.0,grumbling
2026-01-01T12:00:13.027+00:00,26,replay,sample/replay,engine/SID807,decoded CSV,100%,1.8939389765975057,0.0,0.522,COLD,·,847.0,0.0,N,idle,24.0,,23.0,20.0,21.0,21.0,21.0,21.0,24.0,0.0,24.0,cold,977.0,-8.0,15.0,-23.0,340.0,334.0,6.0,985.0,6.0,0.0,7.754871794871796,9.939038461538463,0.0,0.0,steady,7.7,25.0,256.0,257.0,1.0,11.0,11.0,0.0,0.0,0.0,0.0,75.0,79.0,4.0,14.0,3.6,26.0,6.0,318.763323,621.992371,10294.874728,940.0,164.0,14.855072463768115,94.94,-44.25999999999999,-41.45999999999998,-9.220000000000027,62.846511627906985,60.0,62.0,51.6,84.0,80.78095238095237,48.8,92.0,90.0,96.0,grumbling
2026-01-01T12:00:13.470+00:00,27,replay,sample/replay,engine/SID807,decoded CSV,100%,2.257335944635233,0.0,0.522,COLD,·,857.0,0.0,N,idle,24.0,,23.0,20.0,21.0,21.0,21.0,21.0,24.0,0.0,24.0,cold,979.0,-8.0,13.0,-21.0,350.0,340.0,10.0,987.0,6.0,0.0,9.551794871794874,12.528461538461539,0.0,0.0,steady,13.100000000000001,23.0,274.0,268.0,-6.0,10.0,11.0,1.0,0.0,0.0,0.0,75.0,78.0,3.0,14.100000000000001,3.6,26.0,6.0,318.763323,621.992371,10294.874728,940.0,164.0,14.855072463768115,101.44,-44.80000000000001,-47.75999999999999,-8.879999999999995,62.846511627906985,60.0,62.0,51.6,84.0,80.78095238095237,48.8,92.0,90.0,96.0,grumbling
2026-01-01T12:00:13.920+00:00,28,replay,sample/replay,engine/SID807,decoded CSV,100%,2.222223164123181,0.0,0.522,COLD,·,865.0,0.0,N,idle,24.0,,23.0,20.0,21.0,21.0,21.0,21.0,24.0,0.0,24.0,cold,978.0,-8.0,14.0,-22.0,334.0,348.0,-14.0,986.0,6.0,1.0,10.157435897435898,12.303269230769232,0.0,0.0,steady,13.600000000000001,23.0,260.0,259.0,-1.0,11.0,11.0,0.0,0.0,0.0,0.0,75.0,77.0,2.0,14.5,3.6,26.0,6.0,318.763323,621.992371,10294.874728,940.0,164.0,14.855072463768115,94.25999999999999,-41.18000000000001,-44.69999999999999,-8.379999999999995,62.846511627906985,60.0,62.0,51.6,84.0,80.78095238095237,48.8,92.0,90.0,96.0,grumbling
2026-01-01T12:00:14.382+00:00,29,replay,sample/replay,engine/SID807,decoded CSV,100%,2.1645015479141216,0.0,0.522,COLD,·,1021.0,0.0,N,idle,24.0,,23.0,20.0,21.0,21.0,21.0,21.0,24.0,0.0,24.0,cold,979.0,-8.0,13.0,-21.0,338.0,347.0,-9.0,987.0,6.0,6.0,10.544615384615385,12.02878205128205,0.0,0.0,steady,10.100000000000001,23.0,275.0,273.0,-2.0,9.0,11.0,2.0,0.0,0.0,0.0,75.0,77.0,2.0,14.3,3.6,26.0,6.0,318.763323,621.992371,10294.874728,940.0,164.0,14.855072463768115,90.07999999999998,-37.19999999999999,-42.80000000000001,-10.079999999999984,62.846511627906985,60.0,62.0,51.6,84.0,80.78095238095237,48.8,92.0,90.0,96.0,grumbling
2026-01-01T12:00:14.888+00:00,30,replay,sample/replay,engine/SID807,decoded CSV,100%,1.9762844210905246,0.0,0.528,COLD,·,1309.0,0.0,N,idle,24.0,,23.0,20.0,21.0,21.0,21.0,21.0,24.0,0.0,24.0,cold,966.0,-20.0,48.0,-68.0,619.0,582.0,37.0,986.0,10.0,9.0,14.588205128205129,17.66403846153846,0.0,0.0,steady,12.9,23.0,264.0,319.0,55.0,8.0,7.0,-1.0,0.0,0.0,0.0,75.0,78.0,3.0,14.100000000000001,3.6,26.0,10.0,318.763323,621.992371,10294.874728,940.0,164.0,14.855072463768115,0.0,0.0,0.0,0.0,61.391248658318425,54.78530769230769,62.0,51.6,84.0,80.78095238095237,48.8,92.0,90.0,96.0,grumbling
2026-01-01T12:00:15.331+00:00,31,replay,sample/replay,engine/SID807,decoded CSV,100%,2.2573371595133893,0.0,0.528,COLD,·,1286.0,0.0,N,idle,24.0,,23.0,20.0,21.0,21.0,21.0,21.0,24.0,0.0,24.0,cold,971.0,-15.0,49.0,-64.0,556.0,551.0,5.0,986.0,10.0,11.0,14.206923076923077,14.74525641025641,0.0,0.0,steady,10.600000000000001,23.0,265.0,278.0,13.0,12.0,11.0,-1.0,0.0,0.0,0.0,75.0,77.0,2.0,14.3,3.6,26.0,10.0,318.763323,621.992371,10294.874728,940.0,164.0,14.855072463768115,0.0,0.0,0.0,0.0,61.18796779964222,54.05688461538462,62.0,51.6,84.0,80.78095238095237,48.8,92.0,90.0,96.0,grumbling
2026-01-01T12:00:15.779+00:00,32,replay,sample/replay,engine/SID807,decoded CSV,100%,2.2321418973108207,0.0,0.528,COLD,·,1155.0,0.0,N,idle,24.0,,23.0,20.0,21.0,21.0,21.0,21.0,24.0,0.0,24.0,cold,978.0,-8.0,56.0,-64.0,588.0,578.0,10.0,986.0,9.0,11.0,15.533846153846154,16.911346153846154,0.0,0.0,steady,13.4,23.0,278.0,313.0,35.0,12.0,12.0,0.0,0.0,0.0,0.0,75.0,76.0,1.0,14.3,3.6,26.0,9.0,318.763323,621.992371,10294.874728,940.0,164.0,14.855072463768115,0.0,0.0,0.0,0.0,61.02133094812165,53.45976923076923,62.0,51.6,84.0,80.78095238095237,48.8,92.0,90.0,96.0,grumbling
2026-01-01T12:00:16.208+00:00,33,replay,sample/replay,engine/SID807,decoded CSV,100%,2.331002869915681,0.0,0.528,COLD,·,1241.0,1.242742,N,clutch,24.0,,23.0,20.0,21.0,21.0,21.0,21.0,24.0,0.0,24.0,cold,972.0,-14.0,82.0,-96.0,660.0,654.0,6.0,986.0,10.0,12.0,18.342820512820513,18.73282051282051,1.2950011937551873,0.1320533713097936,pulling,17.8,23.0,311.0,296.0,-15.0,7.0,7.0,0.0,0.0,0.0,0.0,80.0,78.0,-2.0,14.5,3.6,26.0,10.0,318.763323,621.992371,10294.874728,940.0,164.0,14.855072463768115,0.0,0.0,0.0,0.0,74.13001715751231,65.0,90.34604918486863,51.6,84.0,80.78095238095237,48.8,92.0,90.0,96.0,grumbling
2026-01-01T12:00:16.654+00:00,34,replay,sample/replay,engine/SID807,decoded CSV,100%,2.242151967754696,0.0,0.528,COLD,·,1298.0,1.8641130000000001,N,clutch,24.0,,23.0,20.0,21.0,21.0,21.0,21.0,24.0,0.0,24.0,cold,973.0,-12.0,94.0,-106.0,674.0,662.0,12.0,985.0,10.0,14.0,18.716153846153844,19.341153846153844,0.6228197983574137,0.06350994461486989,gaining,16.5,23.0,314.0,318.0,4.0,8.0,7.0,-1.0,0.0,0.0,0.0,77.0,77.0,0.0,14.3,3.6,27.0,10.0,318.763323,621.992371,10294.874728,940.0,164.0,14.855072463768115,0.0,0.0,0.0,0.0,74.00101198955366,65.0,90.20956770338715,51.6,83.5,80.78095238095237,48.8,92.0,90.0,96.0,grumbling
2026-01-01T12:00:17.135+00:00,35,replay,sample/replay,engine/SID807,decoded CSV,100%,2.0790023098351393,0.0,0.528,COLD,·,1306.0,2.485484,N,clutch,25.0,,23.0,20.0,21.0,21.0,21.0,21.0,25.0,0.0,25.0,cold,978.0,-8.0,89.0,-97.0,700.0,693.0,7.0,986.0,11.0,14.0,18.94974358974359,19.168076923076924,0.5775004629560334,0.05888865850785267,gaining,16.7,23.0,302.0,306.0,4.0,8.0,7.0,-1.0,0.0,0.0,0.0,78.0,78.0,0.0,14.5,3.6,26.0,11.0,318.763323,621.992371,10294.874728,940.0,164.0,14.855072463768115,0.0,0.0,0.0,0.0,74.13652244970075,65.0,90.12469768914212,52.0,84.0,80.89880952380952,49.25,92.0,90.0,96.0,grumbling
2026-01-01T12:00:17.653+00:00,36,replay,sample/replay,engine/SID807,decoded CSV,100%,1.9305023498963707,0.0,0.533,COLD,·,1304.0,3.7282260000000003,N,clutch,24.0,,23.0,19.0,21.0,21.0,21.0,21.0,24.0,0.0,24.0,cold,982.0,-4.0,107.0,-111.0,724.0,725.0,-1.0,986.0,11.0,15.0,20.116153846153846,20.00698717948718,1.07250097369182,0.10936466313081634,pulling,17.8,23.0,320.0,313.0,-7.0,7.0,7.0,0.0,0.0,0.0,0.0,82.0,80.0,-2.0,14.3,3.6,27.0,11.0,318.763323,621.992371,10294.874728,940.0,164.0,14.855072463768115,0.0,0.0,0.0,0.0,65.7437984496124,48.0,78.0,51.6,88.08333333333333,80.71601731601731,48.8,92.0,89.72727272727273,96.0,grumbling
2026-01-01T12:00:18.120+00:00,37,replay,sample/replay,engine/SID807,decoded CSV,100%,2.1413275881433984,0.0,0.533,COLD,·,1194.0,4.970968,N,clutch,24.0,,23.0,19.0,21.0,21.0,21.0,21.0,24.0,0.0,24.0,cold,994.0,8.0,117.0,-109.0,740.0,731.0,9.0,986.0,11.0,16.0,21.259999999999998,21.321666666666665,1.1896260698155745,0.12130809907721542,pulling,19.5,23.0,352.0,334.0,-18.0,4.0,4.0,0.0,0.0,0.0,0.0,86.0,82.0,-4.0,14.5,3.6,27.0,11.0,318.763323,621.992371,10294.874728,940.0,164.0,14.855072463768115,0.0,0.0,0.0,0.0,65.77093023255814,48.0,78.0,51.6,88.25,80.75930735930737,48.8,92.0,89.9090909090909,96.0,grumbling
2026-01-01T12:00:18.615+00:00,38,replay,sample/replay,engine/SID807,decoded CSV,100%,2.0202015142225074,0.0,0.533,COLD,·,1154.0,6.21371,1,clutch,24.0,,23.0,19.0,21.0,21.0,21.0,21.0,24.0,0.0,24.0,cold,1006.0,21.0,21.0,0.0,685.0,565.0,120.0,985.0,10.0,9.0,13.566410256410258,17.486410256410256,1.122333827344802,0.11444620001170655,pulling,12.8,19.0,267.0,308.0,41.0,4.0,5.0,1.0,0.0,0.0,0.0,76.0,82.0,6.0,14.3,3.6,27.0,10.0,318.763323,621.992371,10294.874728,940.0,164.0,14.855072463768115,0.0,0.0,0.0,0.0,78.49381411636742,81.75,92.80976713358658,51.6,76.8125,79.26834733893556,48.8,92.0,83.6470588235294,96.0,grumbling
2026-01-01T12:00:19.088+00:00,39,replay,sample/replay,engine/SID807,decoded CSV,100%,2.114165748863983,0.0,0.533,COLD,·,1249.0,6.21371,1,cruise,24.0,,23.0,19.0,21.0,21.0,21.0,21.0,24.0,0.0,24.0,cold,990.0,4.0,36.0,-32.0,491.0,500.0,-9.0,986.0,10.0,14.0,14.286923076923076,12.892756410256409,0.0,0.0,steady,9.3,23.0,263.0,255.0,-8.0,13.0,13.0,0.0,0.0,0.0,0.0,76.0,80.0,4.0,14.200000000000001,3.6,27.0,10.0,318.763323,621.992371,10294.874728,940.0,164.0,14.855072463768115,6.160000000000025,-2.5400000000000205,-2.930000000000007,-0.6899999999999977,81.16144356379337,87.6875,92.35280488287432,51.6,84.0,80.78095238095237,48.8,92.0,90.0,96.0,grumbling
2026-01-01T12:00:19.561+00:00,40,replay,sample/replay,engine/SID807,decoded CSV,100%,2.1141646832057566,0.0,0.533,COLD,·,1332.0,6.835081,1,accelerating,25.0,,23.0,19.0,21.0,21.0,21.0,21.0,25.0,0.0,25.0,cold,983.0,-3.0,69.0,-72.0,615.0,617.0,-2.0,986.0,9.0,17.0,18.485384615384614,16.942884615384614,0.5872677858705398,0.05988464826118398,gaining,14.600000000000001,23.0,279.0,281.0,2.0,12.0,13.0,1.0,0.0,0.0,0.0,76.0,78.0,2.0,14.5,3.6,27.0,9.0,318.763323,621.992371,10294.874728,940.0,164.0,14.855072463768115,0.0,0.0,0.0,0.0,81.93426581583076,92.875,90.17822867204812,52.0,84.0,80.89880952380952,49.25,92.0,90.0,96.0,grumbling
2026-01-01T12:00:20.047+00:00,41,replay,sample/replay,engine/SID807,decoded CSV,100%,2.0576129103153797,0.0,0.533,COLD,·,1409.0,7.4564520000000005,1,accelerating,25.0,,23.0,19.0,20.0,21.0,20.0,21.0,25.0,-1.0,25.0,cold,982.0,-3.0,67.0,-70.0,662.0,639.0,23.0,985.0,11.0,16.0,18.146666666666665,17.735,0.5715589649275918,0.05828279432095485,gaining,14.3,23.0,274.0,290.0,16.0,13.0,11.0,-2.0,0.0,0.0,0.0,77.0,78.0,1.0,14.5,3.6,27.0,11.0,318.763323,621.992371,10294.874728,940.0,164.0,14.855072463768115,0.0,0.0,0.0,0.0,82.33610752225094,94.0,90.43017489711934,52.0,84.0,80.89880952380952,49.25,92.0,90.0,96.0,grumbling
2026-01-01T12:00:20.544+00:00,42,replay,sample/replay,engine/SID807,decoded CSV,100%,2.012072519547206,0.0,0.533,COLD,·,1476.0,8.077823,1,accelerating,25.0,,23.0,19.0,20.0,21.0,20.0,21.0,25.0,-1.0,25.0,cold,981.0,-6.0,50.0,-56.0,611.0,605.0,6.0,987.0,10.0,16.0,16.326923076923077,15.63275641025641,0.5589088602945161,0.0569928426419334,gaining,10.600000000000001,23.0,261.0,275.0,14.0,17.0,16.0,-1.0,0.0,0.0,0.0,76.0,78.0,2.0,14.5,3.6,27.0,10.0,318.763323,621.992371,10294.874728,940.0,164.0,14.855072463768115,0.0,0.0,0.0,0.0,82.6838272847236,94.0,91.426971549541,52.0,84.0,80.89880952380952,49.25,92.0,90.0,96.0,grumbling
2026-01-01T12:00:21.080+00:00,43,replay,sample/replay,engine/SID807,decoded CSV,100%,1.8656715953182776,0.0,0.533,COLD,·,1492.0,8.077823,1,cruise,25.0,,23.0,19.0,20.0,20.0,20.0,20.0,25.0,0.0,25.0,cold,978.0,-8.0,47.0,-55.0,600.0,590.0,10.0,986.0,10.0,16.0,15.504615384615384,14.80794871794872,0.0,0.0,steady,8.8,23.0,258.0,272.0,14.0,19.0,18.0,-1.0,0.0,0.0,0.0,76.0,77.0,1.0,14.200000000000001,3.6,28.0,10.0,318.763323,621.992371,10294.874728,940.0,164.0,14.855072463768115,0.0,0.0,0.0,0.0,82.84795407363237,94.0,91.89746834441279,52.0,84.0,80.89880952380952,49.25,92.0,90.0,96.0,grumbling
2026-01-01T12:00:21.691+00:00,44,replay,sample/replay,engine/SID807,decoded CSV,100%,1.636661047636886,0.0,0.533,COLD,·,1510.0,8.077823,1,cruise,24.0,,23.0,19.0,20.0,20.0,20.0,20.0,24.0,0.0,24.0,cold,975.0,-11.0,45.0,-56.0,573.0,570.0,3.0,986.0,10.0,17.0,15.239743589743588,13.438910256410256,0.0,0.0,steady,7.6000000000000005,23.0,257.0,251.0,-6.0,20.0,20.0,0.0,0.0,0.0,0.0,76.0,76.0,0.0,14.3,3.6,29.0,10.0,318.763323,621.992371,10294.874728,940.0,164.0,14.855072463768115,0.0,0.0,0.0,0.0,82.80658866417103,94.0,92.01888750395695,51.6,84.0,80.78095238095237,48.8,92.0,90.0,96.0,grumbling
2026-01-01T12:00:22.200+00:00,45,replay,sample/replay,engine/SID807,decoded CSV,100%,1.9646362992944404,0.0,0.533,COLD,·,1507.0,8.077823,1,cruise,25.0,,23.0,19.0,20.0,20.0,20.0,20.0,25.0,0.0,25.0,cold,977.0,-9.0,42.0,-51.0,573.0,574.0,-1.0,986.0,10.0,0.0,9.478717948717948,13.47121794871795,0.0,0.0,steady,8.1,23.0,257.0,247.0,-10.0,20.0,20.0,0.0,0.0,0.0,0.0,76.0,76.0,0.0,14.3,3.6,30.0,10.0,318.763323,621.992371,10294.874728,940.0,164.0,14.855072463768115,0.0,0.0,0.0,0.0,84.07853261169637,94.0,95.42512682019627,52.0,84.0,80.89880952380952,49.25,92.0,90.0,96.0,grumbling
2026-01-01T12:00:22.669+00:00,46,replay,sample/replay,engine/SID807,decoded CSV,100%,2.132196786380957,0.0,0.533,COLD,·,1439.0,8.077823,1,cruise,25.0,,23.0,19.0,20.0,20.0,20.0,20.0,25.0,0.0,25.0,cold,964.0,-22.0,14.0,-36.0,473.0,477.0,-4.0,986.0,12.0,0.0,7.359743589743589,15.210576923076925,0.0,0.0,steady,5.0,23.0,417.0,349.0,-68.0,0.0,1.0,1.0,0.0,0.0,0.0,98.0,93.0,-5.0,14.200000000000001,3.6,32.0,12.0,318.763323,621.992371,10294.874728,940.0,164.0,14.855072463768115,10.70999999999998,-4.410000000000025,-5.089999999999975,-1.1999999999999886,84.27906976744187,94.0,96.0,52.0,84.0,80.89880952380952,49.25,92.0,90.0,96.0,grumbling
2026-01-01T12:00:23.159+00:00,47,replay,sample/replay,engine/SID807,decoded CSV,100%,2.040816286810733,0.0,0.533,COLD,·,1264.0,6.835081,1,decelerating,25.0,,23.0,19.0,20.0,20.0,20.0,20.0,25.0,0.0,25.0,cold,981.0,-5.0,14.0,-19.0,416.0,403.0,13.0,986.0,16.0,0.0,5.751025641025641,15.269358974358974,-1.1337864752395306,-0.11561404508568478,braking/down,2.1,23.0,412.0,406.0,-6.0,0.0,0.0,0.0,0.0,0.0,0.0,95.0,93.0,-2.0,14.5,3.6,33.0,16.0,318.763323,621.992371,10294.874728,940.0,164.0,14.855072463768115,70.50999999999999,-29.029999999999973,-33.54000000000002,-7.930000000000007,82.77906976744187,88.625,96.0,52.0,84.0,80.89880952380952,49.25,92.0,90.0,96.0,grumbling
2026-01-01T12:00:23.708+00:00,48,replay,sample/replay,engine/SID807,decoded CSV,100%,1.8214935425047325,0.0,0.533,COLD,·,1079.0,6.21371,1,decelerating,25.0,,23.0,19.0,21.0,20.0,21.0,20.0,25.0,1.0,25.0,cold,957.0,-29.0,14.0,-43.0,426.0,399.0,27.0,986.0,5.0,0.0,4.766666666666667,3.299166666666667,-0.5059702719384295,-0.05159460895804679,easing,0.0,22.0,402.0,123.0,-279.0,60.0,52.0,-8.0,95.0,94.0,-1.0,90.0,89.0,-1.0,14.3,3.6,36.0,5.0,318.763323,621.992371,10294.874728,940.0,164.0,14.855072463768115,90.10000000000002,-37.10000000000002,-42.860000000000014,-10.139999999999986,77.15116279069768,77.0625,96.0,52.0,69.25,77.5746336996337,49.25,92.0,76.03846153846153,96.0,grumbling
2026-01-01T12:00:24.211+00:00,49,replay,sample/replay,engine/SID807,decoded CSV,100%,1.9880714876512926,0.0,0.533,COLD,·,930.0,4.970968,1,decelerating,25.0,,23.0,19.0,22.0,20.0,22.0,20.0,25.0,2.0,25.0,cold,965.0,-21.0,14.0,-35.0,402.0,344.0,58.0,986.0,3.0,0.0,4.9,2.2800000000000002,-1.1044838181053822,-0.11262600562938234,braking/down,1.3,22.0,241.0,92.0,-149.0,43.0,60.0,17.0,0.0,77.0,77.0,81.0,88.0,7.0,14.5,3.6,36.0,3.0,318.763323,621.992371,10294.874728,940.0,164.0,14.855072463768115,78.48000000000002,-32.31,-37.329999999999984,-8.829999999999984,76.31589147286823,67.75,96.0,52.0,80.08333333333333,79.95558608058607,49.25,92.0,86.03846153846153,96.0,grumbling
2026-01-01T12:00:24.749+00:00,50,replay,sample/replay,engine/SID807,decoded CSV,100%,1.8587365141688474,0.0,0.533,COLD,·,845.0,4.349597,1,decelerating,25.0,,23.0,19.0,22.0,20.0,22.0,20.0,25.0,2.0,25.0,cold,982.0,-4.0,14.0,-18.0,318.0,297.0,21.0,986.0,5.0,0.0,5.8943589743589735,6.381858974358975,-0.5163155386445498,-0.05264953257682795,easing,4.7,22.0,237.0,197.0,-40.0,25.0,25.0,0.0,0.0,3.0,3.0,76.0,83.0,7.0,14.5,3.6,37.0,5.0,318.763323,621.992371,10294.874728,940.0,164.0,14.855072463768115,53.52999999999997,-22.04000000000002,-25.45999999999998,-6.019999999999982,75.47093023255815,62.4375,96.0,52.0,84.0,80.89880952380952,49.25,92.0,90.0,96.0,grumbling
2026-01-01T12:00:25.226+00:00,51,replay,sample/replay,engine/SID807,decoded CSV,100%,2.0964360670830913,0.0,0.533,COLD,·,830.0,4.349597,1,cruise,25.0,,23.0,19.0,22.0,20.0,22.0,20.0,25.0,2.0,25.0,cold,981.0,-5.0,14.0,-19.0,310.0,307.0,3.0,986.0,5.0,0.0,6.687948717948718,7.005448717948718,0.0,0.0,steady,6.2,23.0,245.0,201.0,-44.0,24.0,25.0,1.0,0.0,0.0,0.0,76.0,78.0,2.0,14.5,3.6,38.0,5.0,318.763323,621.992371,10294.874728,940.0,164.0,14.855072463768115,33.870000000000005,-13.939999999999998,-16.110000000000014,-3.8100000000000023,75.2093023255814,61.5,96.0,52.0,84.0,80.89880952380952,49.25,92.0,90.0,96.0,grumbling
2026-01-01T12:00:25.707+00:00,52,replay,sample/replay,engine/SID807,decoded CSV,100%,2.0790012793308024,0.0,0.533,COLD,·,832.0,4.349597,1,cruise,25.0,,23.0,19.0,21.0,20.0,21.0,20.0,25.0,1.0,25.0,cold,980.0,-6.0,14.0,-20.0,316.0,322.0,-6.0,986.0,5.0,0.0,7.018717948717949,7.920384615384616,0.0,0.0,steady,6.800000000000001,23.0,249.0,218.0,-31.0,20.0,20.0,0.0,0.0,0.0,0.0,76.0,75.0,-1.0,14.3,3.6,38.0,5.0,318.763323,621.992371,10294.874728,940.0,164.0,14.855072463768115,27.610000000000014,-11.370000000000005,-13.129999999999995,-3.1000000000000227,75.24418604651163,61.625,96.0,52.0,84.0,80.89880952380952,49.25,92.0,90.0,96.0,grumbling
2026-01-01T12:00:26.190+00:00,53,replay,sample/replay,engine/SID807,decoded CSV,100%,2.0703942250356393,0.0,0.539,COLD,·,832.0,4.349597,N,clutch,25.0,,23.0,19.0,21.0,20.0,21.0,20.0,25.0,1.0,25.0,cold,980.0,-6.0,14.0,-20.0,328.0,326.0,2.0,986.0,5.0,0.0,7.0492307692307685,8.41673076923077,0.0,0.0,steady,7.2,22.0,246.0,225.0,-21.0,17.0,17.0,0.0,0.0,0.0,0.0,76.0,75.0,-1.0,14.5,3.6,38.0,5.0,318.763323,621.992371,10294.874728,940.0,164.0,14.855072463768115,24.04000000000002,-9.889999999999986,-11.430000000000007,-2.6999999999999886,71.86046511627907,72.0,78.0,52.0,84.0,80.89880952380952,49.25,92.0,90.0,96.0,grumbling
2026-01-01T12:00:26.718+00:00,54,replay,sample/replay,engine/SID807,decoded CSV,100%,1.8939389765975057,0.0,0.539,COLD,·,812.0,4.349597,N,clutch,25.0,,23.0,19.0,21.0,20.0,21.0,20.0,25.0,1.0,25.0,cold,979.0,-8.0,13.0,-21.0,322.0,319.0,3.0,987.0,6.0,0.0,7.1810256410256414,8.53602564102564,0.0,0.0,steady,7.300000000000001,23.0,246.0,230.0,-16.0,16.0,16.0,0.0,0.0,0.0,0.0,76.0,75.0,-1.0,14.5,3.6,38.0,6.0,318.763323,621.992371,10294.874728,940.0,164.0,14.855072463768115,23.139999999999986,-9.529999999999973,-11.009999999999991,-2.6000000000000227,71.86046511627907,72.0,78.0,52.0,84.0,80.89880952380952,49.25,92.0,90.0,96.0,grumbling
2026-01-01T12:00:27.159+00:00,55,replay,sample/replay,engine/SID807,decoded CSV,100%,2.2675737746041493,0.0,0.539,COLD,·,805.0,4.349597,N,braking,25.0,,23.0,19.0,21.0,20.0,21.0,20.0,25.0,1.0,25.0,cold,979.0,-8.0,13.0,-21.0,324.0,319.0,5.0,987.0,5.0,0.0,6.95025641025641,8.48275641025641,0.0,0.0,steady,6.7,23.0,245.0,235.0,-10.0,15.0,15.0,0.0,0.0,0.0,0.0,76.0,75.0,-1.0,14.3,3.6,39.0,5.0,318.763323,621.992371,10294.874728,940.0,164.0,14.855072463768115,28.5,-11.730000000000018,-13.560000000000002,-3.1999999999999886,71.86046511627907,72.0,78.0,52.0,84.0,80.89880952380952,49.25,92.0,90.0,96.0,grumbling
2026-01-01T12:00:27.589+00:00,56,replay,sample/replay,engine/SID807,decoded CSV,100%,2.3255810343039927,0.0,0.539,COLD,·,802.0,3.7282260000000003,1,braking,25.0,,23.0,19.0,21.0,20.0,21.0,20.0,25.0,1.0,25.0,cold,979.0,-7.0,14.0,-21.0,317.0,318.0,-1.0,986.0,5.0,0.0,6.9151282051282035,8.537628205128204,-0.6459945318958428,-0.06587310976692783,easing,6.6000000000000005,23.0,246.0,239.0,-7.0,14.0,14.0,0.0,0.0,0.0,0.0,76.0,75.0,-1.0,14.5,3.6,39.0,5.0,318.763323,621.992371,10294.874728,940.0,164.0,14.855072463768115,29.399999999999977,-12.100000000000023,-13.980000000000018,-3.3000000000000114,74.72093023255815,59.75,96.0,52.0,84.0,80.89880952380952,49.25,92.0,90.0,96.0,grumbling
2026-01-01T12:00:28.041+00:00,57,replay,sample/replay,engine/SID807,decoded CSV,100%,2.2123898566587106,0.0,0.539,COLD,·,804.0,2.485484,1,braking,25.0,,23.0,19.0,21.0,20.0,21.0,20.0,25.0,1.0,25.0,cold,979.0,-7.0,14.0,-21.0,321.0,319.0,2.0,986.0,5.0,0.0,6.7333333333333325,8.42,-1.2291050956657705,-0.1253338393504174,braking/down,6.5,22.0,245.0,236.0,-9.0,14.0,14.0,0.0,0.0,0.0,0.0,76.0,75.0,-1.0,14.200000000000001,3.6,38.0,5.0,318.763323,621.992371,10294.874728,940.0,164.0,14.855072463768115,30.29000000000002,-12.470000000000027,-14.410000000000025,-3.3999999999999773,74.75581395348837,59.875,96.0,52.0,84.0,80.89880952380952,49.25,92.0,90.0,96.0,grumbling
2026-01-01T12:00:28.489+00:00,58,replay,sample/replay,engine/SID807,decoded CSV,100%,2.232143085221878,0.0,0.539,COLD,·,808.0,1.242742,N,braking,25.0,,23.0,19.0,21.0,20.0,21.0,20.0,25.0,1.0,25.0,cold,979.0,-8.0,13.0,-21.0,321.0,319.0,2.0,987.0,5.0,0.0,6.723333333333333,9.033333333333333,-1.2400791081390996,-0.12645287719446494,braking/down,6.5,22.0,245.0,252.0,7.0,13.0,13.0,0.0,0.0,0.0,0.0,76.0,75.0,-1.0,14.5,3.6,39.0,5.0,318.763323,621.992371,10294.874728,940.0,164.0,14.855072463768115,30.29000000000002,-12.470000000000027,-14.410000000000025,-3.3999999999999773,76.18604651162792,65.0,96.0,52.0,84.0,80.89880952380952,49.25,92.0,90.0,96.0,grumbling
2026-01-01T12:00:28.923+00:00,59,replay,sample/replay,engine/SID807,decoded CSV,100%,2.304147384427422,0.0,0.539,COLD,·,811.0,0.621371,N,idle,25.0,,23.0,19.0,21.0,20.0,21.0,20.0,25.0,1.0,25.0,cold,978.0,-8.0,14.0,-22.0,317.0,318.0,-1.0,986.0,5.0,0.0,6.953589743589744,8.343589743589744,-0.6400407421054224,-0.06526599216913241,easing,6.7,23.0,246.0,232.0,-14.0,12.0,13.0,1.0,0.0,0.0,0.0,76.0,75.0,-1.0,14.200000000000001,3.6,38.0,5.0,318.763323,621.992371,10294.874728,940.0,164.0,14.855072463768115,28.5,-11.730000000000018,-13.560000000000002,-3.1999999999999886,62.930232558139544,60.0,62.0,52.0,84.0,80.89880952380952,49.25,92.0,90.0,96.0,grumbling
2026-01-01T12:00:29.360+00:00,60,replay,sample/replay,engine/SID807,decoded CSV,100%,2.2883293296837652,0.0,0.539,COLD,·,801.0,0.0,N,idle,25.0,,23.0,19.0,21.0,20.0,21.0,20.0,25.0,1.0,25.0,cold,979.0,-7.0,14.0,-21.0,319.0,318.0,1.0,986.0,5.0,0.0,6.726666666666667,8.996666666666666,-0.6356468393693308,-0.06481793878330834,easing,6.5,22.0,245.0,252.0,7.0,12.0,13.0,1.0,0.0,0.0,0.0,76.0,75.0,-1.0,14.200000000000001,3.6,38.0,5.0,318.763323,621.992371,10294.874728,940.0,164.0,14.855072463768115,30.29000000000002,-12.470000000000027,-14.410000000000025,-3.3999999999999773,62.930232558139544,60.0,62.0,52.0,84.0,80.89880952380952,49.25,92.0,90.0,96.0,grumbling
2026-01-01T12:00:29.826+00:00,61,replay,sample/replay,engine/SID807,decoded CSV,100%,2.145922377882127,0.0,0.539,COLD,·,799.0,0.0,N,idle,25.0,,23.0,19.0,21.0,20.0,21.0,20.0,25.0,1.0,25.0,cold,979.0,-7.0,14.0,-21.0,314.0,318.0,-4.0,986.0,5.0,0.0,6.9151282051282035,8.81096153846154,0.0,0.0,steady,6.6000000000000005,23.0,246.0,247.0,1.0,13.0,13.0,0.0,0.0,0.0,0.0,76.0,76.0,0.0,14.600000000000001,3.6,38.0,5.0,318.763323,621.992371,10294.874728,940.0,164.0,14.855072463768115,29.399999999999977,-12.100000000000023,-13.980000000000018,-3.3000000000000114,62.930232558139544,60.0,62.0,52.0,84.0,80.89880952380952,49.25,92.0,90.0,96.0,grumbling
2026-01-01T12:00:30.367+00:00,62,replay,sample/replay,engine/SID807,decoded CSV,100%,1.84842921346532,0.0,0.539,COLD,·,808.0,0.0,N,idle,25.0,,23.0,19.0,21.0,20.0,21.0,20.0,25.0,1.0,25.0,cold,979.0,-7.0,14.0,-21.0,321.0,317.0,4.0,986.0,5.0,0.0,6.489230769230769,8.727564102564102,0.0,0.0,steady,5.9,22.0,246.0,250.0,4.0,13.0,13.0,0.0,0.0,0.0,0.0,76.0,76.0,0.0,14.3,3.6,38.0,5.0,318.763323,621.992371,10294.874728,940.0,164.0,14.855072463768115,93.95999999999998,-39.39999999999998,-43.639999999999986,-10.920000000000016,62.930232558139544,60.0,62.0,52.0,84.0,80.89880952380952,49.25,92.0,90.0,96.0,grumbling
2026-01-01T12:00:30.803+00:00,63,replay,sample/replay,engine/SID807,decoded CSV,100%,2.2935774097358967,0.0,0.539,COLD,·,806.0,0.0,N,idle,25.0,,23.0,19.0,21.0,20.0,21.0,20.0,25.0,1.0,25.0,cold,979.0,-7.0,14.0,-21.0,313.0,313.0,0.0,986.0,5.0,0.0,6.535641025641025,8.515641025641026,0.0,0.0,steady,5.7,23.0,245.0,248.0,3.0,13.0,13.0,0.0,0.0,0.0,0.0,76.0,76.0,0.0,14.200000000000001,3.6,38.0,5.0,318.763323,621.992371,10294.874728,940.0,164.0,14.855072463768115,101.92000000000002,-40.56,-48.639999999999986,-12.720000000000027,62.930232558139544,60.0,62.0,52.0,84.0,80.89880952380952,49.25,92.0,90.0,96.0,grumbling
2026-01-01T12:00:31.428+00:00,64,replay,sample/replay,engine/SID807,decoded CSV,100%,1.6,0.0,0.539,COLD,·,1371.0,0.0,N,idle,25.0,,23.0,19.0,21.0,20.0,21.0,20.0,25.0,1.0,25.0,cold,974.0,-12.0,333.0,-345.0,314.0,362.0,-48.0,986.0,9.0,12.0,18.017692307692307,13.833525641025641,0.0,0.0,steady,15.100000000000001,24.0,433.0,243.0,-190.0,0.0,5.0,5.0,0.0,0.0,0.0,95.0,88.0,-7.0,14.5,3.6,38.0,9.0,318.763323,621.992371,10294.874728,940.0,164.0,14.855072463768115,0.0,0.0,0.0,0.0,55.78382468694096,51.89203846153846,62.0,52.0,53.99999999999999,73.71765734265733,49.25,92.0,59.83916083916084,96.0,grumbling
2026-01-01T12:00:31.953+00:00,65,replay,sample/replay,engine/SID807,decoded CSV,100%,1.9047624237684768,0.0,0.539,COLD,·,1360.0,0.621371,N,idle,25.0,,23.0,19.0,21.0,20.0,21.0,20.0,25.0,1.0,25.0,cold,977.0,-9.0,72.0,-81.0,627.0,620.0,7.0,986.0,12.0,15.0,17.216153846153848,18.29698717948718,0.5291005095779715,0.053953236791154116,gaining,12.600000000000001,24.0,279.0,333.0,54.0,6.0,6.0,0.0,0.0,0.0,0.0,78.0,83.0,5.0,14.3,3.6,39.0,12.0,318.763323,621.992371,10294.874728,940.0,164.0,14.855072463768115,0.0,0.0,0.0,0.0,60.39145974955279,50.90273076923077,62.0,52.0,84.0,80.89880952380952,49.25,92.0,90.0,96.0,grumbling
2026-01-01T12:00:32.432+00:00,66,replay,sample/replay,engine/SID807,decoded CSV,100%,2.087682273208725,0.0,0.539,COLD,·,1304.0,2.485484,N,clutch,25.0,,23.0,19.0,21.0,20.0,21.0,20.0,25.0,1.0,25.0,cold,994.0,8.0,189.0,-181.0,719.0,707.0,12.0,986.0,11.0,17.0,21.939230769230768,20.755064102564102,1.739734689441612,0.17740356691037326,pulling,18.900000000000002,23.0,379.0,319.0,-60.0,2.0,4.0,2.0,0.0,0.0,0.0,89.0,82.0,-7.0,14.5,3.6,39.0,11.0,318.763323,621.992371,10294.874728,940.0,164.0,14.855072463768115,0.0,0.0,0.0,0.0,73.35916270511717,65.0,88.71293308800253,52.0,82.25,79.31872294372293,49.25,92.0,83.36363636363636,96.0,grumbling
2026-01-01T12:00:32.882+00:00,67,replay,sample/replay,engine/SID807,decoded CSV,100%,2.2222219867471074,0.0,0.539,COLD,·,1349.0,4.349597,N,accelerating,25.0,,23.0,19.0,20.0,20.0,20.0,20.0,25.0,0.0,25.0,cold,1014.0,28.0,307.0,-279.0,851.0,836.0,15.0,986.0,15.0,20.0,26.721538461538465,26.81070512820513,1.8518510827041317,0.18883625730541334,pulling,23.3,23.0,432.0,399.0,-33.0,0.0,0.0,0.0,0.0,0.0,0.0,97.0,92.0,-5.0,14.3,3.6,39.0,15.0,318.763323,621.992371,10294.874728,940.0,164.0,14.855072463768115,0.0,0.0,0.0,0.0,63.277131782945744,48.0,78.0,52.0,72.41666666666667,76.80790043290044,49.25,92.0,72.81818181818181,96.0,grumbling
2026-01-01T12:00:33.321+00:00,68,replay,sample/replay,engine/SID807,decoded CSV,100%,2.2779048921440785,0.0,0.539,COLD,·,1371.0,6.835081,1,accelerating,25.0,,23.0,19.0,21.0,20.0,21.0,20.0,25.0,1.0,25.0,cold,1061.0,75.0,389.0,-314.0,814.0,810.0,4.0,986.0,14.0,26.0,30.468205128205128,28.608205128205128,2.531004652683305,0.25809064794637365,pulling,25.900000000000002,23.0,481.0,404.0,-77.0,0.0,0.0,0.0,0.0,0.0,0.0,100.0,93.0,-7.0,14.5,3.6,40.0,14.0,318.763323,621.992371,10294.874728,940.0,164.0,14.855072463768115,0.0,0.0,0.0,0.0,74.16152106936991,85.9375,81.8074715099715,52.0,66.08333333333333,75.83054445554446,49.25,92.0,68.71328671328672,96.0,grumbling
2026-01-01T12:00:33.818+00:00,69,replay,sample/replay,engine/SID807,decoded CSV,100%,2.012072519547206,0.0,0.545,COLD,·,1635.0,8.699194,1,accelerating,25.0,,23.0,19.0,21.0,20.0,21.0,20.0,25.0,1.0,25.0,cold,1079.0,92.0,627.0,-535.0,869.0,864.0,5.0,987.0,17.0,29.0,33.06205128205128,30.36705128205128,1.6767265808835492,0.1709785279258003,pulling,22.400000000000002,24.0,558.0,446.0,-112.0,0.0,0.0,0.0,0.0,0.0,0.0,100.0,94.0,-6.0,14.3,3.6,42.0,17.0,318.763323,621.992371,10294.874728,940.0,164.0,14.855072463768115,0.0,0.0,0.0,0.0,74.37406728284635,94.0,81.02388176638176,52.0,55.24666666666667,74.46181318681319,49.25,92.0,62.964615384615385,96.0,grumbling
2026-01-01T12:00:34.249+00:00,70,replay,sample/replay,engine/SID807,decoded CSV,100%,2.3201856456524563,0.0,0.545,COLD,·,1762.0,9.941936,N,clutch,25.0,,23.0,19.0,21.0,20.0,21.0,20.0,25.0,1.0,25.0,cold,1185.0,199.0,482.0,-283.0,1005.0,1008.0,-3.0,986.0,22.0,0.0,22.5374358974359,35.35826923076924,1.2889916265792787,0.1314405660015682,pulling,22.700000000000003,24.0,463.0,493.0,30.0,0.0,0.0,0.0,0.0,0.0,0.0,100.0,100.0,0.0,14.0,3.6,44.0,22.0,318.763323,621.992371,10294.874728,940.0,164.0,14.855072463768115,0.0,0.0,0.0,0.0,63.49418604651162,48.0,78.0,52.0,73.75,77.11093073593074,49.25,92.0,74.0909090909091,96.0,grumbling
2026-01-01T12:00:34.731+00:00,71,replay,sample/replay,engine/SID807,decoded CSV,100%,2.074688312298587,0.0,0.545,COLD,·,1330.0,9.941936,N,clutch,25.0,,23.0,19.0,20.0,20.0,20.0,20.0,25.0,0.0,25.0,cold,1140.0,153.0,13.0,140.0,804.0,507.0,297.0,987.0,17.0,24.0,13.126666666666667,21.655833333333334,0.0,0.0,steady,0.0,17.0,417.0,455.0,38.0,0.0,0.0,0.0,0.0,0.0,0.0,99.0,100.0,1.0,14.600000000000001,3.6,46.0,17.0,318.763323,621.992371,10294.874728,940.0,164.0,14.855072463768115,0.0,0.0,0.0,0.0,61.03875968992249,48.0,78.0,52.0,58.66666666666667,75.44426406926407,49.25,92.0,67.0909090909091,96.0,grumbling
2026-01-01T12:00:35.195+00:00,72,replay,sample/replay,engine/SID807,decoded CSV,100%,2.15517247580745,0.0,0.545,COLD,·,1051.0,10.563307,N,accelerating,25.0,,23.0,19.0,20.0,20.0,20.0,20.0,25.0,0.0,25.0,cold,1148.0,162.0,257.0,-95.0,645.0,678.0,-33.0,986.0,16.0,28.0,27.268205128205132,29.6898717948718,0.5986588358468917,0.061046212095556766,gaining,20.700000000000003,25.0,404.0,506.0,102.0,1.0,2.0,1.0,0.0,0.0,0.0,94.0,96.0,2.0,14.3,3.6,47.0,16.0,318.763323,621.992371,10294.874728,940.0,164.0,14.855072463768115,0.0,0.0,0.0,0.0,64.8779069767442,48.0,78.0,52.0,82.25,80.11292873792873,49.25,92.0,86.69930069930071,96.0,grumbling
2026-01-01T12:00:35.649+00:00,73,replay,sample/replay,engine/SID807,decoded CSV,100%,2.202643190313694,0.0,0.545,COLD,·,1172.0,11.806049,2,accelerating,25.0,,23.0,19.0,20.0,20.0,20.0,20.0,25.0,0.0,25.0,cold,1127.0,141.0,430.0,-289.0,681.0,743.0,-62.0,986.0,10.0,33.0,33.339230769230774,28.578397435897436,1.2236902827048632,0.12478168209376936,pulling,26.700000000000003,24.0,508.0,407.0,-101.0,0.0,0.0,0.0,0.0,0.0,0.0,100.0,100.0,0.0,14.5,3.6,47.0,10.0,318.763323,621.992371,10294.874728,940.0,164.0,14.855072463768115,0.0,0.0,0.0,0.0,68.99970458159412,73.5,78.98404202279201,52.0,61.74666666666666,75.75507874478463,49.25,92.0,68.39633072809542,96.0,grumbling
2026-01-01T12:00:36.110+00:00,74,replay,sample/replay,engine/SID807,decoded CSV,100%,2.16919755851082,0.0,0.545,COLD,·,1270.0,12.42742,2,accelerating,25.0,,23.0,19.0,20.0,20.0,20.0,20.0,25.0,0.0,25.0,cold,1111.0,125.0,472.0,-347.0,740.0,770.0,-30.0,986.0,11.0,33.0,33.4776923076923,28.420192307692307,0.6025546909480988,0.06144347875656812,gaining,25.5,24.0,511.0,403.0,-108.0,0.0,0.0,0.0,0.0,0.0,0.0,100.0,100.0,0.0,14.5,3.6,47.0,11.0,318.763323,621.992371,10294.874728,940.0,164.0,14.855072463768115,0.0,0.0,0.0,0.0,70.65388764659113,79.625,79.23981125356126,52.0,60.86,74.57468364968365,49.25,92.0,63.43867132867133,96.0,grumbling
2026-01-01T12:00:36.560+00:00,75,replay,sample/replay,engine/SID807,decoded CSV,100%,2.2222219867471074,0.0,0.55,COLD,·,1385.0,13.670162,2,accelerating,25.0,,23.0,19.0,20.0,20.0,20.0,20.0,25.0,0.0,25.0,cold,1127.0,141.0,470.0,-329.0,821.0,836.0,-15.0,986.0,12.0,33.0,34.20538461538461,30.817884615384614,1.2345673884694208,0.12589083820360886,pulling,26.3,24.0,509.0,427.0,-82.0,0.0,0.0,0.0,0.0,0.0,0.0,100.0,100.0,0.0,14.5,3.6,48.0,12.0,318.763323,621.992371,10294.874728,940.0,164.0,14.855072463768115,0.0,0.0,0.0,0.0,73.0865963526138,86.8125,78.76179843304844,52.0,64.50666666666666,75.43572261072262,49.25,92.0,67.05503496503498,96.0,grumbling
2026-01-01T12:00:37.021+00:00,76,replay,sample/replay,engine/SID807,decoded CSV,100%,2.16919755851082,0.0,0.55,COLD,·,1490.0,14.912904000000001,2,accelerating,25.0,,23.0,19.0,21.0,20.0,21.0,20.0,25.0,1.0,25.0,cold,1170.0,184.0,427.0,-243.0,882.0,886.0,-4.0,986.0,14.0,29.0,32.554871794871794,33.67487179487179,1.2051093818961993,0.12288695751313643,pulling,25.900000000000002,24.0,494.0,468.0,-26.0,0.0,0.0,0.0,0.0,0.0,0.0,98.0,100.0,2.0,14.5,3.6,48.0,14.0,318.763323,621.992371,10294.874728,940.0,164.0,14.855072463768115,0.0,0.0,0.0,0.0,77.23642417014511,93.375,80.31663817663818,52.0,75.41666666666667,77.5871212121212,49.25,92.0,76.0909090909091,96.0,grumbling
2026-01-01T12:00:37.482+00:00,77,replay,sample/replay,engine/SID807,decoded CSV,100%,2.16919755851082,0.0,0.55,COLD,·,1221.0,15.534275000000001,N,clutch,25.0,,23.0,19.0,21.0,20.0,21.0,20.0,25.0,1.0,25.0,cold,1151.0,164.0,13.0,151.0,784.0,656.0,128.0,987.0,12.0,0.0,9.473846153846154,22.883846153846154,0.6025546909480988,0.06144347875656812,gaining,8.200000000000001,21.0,422.0,412.0,-10.0,0.0,0.0,0.0,0.0,0.0,0.0,99.0,95.0,-4.0,14.5,3.6,49.0,12.0,318.763323,621.992371,10294.874728,940.0,164.0,14.855072463768115,0.0,0.0,0.0,0.0,70.78197674418604,72.0,78.0,52.0,77.375,79.27797937356762,49.25,92.0,83.19251336898395,96.0,grumbling
2026-01-01T12:00:37.945+00:00,78,replay,sample/replay,engine/SID807,decoded CSV,100%,2.1598269380003634,0.0,0.55,COLD,·,1061.0,15.534275000000001,3,cruise,25.0,,23.0,19.0,20.0,20.0,20.0,20.0,25.0,0.0,25.0,cold,1077.0,90.0,13.0,77.0,675.0,353.0,322.0,987.0,10.0,19.0,11.773076923076923,17.084743589743592,0.0,0.0,steady,3.7,17.0,261.0,370.0,109.0,1.0,0.0,-1.0,0.0,0.0,0.0,76.0,88.0,12.0,14.200000000000001,3.6,50.0,10.0,318.763323,621.992371,10294.874728,940.0,164.0,14.855072463768115,60.920000000000016,-24.339999999999975,-28.810000000000002,-7.75,73.98946980112193,75.9375,93.47536898543844,52.0,57.166666666666664,75.5691391941392,49.25,92.0,67.61538461538461,96.0,grumbling
2026-01-01T12:00:38.389+00:00,79,replay,sample/replay,engine/SID807,decoded CSV,100%,2.2522522232263724,0.0,0.55,COLD,·,959.0,16.155646,3,accelerating,25.0,,23.0,19.0,20.0,20.0,20.0,20.0,25.0,0.0,25.0,cold,1041.0,56.0,221.0,-165.0,562.0,561.0,1.0,985.0,6.0,21.0,24.108974358974358,21.41897435897436,0.6256254240093301,0.06379603881135047,gaining,22.6,23.0,402.0,336.0,-66.0,0.0,1.0,1.0,0.0,0.0,0.0,93.0,92.0,-1.0,14.5,3.6,50.0,6.0,318.763323,621.992371,10294.874728,940.0,164.0,14.855072463768115,0.0,0.0,0.0,0.0,71.3147299244683,60.1875,86.08000356125355,52.0,83.58333333333333,79.6650432900433,49.25,92.0,84.81818181818181,96.0,grumbling
2026-01-01T12:00:38.868+00:00,80,replay,sample/replay,engine/SID807,decoded CSV,100%,2.087682273208725,0.0,0.55,COLD,·,983.0,16.155646,3,cruise,25.0,,23.0,19.0,20.0,20.0,20.0,20.0,25.0,0.0,25.0,cold,1027.0,42.0,157.0,-115.0,601.0,604.0,-3.0,985.0,7.0,21.0,23.79025641025641,23.022756410256406,0.0,0.0,steady,22.3,24.0,385.0,379.0,-6.0,0.0,0.0,0.0,0.0,0.0,0.0,93.0,92.0,-1.0,14.5,3.6,50.0,7.0,318.763323,621.992371,10294.874728,940.0,164.0,14.855072463768115,0.0,0.0,0.0,0.0,72.45108576823694,61.6875,86.19311253561253,52.0,87.75,80.74729437229436,49.25,92.0,89.36363636363636,96.0,grumbling
2026-01-01T12:00:39.359+00:00,81,replay,sample/replay,engine/SID807,decoded CSV,100%,2.0366601388849097,0.0,0.55,COLD,·,1019.0,16.777017,3,accelerating,25.0,,23.0,19.0,20.0,20.0,20.0,20.0,25.0,0.0,25.0,cold,1022.0,37.0,68.0,-31.0,583.0,577.0,6.0,985.0,6.0,21.0,21.79717948717949,21.116346153846155,0.565738752441984,0.05768929781749976,gaining,19.900000000000002,24.0,340.0,355.0,15.0,2.0,1.0,-1.0,0.0,0.0,0.0,86.0,91.0,5.0,14.5,3.6,49.0,6.0,318.763323,621.992371,10294.874728,940.0,164.0,14.855072463768115,0.0,0.0,0.0,0.0,74.4090352315643,63.9375,87.55590099715099,52.0,93.0,80.89880952380952,49.25,92.0,90.0,96.0,grumbling
2026-01-01T12:00:39.818+00:00,82,replay,sample/replay,engine/SID807,decoded CSV,100%,2.1786498440409625,0.0,0.55,COLD,·,1037.0,17.398388,3,accelerating,25.0,,23.0,19.0,20.0,20.0,20.0,20.0,25.0,0.0,25.0,cold,1017.0,31.0,71.0,-40.0,578.0,591.0,-13.0,986.0,6.0,22.0,22.27051282051282,21.08051282051282,0.6051803250052744,0.06171121891831303,gaining,19.900000000000002,24.0,339.0,356.0,17.0,3.0,2.0,-1.0,0.0,0.0,0.0,85.0,88.0,3.0,14.3,3.6,49.0,6.0,318.763323,621.992371,10294.874728,940.0,164.0,14.855072463768115,0.0,0.0,0.0,0.0,74.58839569668058,65.0625,87.17006766381766,52.0,93.0,80.89880952380952,49.25,92.0,90.0,96.0,grumbling
2026-01-01T12:00:40.287+00:00,83,replay,sample/replay,engine/SID807,decoded CSV,100%,2.1321957024679112,0.0,0.556,COLD,·,1064.0,17.398388,3,cruise,25.0,,23.0,19.0,20.0,20.0,20.0,20.0,25.0,0.0,25.0,cold,1012.0,26.0,70.0,-44.0,597.0,598.0,-1.0,986.0,6.0,22.0,22.114871794871796,20.196538461538463,0.0,0.0,steady,19.400000000000002,24.0,331.0,334.0,3.0,3.0,3.0,0.0,0.0,0.0,0.0,84.0,86.0,2.0,14.3,3.6,49.0,6.0,318.763323,621.992371,10294.874728,940.0,164.0,14.855072463768115,0.0,0.0,0.0,0.0,75.12440866626913,66.75,87.35663817663817,52.0,93.0,80.89880952380952,49.25,92.0,90.0,96.0,grumbling
2026-01-01T12:00:40.792+00:00,84,replay,sample/replay,engine/SID807,decoded CSV,100%,1.9801985059413452,0.0,0.556,COLD,·,1061.0,18.019759,3,coasting,25.0,,23.0,19.0,20.0,20.0,20.0,20.0,25.0,0.0,25.0,cold,1011.0,25.0,112.0,-87.0,621.0,627.0,-6.0,986.0,6.0,0.0,15.52820512820513,21.017371794871796,0.5500549703654033,0.05608999713106956,gaining,20.700000000000003,24.0,365.0,339.0,-26.0,2.0,3.0,1.0,0.0,0.0,0.0,90.0,87.0,-3.0,14.5,3.6,50.0,6.0,318.763323,621.992371,10294.874728,940.0,164.0,14.855072463768115,0.0,0.0,0.0,0.0,77.84773294463217,75.9375,92.01350110794554,52.0,84.0,80.89880952380952,49.25,92.0,90.0,96.0,grumbling
2026-01-01T12:00:41.558+00:00,85,replay,sample/replay,engine/SID807,decoded CSV,100%,1.3054829734592823,0.0,0.556,COLD,·,1072.0,17.398388,3,coasting,25.0,,23.0,19.0,20.0,20.0,20.0,20.0,25.0,0.0,25.0,cold,991.0,5.0,14.0,-9.0,525.0,520.0,5.0,986.0,7.0,5.0,7.704102564102564,13.437435897435897,-0.3626340471039393,-0.036978381720968866,easing,0.6000000000000001,23.0,394.0,368.0,-26.0,0.0,0.0,0.0,0.0,0.0,0.0,85.0,85.0,0.0,14.5,3.6,50.0,7.0,318.763323,621.992371,10294.874728,940.0,164.0,14.855072463768115,97.44999999999999,-38.94,-46.089999999999975,-12.410000000000025,79.43023255813954,76.625,96.0,52.0,84.0,83.04166666666666,49.25,98.0,90.0,96.0,grumbling
2026-01-01T12:00:42.013+00:00,86,replay,sample/replay,engine/SID807,decoded CSV,100%,2.197801414686265,0.0,0.556,COLD,·,1050.0,17.398388,3,cruise,25.0,,23.0,19.0,20.0,20.0,20.0,20.0,25.0,0.0,25.0,cold,993.0,6.0,15.0,-9.0,429.0,372.0,57.0,987.0,6.0,13.0,11.031282051282052,11.394615384615385,0.0,0.0,steady,4.9,22.0,252.0,288.0,36.0,10.0,10.0,0.0,0.0,7.0,7.0,76.0,82.0,6.0,14.3,3.6,51.0,6.0,318.763323,621.992371,10294.874728,940.0,164.0,14.855072463768115,51.75999999999999,-20.680000000000007,-24.480000000000018,-6.589999999999975,78.33718210980808,75.25,93.96658871478316,52.0,84.0,80.89880952380952,49.25,92.0,90.0,96.0,grumbling
2026-01-01T12:00:42.489+00:00,87,replay,sample/replay,engine/SID807,decoded CSV,100%,2.100841076931091,0.0,0.556,COLD,·,1046.0,17.398388,3,cruise,25.0,,23.0,19.0,20.0,20.0,20.0,20.0,25.0,0.0,25.0,cold,987.0,1.0,19.0,-18.0,446.0,471.0,-25.0,986.0,5.0,16.0,15.658205128205127,13.53820512820513,0.0,0.0,steady,11.600000000000001,24.0,267.0,276.0,9.0,14.0,14.0,0.0,0.0,0.0,0.0,76.0,77.0,1.0,14.5,3.6,51.0,5.0,318.763323,621.992371,10294.874728,940.0,164.0,14.855072463768115,0.0,0.0,0.0,0.0,77.36253430122132,75.0,91.37259833016778,52.0,84.0,80.89880952380952,49.25,92.0,90.0,96.0,grumbling
2026-01-01T12:00:43.027+00:00,88,replay,sample/replay,engine/SID807,decoded CSV,100%,1.8587356904565226,0.0,0.556,COLD,·,1070.0,17.398388,3,cruise,26.0,,23.0,19.0,20.0,20.0,20.0,20.0,26.0,0.0,26.0,cold,982.0,-4.0,33.0,-37.0,481.0,513.0,-32.0,986.0,4.0,23.0,19.79358974358974,14.35025641025641,0.0,0.0,steady,14.5,25.0,268.0,260.0,-8.0,14.0,14.0,0.0,0.0,0.0,0.0,76.0,75.0,-1.0,14.100000000000001,3.6,51.0,4.0,318.763323,621.992371,10294.874728,940.0,164.0,14.855072463768115,0.0,0.0,0.0,0.0,78.51221875759181,76.5,89.02836043842989,52.4,93.0,81.01666666666667,49.7,92.0,90.0,96.0,grumbling
2026-01-01T12:00:43.523+00:00,89,replay,sample/replay,engine/SID807,decoded CSV,100%,2.0161288229285588,0.0,0.556,COLD,·,1085.0,18.019759,3,accelerating,26.0,,23.0,19.0,20.0,20.0,20.0,20.0,26.0,0.0,26.0,cold,979.0,-7.0,281.0,-288.0,655.0,626.0,29.0,986.0,7.0,24.0,25.19230769230769,21.050641025641024,0.5600356108851909,0.057107739226462756,gaining,20.0,23.0,412.0,350.0,-62.0,0.0,1.0,1.0,0.0,0.0,0.0,92.0,82.0,-10.0,14.3,3.6,51.0,7.0,318.763323,621.992371,10294.874728,940.0,164.0,14.855072463768115,0.0,0.0,0.0,0.0,71.17630938183264,68.0625,85.71542022792022,52.4,69.5,76.73095238095237,49.7,92.0,72.0,96.0,grumbling
2026-01-01T12:00:44.021+00:00,90,replay,sample/replay,engine/SID807,decoded CSV,100%,2.008032505363222,0.0,0.556,COLD,·,1121.0,18.64113,3,accelerating,26.0,,23.0,19.0,20.0,20.0,20.0,20.0,26.0,0.0,26.0,cold,995.0,10.0,158.0,-148.0,696.0,682.0,14.0,985.0,7.0,24.0,25.0625641025641,22.900064102564105,0.5577866344794882,0.05687840745611276,gaining,21.5,24.0,376.0,369.0,-7.0,0.0,0.0,0.0,0.0,0.0,0.0,91.0,85.0,-6.0,14.3,3.6,51.0,7.0,318.763323,621.992371,10294.874728,940.0,164.0,14.855072463768115,0.0,0.0,0.0,0.0,73.90988869012125,70.3125,85.29612535612534,52.4,83.33333333333333,79.7612554112554,49.7,92.0,84.72727272727273,96.0,grumbling
2026-01-01T12:00:44.526+00:00,91,replay,sample/replay,engine/SID807,decoded CSV,100%,1.9801975710581627,0.0,0.556,COLD,·,1155.0,19.262501,3,accelerating,26.0,,23.0,19.0,20.0,20.0,20.0,20.0,26.0,0.0,26.0,cold,1009.0,22.0,127.0,-105.0,687.0,674.0,13.0,987.0,7.0,25.0,24.895384615384614,23.487051282051283,0.5500547106757108,0.05608997065009058,gaining,21.1,24.0,364.0,382.0,18.0,0.0,0.0,0.0,0.0,0.0,0.0,89.0,86.0,-3.0,14.3,3.6,51.0,7.0,318.763323,621.992371,10294.874728,940.0,164.0,14.855072463768115,0.0,0.0,0.0,0.0,75.07121844563707,72.4375,85.25304843304843,52.4,86.91666666666667,80.69199134199133,49.7,92.0,88.63636363636364,96.0,grumbling
2026-01-01T12:00:44.964+00:00,92,replay,sample/replay,engine/SID807,decoded CSV,100%,2.28310521173259,0.0,0.562,COLD,·,1193.0,19.883872,3,accelerating,26.0,,23.0,19.0,20.0,20.0,20.0,20.0,26.0,0.0,26.0,cold,1018.0,32.0,168.0,-136.0,715.0,714.0,1.0,986.0,7.0,25.0,25.53358974358974,23.891089743589742,0.6341956959429532,0.064669963335385,gaining,21.0,24.0,375.0,381.0,6.0,0.0,0.0,0.0,0.0,0.0,0.0,90.0,86.0,-4.0,14.3,3.6,51.0,7.0,318.763323,621.992371,10294.874728,940.0,164.0,14.855072463768115,0.0,0.0,0.0,0.0,75.23892491552374,74.8125,85.03936253561253,52.4,84.33333333333333,80.02099567099567,49.7,92.0,85.81818181818181,96.0,grumbling
2026-01-01T12:00:45.451+00:00,93,replay,sample/replay,engine/SID807,decoded CSV,100%,2.053388138601976,0.0,0.562,COLD,·,1231.0,20.505243,3,accelerating,26.0,,23.0,19.0,20.0,20.0,20.0,20.0,26.0,0.0,26.0,cold,1030.0,44.0,167.0,-123.0,714.0,724.0,-10.0,986.0,7.0,26.0,25.90179487179487,24.735128205128202,0.5703854175924908,0.0581631257965249,gaining,20.900000000000002,24.0,373.0,396.0,23.0,0.0,0.0,0.0,0.0,0.0,0.0,89.0,87.0,-2.0,14.3,3.6,52.0,7.0,318.763323,621.992371,10294.874728,940.0,164.0,14.855072463768115,0.0,0.0,0.0,0.0,75.96617595905388,77.1875,84.71859330484331,52.4,85.41666666666667,80.30238095238094,49.7,92.0,87.0,96.0,grumbling
2026-01-01T12:00:45.901+00:00,94,replay,sample/replay,engine/SID807,decoded CSV,100%,2.2222219867471074,0.0,0.562,COLD,·,1213.0,20.505243,3,coasting,26.0,,23.0,19.0,20.0,20.0,20.0,20.0,26.0,0.0,26.0,cold,1037.0,51.0,14.0,37.0,686.0,566.0,120.0,986.0,7.0,0.0,9.545384615384615,19.06955128205128,0.0,0.0,steady,10.700000000000001,19.0,405.0,353.0,-52.0,0.0,3.0,3.0,0.0,0.0,0.0,85.0,86.0,1.0,14.600000000000001,3.6,52.0,7.0,318.763323,621.992371,10294.874728,940.0,164.0,14.855072463768115,0.0,0.0,0.0,0.0,80.98412046699353,85.4375,95.20614533871478,52.4,79.625,82.10910364145658,49.7,98.0,85.58823529411765,96.0,grumbling
2026-01-01T12:00:46.345+00:00,95,replay,sample/replay,engine/SID807,decoded CSV,100%,2.2522522232263724,0.0,0.562,COLD,·,1229.0,20.505243,3,coasting,26.0,,23.0,19.0,20.0,20.0,20.0,20.0,26.0,0.0,26.0,cold,1009.0,23.0,14.0,9.0,490.0,369.0,121.0,986.0,9.0,0.0,5.608974358974359,15.326474358974357,0.0,0.0,steady,3.1,21.0,406.0,377.0,-29.0,0.0,0.0,0.0,0.0,0.0,0.0,85.0,86.0,1.0,14.5,3.6,53.0,9.0,318.763323,621.992371,10294.874728,940.0,164.0,14.855072463768115,76.17000000000002,-30.439999999999998,-36.02999999999997,-9.699999999999989,81.51976744186047,86.4375,96.0,52.4,79.5,82.08109243697479,49.7,98.0,85.47058823529412,96.0,grumbling
2026-01-01T12:00:46.847+00:00,96,replay,sample/replay,engine/SID807,decoded CSV,100%,1.992032447733123,0.0,0.562,COLD,·,1211.0,20.505243,3,coasting,26.0,,23.0,19.0,20.0,20.0,20.0,20.0,26.0,0.0,26.0,cold,945.0,-41.0,14.0,-55.0,428.0,402.0,26.0,986.0,4.0,0.0,4.9366666666666665,2.89,0.0,0.0,steady,0.0,23.0,405.0,97.0,-308.0,60.0,52.0,-8.0,95.0,95.0,0.0,90.0,88.0,-2.0,14.5,3.6,53.0,4.0,318.763323,621.992371,10294.874728,940.0,164.0,14.855072463768115,102.54000000000002,-40.98000000000002,-48.5,-13.060000000000002,79.14379844961239,85.3125,96.0,52.4,66.83333333333333,79.35,49.7,98.0,74.0,96.0,grumbling
2026-01-01T12:00:47.284+00:00,97,replay,sample/replay,engine/SID807,decoded CSV,100%,2.2883293296837652,0.0,0.562,COLD,·,1185.0,19.883872,3,coasting,26.0,,23.0,19.0,22.0,20.0,22.0,20.0,26.0,2.0,26.0,cold,930.0,-56.0,14.0,-70.0,413.0,395.0,18.0,986.0,1.0,0.0,4.89,2.703333333333333,-0.6356468393693306,-0.06481793878330834,easing,0.0,23.0,403.0,57.0,-346.0,60.0,60.0,0.0,95.0,95.0,0.0,90.0,89.0,-1.0,14.3,3.6,53.0,1.0,318.763323,621.992371,10294.874728,940.0,164.0,14.855072463768115,102.54000000000002,-40.98000000000002,-48.5,-13.060000000000002,78.5546511627907,83.6875,96.0,52.4,66.0,79.35,49.7,98.0,74.0,96.0,grumbling
2026-01-01T12:00:47.729+00:00,98,replay,sample/replay,engine/SID807,decoded CSV,100%,2.247191348351027,0.0,0.562,COLD,·,1168.0,19.883872,3,coasting,26.0,,23.0,19.0,24.0,20.0,24.0,20.0,26.0,4.0,26.0,cold,927.0,-60.0,13.0,-73.0,400.0,391.0,9.0,987.0,1.0,0.0,4.8533333333333335,2.5600000000000005,0.0,0.0,steady,0.0,23.0,403.0,53.0,-350.0,60.0,61.0,1.0,95.0,95.0,0.0,90.0,90.0,0.0,14.3,3.6,53.0,1.0,318.763323,621.992371,10294.874728,940.0,164.0,14.855072463768115,102.54000000000002,-40.98000000000002,-48.5,-13.060000000000002,78.25813953488371,82.625,96.0,52.4,66.0,79.35,49.7,98.0,74.0,96.0,grumbling
2026-01-01T12:00:48.157+00:00,99,replay,sample/replay,engine/SID807,decoded CSV,100%,2.3364487439016646,0.0,0.562,COLD,·,1148.0,19.262501,3,coasting,26.0,,23.0,19.0,25.0,20.0,25.0,20.0,26.0,5.0,26.0,cold,929.0,-58.0,13.0,-71.0,391.0,386.0,5.0,987.0,1.0,0.0,4.82,2.4333333333333336,-0.6490133391834716,-0.06618094244043293,easing,0.0,23.0,401.0,53.0,-348.0,60.0,61.0,1.0,95.0,95.0,0.0,90.0,90.0,0.0,14.600000000000001,3.6,53.0,1.0,318.763323,621.992371,10294.874728,940.0,164.0,14.855072463768115,102.54000000000002,-40.98000000000002,-48.5,-13.060000000000002,77.90930232558138,81.375,96.0,52.4,66.0,79.35,49.7,98.0,74.0,96.0,grumbling
2026-01-01T12:00:48.580+00:00,100,replay,sample/replay,engine/SID807,decoded CSV,100%,2.3640656502033885,0.0,0.562,COLD,·,1132.0,18.64113,3,coasting,26.0,,23.0,19.0,26.0,20.0,26.0,20.0,26.0,6.0,26.0,cold,928.0,-58.0,14.0,-72.0,381.0,382.0,-1.0,986.0,1.0,0.0,4.803333333333333,2.3133333333333335,-0.6566846996717259,-0.06696320350698005,easing,0.0,23.0,400.0,52.0,-348.0,60.0,61.0,1.0,95.0,95.0,0.0,90.0,90.0,0.0,14.600000000000001,3.6,53.0,1.0,318.763323,621.992371,10294.874728,940.0,164.0,14.855072463768115,102.54000000000002,-40.98000000000002,-48.5,-13.060000000000002,77.63023255813954,80.375,96.0,52.4,66.0,79.35,49.7,98.0,74.0,96.0,grumbling
2026-01-01T12:00:49.040+00:00,101,replay,sample/replay,engine/SID807,decoded CSV,100%,2.173912863199577,0.0,0.562,COLD,·,1093.0,18.64113,3,coasting,26.0,,23.0,19.0,26.0,20.0,26.0,20.0,26.0,6.0,26.0,cold,930.0,-56.0,14.0,-70.0,374.0,376.0,-2.0,986.0,1.0,0.0,4.763333333333334,2.1366666666666667,0.0,0.0,steady,0.0,23.0,398.0,53.0,-345.0,60.0,61.0,1.0,95.0,95.0,0.0,90.0,90.0,0.0,14.600000000000001,3.6,53.0,1.0,318.763323,621.992371,10294.874728,940.0,164.0,14.855072463768115,102.54000000000002,-40.98000000000002,-48.5,-13.060000000000002,76.94999999999999,77.9375,96.0,52.4,66.0,79.35,49.7,98.0,74.0,96.0,grumbling
2026-01-01T12:00:49.719+00:00,102,replay,sample/replay,engine/SID807,decoded CSV,100%,1.4727542652001522,0.0,0.562,COLD,·,1076.0,18.019759,3,coasting,26.0,,23.0,19.0,26.0,20.0,26.0,20.0,26.0,6.0,26.0,cold,977.0,-10.0,13.0,-23.0,348.0,353.0,-5.0,987.0,4.0,0.0,4.907692307692308,5.664358974358974,-0.40909828043481344,-0.04171641492607705,easing,0.8,23.0,364.0,192.0,-172.0,0.0,13.0,13.0,0.0,6.0,6.0,84.0,89.0,5.0,14.700000000000001,3.6,53.0,4.0,318.763323,621.992371,10294.874728,940.0,164.0,14.855072463768115,93.38,-37.31999999999999,-44.160000000000025,-11.889999999999986,78.63410852713179,76.875,96.0,52.4,78.16666666666667,81.79505494505496,49.7,98.0,84.26923076923077,96.0,grumbling
2026-01-01T12:00:50.142+00:00,103,replay,sample/replay,engine/SID807,decoded CSV,100%,2.3640656502033885,0.0,0.562,COLD,·,1050.0,17.398388,3,coasting,26.0,,23.0,19.0,24.0,20.0,24.0,20.0,26.0,4.0,26.0,cold,936.0,-50.0,14.0,-64.0,370.0,363.0,7.0,986.0,3.0,0.0,4.676666666666667,1.966666666666667,-0.6566846996717259,-0.06696320350698005,easing,0.0,23.0,394.0,71.0,-323.0,60.0,54.0,-6.0,95.0,94.0,-1.0,90.0,90.0,0.0,14.600000000000001,3.6,53.0,3.0,318.763323,621.992371,10294.874728,940.0,164.0,14.855072463768115,102.54000000000002,-40.98000000000002,-48.5,-13.060000000000002,76.2,75.25,96.0,52.4,66.0,79.35,49.7,98.0,74.0,96.0,grumbling
2026-01-01T12:00:50.642+00:00,104,replay,sample/replay,engine/SID807,decoded CSV,100%,2.0,0.0,0.562,COLD,·,989.0,16.777017,3,braking,26.0,,23.0,19.0,25.0,20.0,25.0,20.0,26.0,5.0,26.0,cold,940.0,-46.0,14.0,-60.0,364.0,356.0,8.0,986.0,1.0,0.0,4.48,1.7233333333333336,-0.5555553836799999,-0.056650883194566945,easing,0.0,22.0,391.0,60.0,-331.0,60.0,61.0,1.0,95.0,94.0,-1.0,90.0,90.0,0.0,14.600000000000001,3.6,53.0,1.0,318.763323,621.992371,10294.874728,940.0,164.0,14.855072463768115,102.54000000000002,-40.98000000000002,-48.5,-13.060000000000002,75.13604651162791,71.4375,96.0,52.4,66.0,77.20714285714286,49.7,92.0,74.0,96.0,grumbling
2026-01-01T12:00:51.099+00:00,105,replay,sample/replay,engine/SID807,decoded CSV,100%,2.1881837252458136,0.0,0.562,COLD,·,873.0,14.291533,N,braking,26.0,,23.0,19.0,25.0,20.0,25.0,20.0,26.0,5.0,26.0,cold,979.0,-7.0,14.0,-21.0,345.0,321.0,24.0,986.0,4.0,0.0,4.631282051282051,5.194615384615384,-2.431314498082541,-0.24792508125430612,braking/down,1.0,22.0,263.0,196.0,-67.0,16.0,18.0,2.0,0.0,6.0,6.0,82.0,88.0,6.0,14.5,3.6,54.0,4.0,318.763323,621.992371,10294.874728,940.0,164.0,14.855072463768115,91.35000000000002,-36.5,-43.19999999999999,-11.629999999999995,71.94418604651162,72.0,78.0,52.4,84.0,81.01666666666667,49.7,92.0,90.0,96.0,grumbling
2026-01-01T12:00:51.812+00:00,106,replay,sample/replay,engine/SID807,decoded CSV,100%,1.402524427870695,0.0,0.562,COLD,·,818.0,12.42742,N,braking,27.0,,23.0,19.0,23.0,20.0,23.0,20.0,27.0,3.0,27.0,cold,980.0,-6.0,14.0,-20.0,281.0,305.0,-24.0,986.0,3.0,0.0,6.943846153846153,7.603846153846153,-1.1687699949694144,-0.11918137131124436,braking/down,6.9,23.0,244.0,216.0,-28.0,17.0,18.0,1.0,0.0,0.0,0.0,76.0,82.0,6.0,14.5,3.6,54.0,3.0,318.763323,621.992371,10294.874728,940.0,164.0,14.855072463768115,38.54000000000002,-15.399999999999977,-18.230000000000018,-4.899999999999977,72.02790697674418,72.0,78.0,52.8,84.0,81.1345238095238,50.15,92.0,90.0,96.0,grumbling
2026-01-01T12:00:52.259+00:00,107,replay,sample/replay,engine/SID807,decoded CSV,100%,2.2371375249152865,0.0,0.562,COLD,·,808.0,10.563307,N,braking,27.0,,23.0,19.0,22.0,20.0,22.0,20.0,27.0,2.0,27.0,cold,980.0,-6.0,14.0,-20.0,312.0,312.0,0.0,986.0,2.0,0.0,6.721282051282051,7.8454487179487185,-1.864280693998856,-0.19010372492123775,braking/down,6.2,23.0,243.0,225.0,-18.0,16.0,17.0,1.0,0.0,0.0,0.0,76.0,79.0,3.0,14.600000000000001,3.6,54.0,2.0,318.763323,621.992371,10294.874728,940.0,164.0,14.855072463768115,36.50999999999999,-14.589999999999975,-17.269999999999982,-4.649999999999977,72.02790697674418,72.0,78.0,52.8,84.0,81.1345238095238,50.15,92.0,90.0,96.0,grumbling
2026-01-01T12:00:52.707+00:00,108,replay,sample/replay,engine/SID807,decoded CSV,100%,2.2321418973108207,0.0,0.562,COLD,·,806.0,9.941936,N,braking,27.0,,23.0,19.0,22.0,20.0,22.0,20.0,27.0,2.0,27.0,cold,980.0,-6.0,14.0,-20.0,317.0,313.0,4.0,986.0,3.0,0.0,6.689487179487179,8.058653846153845,-0.620039224094358,-0.06322640494912718,easing,6.1000000000000005,23.0,243.0,231.0,-12.0,16.0,16.0,0.0,0.0,0.0,0.0,76.0,76.0,0.0,14.5,3.6,54.0,3.0,318.763323,621.992371,10294.874728,940.0,164.0,14.855072463768115,37.52999999999997,-14.990000000000009,-17.75,-4.779999999999973,72.02790697674418,72.0,78.0,52.8,84.0,81.1345238095238,50.15,92.0,90.0,96.0,grumbling
2026-01-01T12:00:53.161+00:00,109,replay,sample/replay,engine/SID807,decoded CSV,100%,2.202643190313694,0.0,0.562,COLD,·,808.0,9.941936,N,braking,27.0,,23.0,19.0,21.0,20.0,21.0,20.0,27.0,1.0,27.0,cold,980.0,-6.0,14.0,-20.0,311.0,311.0,0.0,986.0,2.0,0.0,6.599230769230769,8.135897435897435,0.0,0.0,steady,5.9,23.0,243.0,236.0,-7.0,14.0,14.0,0.0,0.0,0.0,0.0,76.0,76.0,0.0,14.5,3.6,54.0,2.0,318.763323,621.992371,10294.874728,940.0,164.0,14.855072463768115,39.56,-15.810000000000002,-18.70999999999998,-5.029999999999973,72.02790697674418,72.0,78.0,52.8,84.0,81.1345238095238,50.15,92.0,90.0,96.0,grumbling
2026-01-01T12:00:53.607+00:00,110,replay,sample/replay,engine/SID807,decoded CSV,100%,2.2421531663440533,0.0,0.562,COLD,·,809.0,8.699194,N,braking,27.0,,23.0,19.0,21.0,20.0,21.0,20.0,27.0,1.0,27.0,cold,979.0,-7.0,14.0,-21.0,310.0,310.0,0.0,986.0,3.0,0.0,6.631025641025641,8.021025641025641,-1.245640262597597,-0.12701995713088537,braking/down,6.0,23.0,243.0,232.0,-11.0,14.0,14.0,0.0,0.0,0.0,0.0,76.0,76.0,0.0,14.5,3.6,54.0,3.0,318.763323,621.992371,10294.874728,940.0,164.0,14.855072463768115,38.54000000000002,-15.399999999999977,-18.230000000000018,-4.899999999999977,72.02790697674418,72.0,78.0,52.8,84.0,81.1345238095238,50.15,92.0,90.0,96.0,grumbling
2026-01-01T12:00:54.125+00:00,111,replay,sample/replay,engine/SID807,decoded CSV,100%,1.9305014613490439,0.0,0.562,COLD,·,800.0,7.4564520000000005,N,braking,27.0,,23.0,19.0,21.0,20.0,21.0,20.0,27.0,1.0,27.0,cold,979.0,-7.0,14.0,-21.0,310.0,308.0,2.0,986.0,3.0,0.0,6.5407692307692304,8.101602564102564,-1.0725004800545686,-0.10936461279382548,braking/down,5.800000000000001,23.0,242.0,237.0,-5.0,12.0,13.0,1.0,0.0,0.0,0.0,76.0,76.0,0.0,14.200000000000001,3.6,54.0,3.0,318.763323,621.992371,10294.874728,940.0,164.0,14.855072463768115,41.589999999999975,-16.620000000000005,-19.670000000000016,-5.2900000000000205,72.02790697674418,72.0,78.0,52.8,84.0,81.1345238095238,50.15,92.0,90.0,96.0,grumbling
2026-01-01T12:00:54.590+00:00,112,replay,sample/replay,engine/SID807,decoded CSV,100%,2.1505380313594835,0.0,0.562,COLD,·,799.0,6.21371,N,braking,27.0,,23.0,19.0,21.0,20.0,21.0,20.0,27.0,1.0,27.0,cold,978.0,-8.0,14.0,-22.0,310.0,311.0,-1.0,986.0,2.0,0.0,6.599230769230769,8.815064102564104,-1.1947429811303505,-0.12182987882002015,braking/down,5.9,23.0,243.0,255.0,12.0,13.0,12.0,-1.0,0.0,0.0,0.0,76.0,76.0,0.0,14.5,3.6,54.0,2.0,318.763323,621.992371,10294.874728,940.0,164.0,14.855072463768115,40.579999999999984,-16.20999999999998,-19.189999999999998,-5.160000000000025,72.02790697674418,72.0,78.0,52.8,84.0,81.1345238095238,50.15,92.0,90.0,96.0,grumbling
2026-01-01T12:00:55.039+00:00,113,replay,sample/replay,engine/SID807,decoded CSV,100%,2.227170896161568,0.0,0.562,COLD,·,804.0,4.349597,N,braking,27.0,,23.0,19.0,21.0,20.0,21.0,20.0,27.0,1.0,27.0,cold,979.0,-7.0,14.0,-21.0,307.0,311.0,-4.0,986.0,4.0,0.0,6.599230769230769,8.733397435897436,-1.8559751726069538,-0.18925679743918197,braking/down,5.9,23.0,243.0,253.0,10.0,12.0,12.0,0.0,0.0,0.0,0.0,76.0,76.0,0.0,14.5,3.6,54.0,4.0,318.763323,621.992371,10294.874728,940.0,164.0,14.855072463768115,40.579999999999984,-16.20999999999998,-19.189999999999998,-5.160000000000025,72.02790697674418,72.0,78.0,52.8,84.0,81.1345238095238,50.15,92.0,90.0,96.0,grumbling
2026-01-01T12:00:55.498+00:00,114,replay,sample/replay,engine/SID807,decoded CSV,100%,2.1786498440409625,0.0,0.562,COLD,·,806.0,2.485484,N,braking,27.0,,23.0,19.0,21.0,20.0,21.0,20.0,27.0,1.0,27.0,cold,979.0,-8.0,13.0,-21.0,313.0,310.0,3.0,987.0,4.0,0.0,6.89025641025641,8.93775641025641,-1.8155409750158236,-0.18513365675493912,braking/down,6.7,23.0,243.0,249.0,6.0,12.0,12.0,0.0,0.0,0.0,0.0,76.0,76.0,0.0,14.3,3.6,55.0,4.0,318.763323,621.992371,10294.874728,940.0,164.0,14.855072463768115,40.579999999999984,-16.20999999999998,-19.189999999999998,-5.160000000000025,76.35348837209303,65.0,96.0,52.8,84.0,81.1345238095238,50.15,92.0,90.0,96.0,grumbling
2026-01-01T12:00:55.968+00:00,115,replay,sample/replay,engine/SID807,decoded CSV,100%,2.127659444951436,0.0,0.562,COLD,·,803.0,1.242742,N,braking,27.0,,23.0,19.0,21.0,20.0,21.0,20.0,27.0,1.0,27.0,cold,979.0,-7.0,14.0,-21.0,304.0,308.0,-4.0,986.0,3.0,0.0,6.886923076923076,8.30525641025641,-1.182032659280371,-0.12053378669376097,braking/down,6.7,23.0,243.0,234.0,-9.0,12.0,12.0,0.0,0.0,0.0,0.0,76.0,76.0,0.0,14.200000000000001,3.6,55.0,3.0,318.763323,621.992371,10294.874728,940.0,164.0,14.855072463768115,40.579999999999984,-16.20999999999998,-19.189999999999998,-5.160000000000025,76.35348837209303,65.0,96.0,52.8,84.0,81.1345238095238,50.15,92.0,90.0,96.0,grumbling
2026-01-01T12:00:56.488+00:00,116,replay,sample/replay,engine/SID807,decoded CSV,100%,1.9230769936149668,0.0,0.562,COLD,·,1164.0,0.621371,N,idle,27.0,,23.0,19.0,21.0,20.0,21.0,20.0,27.0,1.0,27.0,cold,978.0,-8.0,156.0,-164.0,310.0,308.0,2.0,986.0,4.0,24.0,16.36076923076923,9.839935897435899,-0.534187888516972,-0.05447200506972024,easing,5.800000000000001,23.0,402.0,251.0,-151.0,8.0,12.0,4.0,0.0,0.0,0.0,82.0,76.0,-6.0,14.5,3.6,55.0,4.0,318.763323,621.992371,10294.874728,940.0,164.0,14.855072463768115,42.610000000000014,-17.029999999999973,-20.149999999999977,-5.420000000000016,58.12523673225999,47.23765384615385,62.0,52.8,75.33333333333334,78.58540626040627,50.15,92.0,79.2937062937063,96.0,grumbling
2026-01-01T12:00:56.979+00:00,117,replay,sample/replay,engine/SID807,decoded CSV,100%,2.0366601388849097,0.0,0.562,COLD,·,1886.0,1.242742,N,clutch,27.0,,23.0,19.0,20.0,20.0,20.0,20.0,27.0,0.0,27.0,cold,966.0,-20.0,1198.0,-1218.0,615.0,602.0,13.0,986.0,9.0,35.0,39.77538461538462,26.03955128205128,0.5657387524419841,0.05768929781749978,gaining,23.700000000000003,25.0,800.0,381.0,-419.0,0.0,0.0,0.0,0.0,0.0,0.0,100.0,90.0,-10.0,14.3,3.6,55.0,9.0,318.763323,621.992371,10294.874728,940.0,164.0,14.855072463768115,0.0,0.0,0.0,0.0,62.669668058040145,65.0,76.8397150997151,52.8,41.0,71.61071428571428,50.15,92.0,50.0,96.0,grumbling
2026-01-01T12:00:57.464+00:00,118,replay,sample/replay,engine/SID807,decoded CSV,100%,2.0618551025002976,0.0,0.5660000000000001,COLD,·,1674.0,3.106855,N,clutch,27.0,,23.0,19.0,21.0,20.0,21.0,20.0,27.0,1.0,27.0,cold,1123.0,136.0,268.0,-132.0,976.0,904.0,72.0,987.0,11.0,27.0,26.884871794871792,28.664871794871793,1.7182120538431775,0.17520886886379933,pulling,16.8,24.0,357.0,416.0,59.0,3.0,3.0,0.0,0.0,0.0,0.0,97.0,94.0,-3.0,14.5,3.6,55.0,11.0,318.763323,621.992371,10294.874728,940.0,164.0,14.855072463768115,0.0,0.0,0.0,0.0,64.50271317829458,48.0,78.0,52.8,78.91666666666667,79.74924242424244,50.15,92.0,84.18181818181819,96.0,grumbling
2026-01-01T12:00:57.918+00:00,119,replay,sample/replay,engine/SID807,decoded CSV,100%,2.202643190313694,0.0,0.5660000000000001,COLD,·,1600.0,6.21371,N,accelerating,27.0,,23.0,19.0,21.0,19.0,21.0,19.0,27.0,2.0,27.0,cold,1210.0,224.0,463.0,-239.0,1057.0,1032.0,25.0,986.0,14.0,27.0,32.4574358974359,36.56910256410256,3.059225706762158,0.3119542052344234,pulling,24.0,24.0,471.0,506.0,35.0,0.0,0.0,0.0,0.0,0.0,0.0,100.0,95.0,-5.0,14.5,3.5,56.0,14.0,318.763323,621.992371,10294.874728,940.0,164.0,14.855072463768115,0.0,0.0,0.0,0.0,63.98720930232558,48.0,78.0,52.8,75.75,77.90941558441558,50.15,92.0,76.45454545454545,96.0,grumbling
2026-01-01T12:00:58.426+00:00,120,replay,sample/replay,engine/SID807,decoded CSV,100%,1.9685043361214545,0.0,0.5660000000000001,COLD,·,1665.0,8.699194,1,accelerating,27.0,,23.0,19.0,21.0,19.0,21.0,19.0,27.0,2.0,27.0,cold,1281.0,295.0,533.0,-238.0,989.0,975.0,14.0,986.0,14.0,29.0,34.66974358974358,39.45807692307692,2.187226363459397,0.22303501842723022,pulling,27.1,24.0,524.0,526.0,2.0,0.0,0.0,0.0,0.0,0.0,0.0,98.0,100.0,2.0,14.5,3.5,57.0,14.0,318.763323,621.992371,10294.874728,940.0,164.0,14.855072463768115,0.0,0.0,0.0,0.0,77.27504472271914,94.0,79.25290598290599,52.8,75.83333333333333,77.93106060606061,50.15,92.0,76.54545454545455,96.0,grumbling
2026-01-01T12:00:58.893+00:00,121,replay,sample/replay,engine/SID807,decoded CSV,100%,2.1413275881433984,0.0,0.5660000000000001,COLD,·,1986.0,10.563307,1,accelerating,28.0,,23.0,19.0,21.0,20.0,21.0,20.0,28.0,1.0,28.0,cold,1383.0,398.0,640.0,-242.0,1065.0,1037.0,28.0,985.0,18.0,30.0,34.92230769230769,42.483141025641025,1.7844391047233616,0.1819621486158231,pulling,22.6,25.0,510.0,565.0,55.0,0.0,0.0,0.0,0.0,0.0,0.0,99.0,100.0,1.0,14.3,3.6,58.0,18.0,318.763323,621.992371,10294.874728,940.0,164.0,14.855072463768115,0.0,0.0,0.0,0.0,77.55930356787914,94.0,79.9833368945869,53.2,75.5,77.96233766233767,50.6,92.0,76.18181818181819,96.0,grumbling
2026-01-01T12:00:59.390+00:00,122,replay,sample/replay,engine/SID807,decoded CSV,100%,2.012072519547206,0.0,0.5660000000000001,COLD,·,1537.0,11.184678,N,clutch,28.0,,23.0,19.0,20.0,20.0,20.0,20.0,28.0,0.0,28.0,cold,1342.0,356.0,14.0,342.0,870.0,816.0,54.0,986.0,17.0,12.0,11.746666666666666,26.394166666666667,0.5589088602945161,0.0569928426419334,gaining,0.0,22.0,448.0,461.0,13.0,0.0,0.0,0.0,0.0,0.0,0.0,100.0,99.0,-1.0,14.5,3.6,59.0,17.0,318.763323,621.992371,10294.874728,940.0,164.0,14.855072463768115,0.0,0.0,0.0,0.0,62.13100775193798,48.0,78.0,53.2,63.83333333333333,76.18744588744589,50.6,92.0,68.72727272727272,96.0,grumbling
2026-01-01T12:00:59.853+00:00,123,replay,sample/replay,engine/SID807,decoded CSV,100%,2.1598269380003634,0.0,0.5660000000000001,COLD,·,1491.0,11.184678,N,cruise,28.0,,23.0,19.0,19.0,20.0,19.0,20.0,28.0,-1.0,28.0,cold,1242.0,255.0,301.0,-46.0,661.0,680.0,-19.0,987.0,15.0,28.0,27.60615384615384,29.435320512820514,0.0,0.0,steady,20.400000000000002,25.0,368.0,419.0,51.0,6.0,5.0,-1.0,0.0,0.0,0.0,96.0,91.0,-5.0,14.0,3.6,60.0,15.0,318.763323,621.992371,10294.874728,940.0,164.0,14.855072463768115,0.0,0.0,0.0,0.0,66.87906976744186,48.0,78.0,53.2,93.0,81.25238095238095,50.6,92.0,90.0,96.0,grumbling
2026-01-01T12:01:00.320+00:00,124,replay,sample/replay,engine/SID807,decoded CSV,100%,2.1413275881433984,0.0,0.5660000000000001,COLD,·,1233.0,12.42742,2,accelerating,28.0,,23.0,19.0,19.0,20.0,19.0,20.0,28.0,-1.0,28.0,cold,1187.0,201.0,387.0,-186.0,794.0,786.0,8.0,986.0,9.0,34.0,34.165128205128205,29.916794871794878,1.1896260698155745,0.12130809907721542,pulling,28.700000000000003,23.0,480.0,370.0,-110.0,0.0,0.0,0.0,0.0,0.0,0.0,97.0,94.0,-3.0,14.3,3.6,60.0,9.0,318.763323,621.992371,10294.874728,940.0,164.0,14.855072463768115,0.0,0.0,0.0,0.0,71.9790151063407,77.3125,78.03650997150997,53.2,74.0,78.35028305028304,50.6,92.0,77.81118881118881,96.0,grumbling
2026-01-01T12:01:00.799+00:00,125,replay,sample/replay,engine/SID807,decoded CSV,100%,2.087682273208725,0.0,0.5720000000000001,COLD,·,1371.0,13.670162,2,lugging,28.0,,23.0,19.0,19.0,20.0,19.0,20.0,28.0,-1.0,28.0,cold,1159.0,173.0,629.0,-456.0,786.0,809.0,-23.0,986.0,9.0,37.0,36.47692307692308,30.27025641025641,1.1598231262944076,0.11826904460691548,pulling,24.900000000000002,24.0,566.0,420.0,-146.0,0.0,0.0,0.0,0.0,0.0,0.0,100.0,100.0,0.0,14.5,3.5,61.0,9.0,318.763323,621.992371,10294.874728,940.0,164.0,14.855072463768115,0.0,0.0,0.0,0.0,64.00797853309481,62.0,77.47264957264957,53.2,52.49333333333333,59.21172161172161,50.6,50.0,60.42923076923077,96.0,lugging
2026-01-01T12:01:01.366+00:00,126,replay,sample/replay,engine/SID807,decoded CSV,100%,1.763668703246614,0.0,0.5720000000000001,COLD,·,1551.0,15.534275000000001,2,accelerating,28.0,,23.0,19.0,20.0,20.0,20.0,20.0,28.0,0.0,28.0,cold,1236.0,250.0,695.0,-445.0,945.0,940.0,5.0,986.0,11.0,39.0,40.629487179487185,38.62032051282051,1.4697234646748722,0.14987008455230608,pulling,29.5,25.0,592.0,517.0,-75.0,0.0,0.0,0.0,0.0,0.0,0.0,100.0,100.0,0.0,14.3,3.6,62.0,11.0,318.763323,621.992371,10294.874728,940.0,164.0,14.855072463768115,0.0,0.0,0.0,0.0,72.80171412244087,94.0,74.19891381766381,53.2,58.67,75.53809523809524,50.6,92.0,66.0,96.0,grumbling
2026-01-01T12:01:01.888+00:00,127,replay,sample/replay,engine/SID807,decoded CSV,100%,1.9157085392662099,0.0,0.577,COLD,·,1690.0,16.777017,2,accelerating,28.0,,23.0,19.0,21.0,19.0,21.0,19.0,28.0,2.0,28.0,cold,1353.0,368.0,718.0,-350.0,1041.0,1035.0,6.0,985.0,14.0,39.0,42.18512820512821,44.632628205128206,1.0642821925510915,0.10852658069280453,pulling,31.3,25.0,579.0,577.0,-2.0,0.0,0.0,0.0,0.0,0.0,0.0,100.0,100.0,0.0,14.5,3.6,62.0,14.0,318.763323,621.992371,10294.874728,940.0,164.0,14.855072463768115,0.0,0.0,0.0,0.0,73.79542983502286,94.0,73.15400997150996,53.2,67.01333333333334,75.69696969696969,50.6,92.0,66.66727272727273,96.0,grumbling
2026-01-01T12:01:02.361+00:00,128,replay,sample/replay,engine/SID807,decoded CSV,100%,2.114165748863983,0.0,0.577,COLD,·,1830.0,18.019759,2,accelerating,28.0,,23.0,19.0,21.0,19.0,21.0,19.0,28.0,2.0,28.0,cold,1496.0,510.0,762.0,-252.0,1107.0,1113.0,-6.0,986.0,19.0,39.0,42.52974358974359,48.79057692307693,1.1745361637732443,0.11976935689284765,pulling,29.700000000000003,25.0,576.0,617.0,41.0,0.0,0.0,0.0,0.0,0.0,0.0,99.0,100.0,1.0,14.5,3.5,64.0,19.0,318.763323,621.992371,10294.874728,940.0,164.0,14.855072463768115,0.0,0.0,0.0,0.0,75.30746720333929,94.0,73.47207264957264,53.2,75.62,77.94199134199134,50.6,92.0,76.09636363636363,96.0,grumbling
2026-01-01T12:01:02.847+00:00,129,replay,sample/replay,engine/SID807,decoded CSV,100%,2.0576129103153797,0.0,0.577,COLD,·,1555.0,19.262501,N,clutch,28.0,,23.0,19.0,21.0,20.0,21.0,20.0,28.0,1.0,28.0,cold,1583.0,597.0,14.0,583.0,1054.0,1003.0,51.0,986.0,22.0,0.0,14.63948717948718,40.50615384615384,1.143117929855182,0.11656558864190952,pulling,15.200000000000001,22.0,453.0,540.0,87.0,0.0,2.0,2.0,0.0,0.0,0.0,100.0,80.0,-20.0,14.3,3.6,65.0,22.0,318.763323,621.992371,10294.874728,940.0,164.0,14.855072463768115,0.0,0.0,0.0,0.0,60.69302325581396,48.0,78.0,53.2,55.0,75.37326007326006,50.6,92.0,65.3076923076923,96.0,grumbling
2026-01-01T12:01:03.365+00:00,130,replay,sample/replay,engine/SID807,decoded CSV,100%,1.9305014613490439,0.0,0.577,COLD,·,1156.0,19.883872,N,accelerating,28.0,,23.0,19.0,19.0,20.0,19.0,20.0,28.0,-1.0,28.0,cold,1261.0,274.0,201.0,73.0,755.0,567.0,188.0,987.0,16.0,31.0,24.918205128205123,27.839871794871794,0.5362502400272843,0.05468230639691274,gaining,16.8,21.0,366.0,418.0,52.0,22.0,10.0,-12.0,0.0,0.0,0.0,92.0,75.0,-17.0,14.3,3.6,67.0,16.0,318.763323,621.992371,10294.874728,940.0,164.0,14.855072463768115,0.0,0.0,0.0,0.0,63.419767441860465,48.0,78.0,53.2,71.75,77.25478191276511,50.6,92.0,73.21008403361346,96.0,grumbling
2026-01-01T12:01:03.840+00:00,131,replay,sample/replay,engine/SID807,decoded CSV,100%,2.105263580575959,0.0,0.577,COLD,·,1219.0,19.883872,3,cruise,28.0,,23.0,19.0,19.0,19.0,19.0,19.0,28.0,0.0,28.0,cold,1169.0,182.0,419.0,-237.0,797.0,777.0,20.0,987.0,9.0,34.0,34.45974358974358,30.808076923076925,0.0,0.0,steady,28.400000000000002,24.0,495.0,406.0,-89.0,0.0,0.0,0.0,0.0,0.0,0.0,98.0,93.0,-5.0,14.5,3.6,68.0,9.0,319.384694,621.992371,10294.874728,940.0,164.0,14.855072463768115,0.0,0.0,0.0,0.0,71.28707637646592,76.4375,77.91961894586895,53.2,71.5,77.63100233100234,50.6,92.0,74.7902097902098,96.0,grumbling
2026-01-01T12:01:04.298+00:00,132,replay,sample/replay,engine/SID807,decoded CSV,100%,2.183406377229253,0.0,0.577,COLD,·,1269.0,21.126614,3,lugging,28.0,,23.0,19.0,19.0,19.0,19.0,19.0,28.0,0.0,28.0,cold,1147.0,161.0,535.0,-374.0,790.0,796.0,-6.0,986.0,9.0,37.0,36.06564102564103,29.62230769230769,1.2130031676309563,0.123691899642687,pulling,26.5,24.0,530.0,400.0,-130.0,0.0,0.0,0.0,0.0,0.0,0.0,100.0,96.0,-4.0,14.5,3.6,68.0,9.0,319.384694,621.992371,10294.874728,940.0,164.0,14.855072463768115,0.0,0.0,0.0,0.0,64.63396442059233,62.0,77.17958689458689,53.2,56.96666666666667,59.41904761904761,50.6,50.0,61.3,96.0,lugging
2026-01-01T12:01:04.869+00:00,133,replay,sample/replay,engine/SID807,decoded CSV,100%,1.7513131809124876,0.0,0.577,COLD,·,1302.0,21.747985,3,lugging,28.0,,23.0,19.0,20.0,19.0,20.0,19.0,28.0,1.0,28.0,cold,1161.0,175.0,592.0,-417.0,828.0,822.0,6.0,986.0,10.0,38.0,37.12051282051282,30.96801282051282,0.48647573308283903,0.04960671922448941,gaining,26.400000000000002,24.0,552.0,421.0,-131.0,0.0,0.0,0.0,0.0,0.0,0.0,100.0,100.0,0.0,14.5,3.6,69.0,10.0,319.384694,621.992371,10294.874728,940.0,164.0,14.855072463768115,0.0,0.0,0.0,0.0,63.88472321606042,62.0,76.60131766381767,53.2,53.60333333333333,59.453113553113546,50.6,50.0,61.44307692307692,96.0,lugging
2026-01-01T12:01:05.341+00:00,134,replay,sample/replay,engine/SID807,decoded CSV,100%,2.118644590043698,0.0,0.583,COLD,·,1342.0,22.369356,3,lugging,28.0,,23.0,19.0,20.0,19.0,20.0,19.0,28.0,1.0,28.0,cold,1183.0,196.0,633.0,-437.0,842.0,847.0,-5.0,987.0,10.0,39.0,38.39333333333333,32.41583333333333,0.5885122040516415,0.060011543600683365,gaining,27.3,24.0,568.0,435.0,-133.0,0.0,0.0,0.0,0.0,0.0,0.0,100.0,100.0,0.0,14.5,3.6,70.0,10.0,319.384694,621.992371,10294.874728,940.0,164.0,14.855072463768115,0.0,0.0,0.0,0.0,63.56395994832042,62.0,75.68490740740741,53.2,53.596666666666664,59.45457875457875,50.6,50.0,61.449230769230766,96.0,lugging
2026-01-01T12:01:05.820+00:00,135,replay,sample/replay,engine/SID807,decoded CSV,100%,2.087682273208725,0.0,0.583,COLD,·,1382.0,22.990727,3,lugging,28.0,,23.0,19.0,20.0,19.0,20.0,19.0,28.0,1.0,28.0,cold,1213.0,227.0,646.0,-419.0,876.0,877.0,-1.0,986.0,11.0,39.0,39.06948717948718,34.988653846153845,0.5799115631472038,0.05913452230345774,gaining,28.200000000000003,24.0,573.0,471.0,-102.0,0.0,0.0,0.0,0.0,0.0,0.0,100.0,100.0,0.0,14.5,3.5,71.0,11.0,319.384694,621.992371,10294.874728,940.0,164.0,14.855072463768115,0.0,0.0,0.0,0.0,63.836610763267736,62.0,75.23761752136751,53.2,56.23,60.034249084249076,50.6,50.0,63.88384615384616,96.0,lugging
2026-01-01T12:01:06.302+00:00,136,replay,sample/replay,engine/SID807,decoded CSV,100%,2.074688312298587,0.0,0.583,COLD,·,1420.0,23.612098,3,lugging,29.0,,22.0,19.0,21.0,19.0,21.0,19.0,29.0,2.0,29.0,cold,1261.0,274.0,670.0,-396.0,906.0,915.0,-9.0,987.0,11.0,39.0,40.40897435897436,37.807307692307695,0.5763021306777265,0.05876646262258024,gaining,30.400000000000002,24.0,583.0,494.0,-89.0,0.0,0.0,0.0,0.0,0.0,0.0,100.0,100.0,0.0,14.3,3.6,72.0,11.0,319.384694,621.992371,10294.874728,940.0,164.0,14.855072463768115,0.0,0.0,0.0,0.0,64.00478806400318,62.0,74.13417022792022,53.6,59.11333333333334,60.41401098901098,51.05,50.0,64.98384615384616,96.0,lugging
2026-01-01T12:01:06.787+00:00,137,replay,sample/replay,engine/SID807,decoded CSV,100%,2.061856116076937,0.0,0.589,COLD,·,1475.0,24.233469,3,lugging,29.0,,22.0,19.0,21.0,19.0,21.0,19.0,29.0,2.0,29.0,cold,1322.0,336.0,678.0,-342.0,945.0,952.0,-7.0,986.0,12.0,39.0,42.00102564102564,42.53685897435898,0.5727376328300385,0.05840298499793901,gaining,33.300000000000004,25.0,585.0,551.0,-34.0,0.0,0.0,0.0,0.0,0.0,0.0,100.0,100.0,0.0,14.5,3.5,73.0,12.0,319.384694,621.992371,10294.874728,940.0,164.0,14.855072463768115,0.0,0.0,0.0,0.0,64.85044126416219,62.0,72.74726495726495,53.6,67.28,60.65595238095238,51.05,50.0,66.0,96.0,lugging
2026-01-01T12:01:07.226+00:00,138,replay,sample/replay,engine/SID807,decoded CSV,100%,2.2779048921440785,0.0,0.589,COLD,·,1517.0,24.85484,3,accelerating,29.0,,22.0,19.0,21.0,19.0,21.0,19.0,29.0,2.0,29.0,cold,1397.0,411.0,690.0,-279.0,981.0,981.0,0.0,986.0,15.0,39.0,42.2374358974359,45.32743589743589,0.6327511631708262,0.06452266198659341,gaining,33.1,25.0,590.0,584.0,-6.0,0.0,0.0,0.0,0.0,0.0,0.0,98.0,100.0,2.0,14.5,3.6,75.0,15.0,319.384694,621.992371,10294.874728,940.0,164.0,14.855072463768115,0.0,0.0,0.0,0.0,74.62890329954284,94.0,72.67285612535612,53.6,72.65,75.71374867989152,51.05,87.6163750915751,72.81818181818181,96.0,grumbling
2026-01-01T12:01:07.650+00:00,139,replay,sample/replay,engine/SID807,decoded CSV,100%,2.358490428113148,0.0,0.594,COLD,·,1569.0,26.097582,3,accelerating,29.0,,22.0,19.0,21.0,19.0,21.0,19.0,29.0,2.0,29.0,cold,1468.0,482.0,741.0,-259.0,1027.0,1009.0,18.0,986.0,17.0,40.0,43.437948717948714,47.78211538461539,1.310272054696007,0.1336105657585421,pulling,33.5,25.0,601.0,601.0,0.0,0.0,0.0,0.0,0.0,0.0,0.0,97.0,99.0,2.0,14.3,3.5,76.0,17.0,319.384694,621.992371,10294.874728,940.0,164.0,14.855072463768115,0.0,0.0,0.0,0.0,74.73066785927251,94.0,71.94880341880342,53.6,74.82666666666667,77.84924242424243,51.05,92.0,75.21181818181819,96.0,grumbling
2026-01-01T12:01:08.117+00:00,140,replay,sample/replay,engine/SID807,decoded CSV,100%,2.1413275881433984,0.0,0.594,COLD,·,1610.0,26.718953,3,accelerating,29.0,,22.0,19.0,21.0,19.0,21.0,19.0,29.0,2.0,29.0,cold,1539.0,553.0,749.0,-196.0,1032.0,1037.0,-5.0,986.0,18.0,40.0,43.43538461538461,50.028717948717954,0.5948130349077873,0.06065404953860771,gaining,32.800000000000004,25.0,596.0,632.0,36.0,0.0,0.0,0.0,0.0,0.0,0.0,95.0,99.0,4.0,14.5,3.6,78.0,18.0,319.384694,621.992371,10294.874728,940.0,164.0,14.855072463768115,0.0,0.0,0.0,0.0,75.64836960842774,94.0,72.09221509971509,53.6,80.15666666666667,79.2353896103896,51.05,92.0,81.03363636363636,96.0,grumbling
2026-01-01T12:01:08.558+00:00,141,replay,sample/replay,engine/SID807,decoded CSV,100%,2.2675737746041493,0.0,0.594,COLD,·,1676.0,27.340324,3,accelerating,29.0,,22.0,19.0,21.0,19.0,21.0,19.0,29.0,2.0,29.0,cold,1601.0,615.0,765.0,-150.0,1061.0,1062.0,-1.0,986.0,21.0,40.0,43.64666666666667,51.585,0.629881409186457,0.06423002852008147,gaining,32.5,25.0,594.0,638.0,44.0,1.0,0.0,-1.0,0.0,0.0,0.0,95.0,96.0,1.0,14.5,3.6,80.0,21.0,319.384694,621.992371,10294.874728,940.0,164.0,14.855072463768115,0.0,0.0,0.0,0.0,76.29764211886305,94.0,72.0899074074074,53.6,84.15,80.27608225108224,51.05,92.0,85.40454545454546,96.0,grumbling
2026-01-01T12:01:08.999+00:00,142,replay,sample/replay,engine/SID807,decoded CSV,100%,2.2675737746041493,0.0,0.6,COLD,·,1731.0,28.583066,3,accelerating,29.0,,22.0,19.0,21.0,19.0,21.0,19.0,29.0,2.0,29.0,cold,1641.0,655.0,787.0,-132.0,1090.0,1090.0,0.0,986.0,22.0,40.0,43.8225641025641,52.02256410256411,1.259762818372914,0.12846005704016294,pulling,31.900000000000002,25.0,594.0,628.0,34.0,2.0,1.0,-1.0,0.0,0.0,0.0,96.0,96.0,0.0,14.5,3.6,81.0,22.0,319.384694,621.992371,10294.874728,940.0,164.0,14.855072463768115,0.0,0.0,0.0,0.0,76.60829954283443,94.0,72.17779202279202,53.6,85.87,80.72759740259738,51.05,92.0,87.30090909090909,96.0,grumbling
2026-01-01T12:01:09.441+00:00,143,replay,sample/replay,engine/SID807,decoded CSV,100%,2.2624426676332865,0.0,0.6,COLD,·,1758.0,29.204437,3,accelerating,29.0,,22.0,19.0,21.0,19.0,21.0,19.0,29.0,2.0,29.0,cold,1659.0,673.0,786.0,-113.0,1108.0,1118.0,-10.0,986.0,21.0,41.0,44.041538461538465,50.9873717948718,0.6284561021355065,0.06408468764924888,gaining,31.1,25.0,590.0,595.0,5.0,3.0,3.0,0.0,0.0,0.0,0.0,97.0,96.0,-1.0,14.3,3.5,83.0,21.0,319.384694,621.992371,10294.874728,940.0,164.0,14.855072463768115,0.0,0.0,0.0,0.0,76.84758050089445,94.0,72.12950854700854,53.6,87.44333333333333,81.13603896103895,51.05,92.0,89.01636363636364,96.0,grumbling
2026-01-01T12:01:09.904+00:00,144,replay,sample/replay,engine/SID807,decoded CSV,100%,2.1598269380003634,0.0,0.6,COLD,·,1818.0,29.825808000000002,3,accelerating,29.0,,22.0,19.0,20.0,19.0,20.0,19.0,29.0,1.0,29.0,cold,1659.0,673.0,827.0,-154.0,1141.0,1140.0,1.0,986.0,21.0,41.0,44.3674358974359,51.139102564102565,0.5999517416115991,0.061178051792569244,gaining,30.5,25.0,597.0,594.0,-3.0,3.0,3.0,0.0,0.0,0.0,0.0,98.0,97.0,-1.0,14.3,3.5,85.0,21.0,319.384694,621.992371,10294.874728,940.0,164.0,14.855072463768115,0.0,0.0,0.0,0.0,76.36915846750149,94.0,72.16114316239316,53.6,84.43666666666667,80.36396103896102,51.05,92.0,85.77363636363637,96.0,grumbling
2026-01-01T12:01:10.356+00:00,145,replay,sample/replay,engine/SID807,decoded CSV,100%,2.2123898566587106,0.0,0.6,COLD,·,1808.0,31.068550000000002,3,coasting,29.0,,22.0,19.0,20.0,19.0,20.0,19.0,29.0,1.0,29.0,cold,1689.0,702.0,848.0,-146.0,1178.0,1165.0,13.0,987.0,22.0,0.0,30.547948717948717,52.214615384615385,1.2291050956657699,0.1253338393504173,pulling,30.900000000000002,25.0,598.0,600.0,2.0,3.0,3.0,0.0,0.0,0.0,0.0,99.0,98.0,-1.0,14.3,3.5,88.0,22.0,319.384694,621.992371,10294.874728,940.0,164.0,14.855072463768115,0.0,0.0,0.0,0.0,81.2635263864043,94.0,85.78255341880342,53.6,85.31333333333333,80.59621212121212,51.05,92.0,86.74909090909091,96.0,grumbling
2026-01-01T12:01:10.818+00:00,146,replay,sample/replay,engine/SID807,decoded CSV,100%,2.1645026649217036,0.0,0.6,COLD,·,1906.0,30.447179000000002,N,clutch,29.0,,22.0,19.0,20.0,19.0,20.0,19.0,29.0,1.0,29.0,cold,1399.0,412.0,33.0,379.0,927.0,719.0,208.0,987.0,21.0,41.0,20.84,30.1,-0.6012505542434797,-0.06131049382240416,easing,0.0,18.0,253.0,492.0,239.0,0.0,0.0,0.0,0.0,0.0,0.0,76.0,100.0,24.0,14.600000000000001,3.5,90.0,21.0,319.384694,621.992371,10294.874728,940.0,164.0,14.855072463768115,0.0,0.0,0.0,0.0,55.79806201550388,48.0,78.0,53.6,24.416666666666664,68.18342490842491,51.05,92.0,34.61538461538461,96.0,grumbling
2026-01-01T12:01:11.486+00:00,147,replay,sample/replay,engine/SID807,decoded CSV,100%,1.49700602649373,0.0,0.6,COLD,·,1344.0,31.689921000000002,4,lugging,29.0,,22.0,19.0,20.0,19.0,20.0,19.0,29.0,1.0,29.0,cold,1439.0,453.0,704.0,-251.0,880.0,892.0,-12.0,986.0,13.0,43.0,43.83794871794872,44.00628205128205,0.8316697574199963,0.08480671354845909,pulling,34.800000000000004,25.0,621.0,546.0,-75.0,0.0,0.0,0.0,0.0,0.0,0.0,100.0,100.0,0.0,14.5,3.5,93.0,13.0,319.384694,621.992371,10294.874728,940.0,164.0,14.855072463768115,0.0,0.0,0.0,0.0,65.13000894454382,62.0,70.84047008547009,53.6,73.08333333333333,60.65595238095238,51.05,50.0,66.0,96.0,lugging
2026-01-01T12:01:11.996+00:00,148,replay,sample/replay,engine/SID807,decoded CSV,100%,1.960783433749584,0.0,0.605,COLD,·,1368.0,32.311292,4,lugging,29.0,,22.0,18.0,20.0,19.0,20.0,19.0,29.0,1.0,29.0,cold,1424.0,438.0,734.0,-296.0,909.0,906.0,3.0,986.0,14.0,44.0,45.19666666666666,45.32,0.5446618964250689,0.05554005663759479,gaining,36.4,25.0,643.0,564.0,-79.0,0.0,0.0,0.0,0.0,0.0,0.0,100.0,100.0,0.0,14.3,3.5,95.0,14.0,319.384694,621.992371,10294.874728,940.0,164.0,14.855072463768115,0.0,0.0,0.0,0.0,64.16197943583119,62.0,69.7283410493827,53.6,69.52,60.65595238095238,51.05,50.0,66.0,96.0,lugging
2026-01-01T12:01:12.460+00:00,149,replay,sample/replay,engine/SID807,decoded CSV,100%,2.15517247580745,0.0,0.61,COLD,·,1382.0,32.311292,4,lugging,30.0,,22.0,19.0,20.0,19.0,20.0,19.0,30.0,1.0,30.0,cold,1433.0,447.0,772.0,-325.0,928.0,921.0,7.0,986.0,14.0,45.0,46.0651282051282,45.869294871794864,0.0,0.0,steady,36.5,25.0,663.0,569.0,-94.0,0.0,0.0,0.0,0.0,0.0,0.0,100.0,100.0,0.0,14.5,3.5,97.0,14.0,319.384694,621.992371,10294.874728,940.0,164.0,14.855072463768115,0.0,0.0,0.0,0.0,63.55883977671768,62.0,69.19978513770181,54.0,66.43333333333334,60.77380952380952,51.5,50.0,66.0,96.0,lugging
2026-01-01T12:01:12.896+00:00,150,replay,sample/replay,engine/SID807,decoded CSV,100%,2.2935786639368825,0.0,0.61,COLD,·,1402.0,32.932663,4,lugging,30.0,,22.0,19.0,21.0,19.0,21.0,19.0,30.0,2.0,30.0,cold,1449.0,463.0,780.0,-317.0,911.0,930.0,-19.0,986.0,15.0,45.0,46.666666666666664,47.413333333333334,0.6371049873218545,0.06496662849411924,gaining,37.7,25.0,668.0,592.0,-76.0,0.0,0.0,0.0,0.0,0.0,0.0,100.0,100.0,0.0,14.3,3.5,98.0,15.0,319.384694,621.992371,10294.874728,940.0,164.0,14.855072463768115,0.0,0.0,0.0,0.0,64.0261735572782,62.0,68.69614197530863,54.0,70.38333333333333,60.77380952380952,51.5,50.0,66.0,96.0,lugging
2026-01-01T12:01:13.358+00:00,151,replay,sample/replay,engine/SID807,decoded CSV,100%,2.1645015479141216,0.0,0.616,COLD,·,1416.0,33.554034,4,lugging,30.0,,22.0,18.0,21.0,19.0,21.0,19.0,30.0,2.0,30.0,cold,1488.0,501.0,799.0,-298.0,930.0,943.0,-13.0,987.0,15.0,45.0,46.67410256410256,48.06326923076924,0.6012502439636953,0.061310462182671485,gaining,37.0,25.0,680.0,595.0,-85.0,0.0,0.0,0.0,0.0,0.0,0.0,100.0,100.0,0.0,14.3,3.5,100.0,15.0,319.384694,621.992371,10294.874728,940.0,164.0,14.855072463768115,0.0,0.0,0.0,0.0,64.00136499536208,62.0,68.86302409781575,54.0,69.87333333333333,60.77380952380952,51.5,50.0,66.0,96.0,lugging
2026-01-01T12:01:13.803+00:00,152,replay,sample/replay,engine/SID807,decoded CSV,100%,2.247191348351027,0.0,0.622,COLD,·,1443.0,34.175405,4,lugging,30.0,,22.0,18.0,21.0,19.0,21.0,19.0,30.0,2.0,30.0,cold,1523.0,536.0,820.0,-284.0,955.0,964.0,-9.0,987.0,16.0,45.0,47.79333333333334,51.50999999999999,0.624219625867762,0.06365268729563736,gaining,39.0,25.0,690.0,644.0,-46.0,0.0,0.0,0.0,0.0,0.0,0.0,100.0,100.0,0.0,14.3,3.5,102.0,16.0,319.384694,621.992371,10294.874728,940.0,164.0,14.855072463768115,0.0,0.0,0.0,0.0,64.2899493970715,62.0,67.98229938271605,54.0,73.53333333333333,60.77380952380952,51.5,50.0,66.0,96.0,lugging
2026-01-01T12:01:14.242+00:00,153,replay,sample/replay,engine/SID807,decoded CSV,100%,2.2779048921440785,0.0,0.622,COLD,·,1466.0,34.796776,4,lugging,30.0,,22.0,18.0,21.0,19.0,21.0,19.0,30.0,2.0,30.0,cold,1584.0,598.0,857.0,-259.0,1024.0,1000.0,24.0,986.0,18.0,45.0,49.28794871794872,54.00211538461539,0.6327511631708299,0.06452266198659379,gaining,41.300000000000004,25.0,705.0,645.0,-60.0,0.0,0.0,0.0,0.0,0.0,0.0,98.0,100.0,2.0,14.3,3.5,104.0,18.0,319.384694,621.992371,10294.874728,940.0,164.0,14.855072463768115,0.0,0.0,0.0,0.0,64.31037935632412,62.0,66.89597637701803,54.0,75.98666666666666,60.77380952380952,51.5,50.0,66.0,96.0,lugging
2026-01-01T12:01:14.719+00:00,154,replay,sample/replay,engine/SID807,decoded CSV,100%,2.0964360670830913,0.0,0.627,COLD,·,1490.0,34.796776,4,lugging,30.0,,22.0,18.0,21.0,19.0,21.0,19.0,30.0,2.0,30.0,cold,1669.0,683.0,890.0,-207.0,1049.0,1029.0,20.0,986.0,19.0,45.0,50.46512820512821,57.59429487179487,0.0,0.0,steady,43.0,25.0,713.0,679.0,-34.0,0.0,0.0,0.0,0.0,0.0,0.0,95.0,98.0,3.0,14.5,3.5,106.0,19.0,319.384694,621.992371,10294.874728,940.0,164.0,14.855072463768115,0.0,0.0,0.0,0.0,64.78048060359106,62.0,66.0673777302944,54.0,80.65,60.77380952380952,51.5,50.0,66.0,96.0,lugging
2026-01-01T12:01:15.158+00:00,155,replay,sample/replay,engine/SID807,decoded CSV,100%,2.27790365502634,0.0,0.633,COLD,·,1514.0,36.039518,4,accelerating,30.0,,22.0,18.0,21.0,19.0,21.0,19.0,30.0,2.0,30.0,cold,1730.0,744.0,941.0,-197.0,1028.0,1047.0,-19.0,986.0,22.0,45.0,51.24897435897436,59.454807692307696,1.2655016390542324,0.1290452538893743,pulling,43.400000000000006,25.0,724.0,699.0,-25.0,0.0,0.0,0.0,0.0,0.0,0.0,95.0,96.0,1.0,14.3,3.5,109.0,22.0,319.384694,621.992371,10294.874728,940.0,164.0,14.855072463768115,0.0,0.0,0.0,0.0,69.68248430563838,79.25,65.69289945394112,54.0,81.99333333333334,77.32859668902528,51.5,84.87885860805861,83.21181818181819,96.0,grumbling
2026-01-01T12:01:15.636+00:00,156,replay,sample/replay,engine/SID807,decoded CSV,100%,2.092050534770961,0.0,0.633,COLD,·,1547.0,36.660889,4,accelerating,30.0,,22.0,18.0,21.0,19.0,21.0,19.0,30.0,2.0,30.0,cold,1771.0,785.0,973.0,-188.0,1078.0,1061.0,17.0,986.0,23.0,45.0,51.54692307692307,60.05358974358974,0.5811249687613117,0.059258255241220165,gaining,43.1,25.0,734.0,688.0,-46.0,0.0,0.0,0.0,0.0,0.0,0.0,95.0,95.0,0.0,14.3,3.5,112.0,23.0,319.384694,621.992371,10294.874728,940.0,164.0,14.855072463768115,0.0,0.0,0.0,0.0,70.42078409693235,81.3125,65.66002552231718,54.0,83.06333333333333,78.42548703677274,51.5,87.15257582417583,84.40818181818182,96.0,grumbling
2026-01-01T12:01:16.100+00:00,157,replay,sample/replay,engine/SID807,decoded CSV,100%,2.15517247580745,0.0,0.639,COLD,·,1583.0,37.28226,4,accelerating,30.0,,22.0,18.0,21.0,19.0,21.0,19.0,30.0,2.0,30.0,cold,1811.0,825.0,1024.0,-199.0,1060.0,1076.0,-16.0,986.0,23.0,45.0,51.887692307692305,61.57602564102564,0.5986588358468952,0.06104621209555712,gaining,42.400000000000006,25.0,747.0,718.0,-29.0,0.0,0.0,0.0,0.0,0.0,0.0,96.0,96.0,0.0,14.3,3.5,114.0,23.0,319.384694,621.992371,10294.874728,940.0,164.0,14.855072463768115,0.0,0.0,0.0,0.0,70.99952204664413,83.5625,65.70885208926875,54.0,82.65666666666667,80.06212121212121,51.5,92.0,84.0109090909091,96.0,grumbling
2026-01-01T12:01:16.537+00:00,158,replay,sample/replay,engine/SID807,decoded CSV,100%,2.2883293296837652,0.0,0.639,COLD,·,1610.0,37.903631,4,accelerating,31.0,,22.0,18.0,21.0,19.0,21.0,19.0,31.0,2.0,31.0,cold,1854.0,868.0,1069.0,-201.0,1074.0,1085.0,-11.0,986.0,26.0,45.0,52.32076923076922,62.21160256410256,0.635646839369327,0.06481793878330797,gaining,42.2,25.0,761.0,713.0,-48.0,0.0,0.0,0.0,0.0,0.0,0.0,97.0,96.0,-1.0,14.5,3.5,117.0,26.0,319.384694,621.992371,10294.874728,940.0,164.0,14.855072463768115,0.0,0.0,0.0,0.0,71.56368734678328,85.25,65.6039037274454,54.4,82.94,80.18884740259739,51.95,91.7915,84.36090909090909,96.0,grumbling
2026-01-01T12:01:17.000+00:00,159,replay,sample/replay,engine/SID807,decoded CSV,100%,2.1598269380003634,0.0,0.639,COLD,·,1629.0,38.525002,4,accelerating,31.0,,22.0,18.0,21.0,19.0,21.0,19.0,31.0,2.0,31.0,cold,1895.0,909.0,886.0,23.0,1101.0,1096.0,5.0,986.0,27.0,45.0,49.06410256410256,62.53826923076924,0.5999517416115991,0.061178051792569244,gaining,38.300000000000004,25.0,667.0,737.0,70.0,0.0,0.0,0.0,0.0,0.0,0.0,92.0,96.0,4.0,14.5,3.6,120.0,27.0,319.384694,621.992371,10294.874728,940.0,164.0,14.855072463768115,0.0,0.0,0.0,0.0,74.25236216016255,86.4375,67.6667715257993,54.4,93.0,81.51411564625852,51.95,91.74285714285715,90.0,96.0,grumbling
2026-01-01T12:01:17.437+00:00,160,replay,sample/replay,engine/SID807,decoded CSV,100%,2.2883293296837652,0.0,0.639,COLD,·,1655.0,39.146373,4,accelerating,31.0,,22.0,18.0,21.0,19.0,21.0,19.0,31.0,2.0,31.0,cold,1764.0,778.0,604.0,174.0,1075.0,1061.0,14.0,986.0,24.0,45.0,42.12615384615385,51.58365384615385,0.635646839369327,0.06481793878330797,gaining,28.200000000000003,25.0,535.0,609.0,74.0,5.0,4.0,-1.0,0.0,0.0,0.0,94.0,94.0,0.0,14.5,3.5,123.0,24.0,319.384694,621.992371,10294.874728,940.0,164.0,14.855072463768115,0.0,0.0,0.0,0.0,75.75396541443052,94.0,72.75803418803417,54.4,78.35000000000001,79.70626873126872,51.95,92.0,82.02132867132866,96.0,grumbling
2026-01-01T12:01:17.918+00:00,161,replay,sample/replay,engine/SID807,decoded CSV,100%,2.0790023098351393,0.0,0.639,COLD,·,1668.0,39.146373,4,cruise,31.0,,22.0,18.0,20.0,19.0,20.0,19.0,31.0,1.0,31.0,cold,1543.0,557.0,330.0,227.0,965.0,965.0,0.0,986.0,18.0,45.0,36.13461538461538,38.37378205128205,0.0,0.0,steady,21.8,24.0,405.0,439.0,34.0,8.0,7.0,-1.0,0.0,0.0,0.0,95.0,95.0,0.0,14.5,3.5,126.0,18.0,319.384694,621.992371,10294.874728,940.0,164.0,14.855072463768115,0.0,0.0,0.0,0.0,76.87879770423376,94.0,76.72922008547009,54.4,76.75,78.6405844155844,51.95,92.0,77.54545454545455,96.0,grumbling
2026-01-01T12:01:18.420+00:00,162,replay,sample/replay,engine/SID807,decoded CSV,100%,1.992032447733123,0.0,0.639,COLD,·,1672.0,39.767744,4,accelerating,31.0,,22.0,18.0,19.0,19.0,19.0,19.0,31.0,0.0,31.0,cold,1360.0,373.0,201.0,172.0,900.0,868.0,32.0,987.0,14.0,46.0,32.89410256410256,29.895769230769233,0.5533421754016955,0.056425198758158546,gaining,17.5,24.0,327.0,350.0,23.0,12.0,11.0,-1.0,0.0,0.0,0.0,93.0,95.0,2.0,14.200000000000001,3.5,129.0,14.0,319.384694,621.992371,10294.874728,940.0,164.0,14.855072463768115,0.0,0.0,0.0,0.0,78.36076699463328,94.0,78.83864316239317,54.4,81.33333333333333,79.83106060606059,51.95,92.0,82.54545454545455,96.0,grumbling
2026-01-01T12:01:18.916+00:00,163,replay,sample/replay,engine/SID807,decoded CSV,100%,2.0161288229285588,0.0,0.639,COLD,·,1672.0,39.146373,4,decelerating,31.0,,22.0,18.0,19.0,19.0,19.0,19.0,31.0,0.0,31.0,cold,1222.0,236.0,153.0,83.0,797.0,803.0,-6.0,986.0,10.0,47.0,31.446153846153845,23.866153846153846,-0.5600356108851942,-0.05710773922646308,easing,15.200000000000001,24.0,301.0,292.0,-9.0,16.0,16.0,0.0,0.0,0.0,0.0,87.0,93.0,6.0,14.5,3.5,130.0,10.0,319.384694,621.992371,10294.874728,940.0,164.0,14.855072463768115,0.0,0.0,0.0,0.0,79.89059332140728,94.0,79.76303418803418,54.4,88.75,81.60595238095237,51.95,92.0,90.0,96.0,grumbling
2026-01-01T12:01:19.509+00:00,164,replay,sample/replay,engine/SID807,decoded CSV,100%,1.6863408252258947,0.0,0.639,COLD,·,1664.0,39.146373,4,cruise,31.0,,22.0,18.0,19.0,19.0,19.0,19.0,31.0,0.0,31.0,cold,1125.0,138.0,176.0,-38.0,794.0,802.0,-8.0,987.0,8.0,47.0,31.86179487179487,21.628461538461536,0.0,0.0,steady,15.700000000000001,24.0,315.0,272.0,-43.0,15.0,16.0,1.0,0.0,0.0,0.0,90.0,90.0,0.0,14.3,3.5,132.0,8.0,319.384694,621.992371,10294.874728,940.0,164.0,14.855072463768115,0.0,0.0,0.0,0.0,80.48335942158617,94.0,79.47896367521366,54.4,93.0,81.60595238095237,51.95,92.0,90.0,96.0,grumbling
2026-01-01T12:01:20.036+00:00,165,replay,sample/replay,engine/SID807,decoded CSV,100%,1.8975325269329202,0.0,0.644,COLD,·,1667.0,39.146373,4,cruise,32.0,,22.0,18.0,20.0,19.0,20.0,19.0,32.0,1.0,32.0,cold,1102.0,115.0,221.0,-106.0,858.0,862.0,-4.0,987.0,10.0,47.0,33.59641025641026,24.92891025641026,0.0,0.0,steady,18.0,24.0,340.0,335.0,-5.0,9.0,10.0,1.0,0.0,0.0,0.0,94.0,91.0,-3.0,14.200000000000001,3.6,133.0,10.0,319.384694,621.992371,10294.874728,940.0,164.0,14.855072463768115,0.0,0.0,0.0,0.0,79.11764808189227,94.0,78.20170227920228,54.8,86.83333333333333,81.37748917748917,52.4,92.0,88.54545454545455,96.0,grumbling
2026-01-01T12:01:20.524+00:00,166,replay,sample/replay,engine/SID807,decoded CSV,100%,2.049180680274768,0.0,0.644,COLD,·,1666.0,39.146373,4,cruise,32.0,,22.0,18.0,20.0,19.0,20.0,19.0,32.0,1.0,32.0,cold,1117.0,131.0,223.0,-92.0,878.0,871.0,7.0,986.0,10.0,47.0,33.67641025641026,25.700576923076923,0.0,0.0,steady,18.0,24.0,340.0,345.0,5.0,8.0,8.0,0.0,0.0,0.0,0.0,94.0,92.0,-2.0,14.5,3.5,135.0,10.0,319.384694,621.992371,10294.874728,940.0,164.0,14.855072463768115,0.0,0.0,0.0,0.0,79.31002534287417,94.0,78.20873931623932,54.8,88.0,81.68051948051946,52.4,92.0,89.81818181818181,96.0,grumbling
2026-01-01T12:01:20.997+00:00,167,replay,sample/replay,engine/SID807,decoded CSV,100%,2.1141646832057566,0.0,0.644,COLD,·,1673.0,39.146373,4,cruise,32.0,,22.0,18.0,20.0,19.0,20.0,19.0,32.0,1.0,32.0,cold,1131.0,145.0,230.0,-85.0,867.0,874.0,-7.0,986.0,11.0,47.0,33.881794871794874,25.81179487179487,0.0,0.0,steady,18.3,24.0,344.0,340.0,-4.0,8.0,8.0,0.0,0.0,0.0,0.0,94.0,92.0,-2.0,14.3,3.6,136.0,11.0,319.384694,621.992371,10294.874728,940.0,164.0,14.855072463768115,0.0,0.0,0.0,0.0,79.33836588153449,94.0,78.01775997150997,54.8,88.58333333333333,81.72380952380952,52.4,92.0,90.0,96.0,grumbling
2026-01-01T12:01:21.602+00:00,168,replay,sample/replay,engine/SID807,decoded CSV,100%,1.6528925098736815,0.0,0.644,COLD,·,1674.0,39.767744,4,cruise,32.0,,22.0,18.0,20.0,19.0,20.0,19.0,32.0,1.0,32.0,cold,1139.0,153.0,204.0,-51.0,852.0,853.0,-1.0,986.0,11.0,47.0,33.05871794871795,25.275384615384613,0.45913666625233823,0.04681891025501453,gaining,17.2,24.0,328.0,336.0,8.0,10.0,9.0,-1.0,0.0,0.0,0.0,93.0,93.0,0.0,14.3,3.5,139.0,11.0,319.384694,621.992371,10294.874728,940.0,164.0,14.855072463768115,0.0,0.0,0.0,0.0,80.27633795468097,94.0,78.64550213675213,54.8,93.0,81.72380952380952,52.4,92.0,90.0,96.0,grumbling
2026-01-01T12:01:22.082+00:00,169,replay,sample/replay,engine/SID807,decoded CSV,100%,2.083333250549108,0.0,0.644,COLD,·,1677.0,39.767744,4,cruise,32.0,,22.0,18.0,20.0,19.0,20.0,19.0,32.0,1.0,32.0,cold,1131.0,145.0,182.0,-37.0,831.0,832.0,-1.0,986.0,11.0,47.0,32.31410256410256,24.102435897435896,0.0,0.0,steady,16.2,24.0,316.0,322.0,6.0,11.0,10.0,-1.0,0.0,0.0,0.0,91.0,92.0,1.0,14.3,3.5,140.0,11.0,319.384694,621.992371,10294.874728,940.0,164.0,14.855072463768115,0.0,0.0,0.0,0.0,80.46318947525344,94.0,79.18114316239317,54.8,93.0,81.72380952380952,52.4,92.0,90.0,96.0,grumbling
2026-01-01T12:01:22.578+00:00,170,replay,sample/replay,engine/SID807,decoded CSV,100%,2.016129792047007,0.0,0.644,COLD,·,1676.0,39.767744,4,cruise,32.0,,22.0,18.0,20.0,19.0,20.0,19.0,32.0,1.0,32.0,cold,1112.0,126.0,166.0,-40.0,804.0,809.0,-5.0,986.0,10.0,47.0,31.731538461538463,23.220705128205125,0.0,0.0,steady,15.5,24.0,310.0,319.0,9.0,12.0,12.0,0.0,0.0,0.0,0.0,89.0,90.0,1.0,14.5,3.5,142.0,10.0,319.384694,621.992371,10294.874728,940.0,164.0,14.855072463768115,0.0,0.0,0.0,0.0,80.60200879546808,94.0,79.57909188034188,54.8,93.0,81.72380952380952,52.4,92.0,90.0,96.0,grumbling
2026-01-01T12:01:23.073+00:00,171,replay,sample/replay,engine/SID807,decoded CSV,100%,2.0202015142225074,0.0,0.649,COLD,·,1677.0,39.767744,4,cruise,33.0,,22.0,18.0,20.0,19.0,20.0,19.0,33.0,1.0,33.0,cold,1095.0,109.0,167.0,-58.0,802.0,802.0,0.0,986.0,10.0,47.0,31.6948717948718,22.81487179487179,0.0,0.0,steady,15.5,24.0,311.0,316.0,5.0,12.0,12.0,0.0,0.0,0.0,0.0,89.0,90.0,1.0,14.5,3.5,143.0,10.0,319.384694,621.992371,10294.874728,940.0,164.0,14.855072463768115,0.0,0.0,0.0,0.0,80.69052623732856,94.0,79.59284188034187,55.2,93.0,81.84166666666667,52.85,92.0,90.0,96.0,grumbling
2026-01-01T12:01:23.539+00:00,172,replay,sample/replay,engine/SID807,decoded CSV,100%,2.145922377882127,0.0,0.649,COLD,·,1670.0,39.146373,4,decelerating,33.0,,22.0,18.0,20.0,19.0,20.0,19.0,33.0,1.0,33.0,cold,1085.0,99.0,179.0,-80.0,839.0,833.0,6.0,986.0,10.0,47.0,32.36769230769231,22.65519230769231,-0.5960893649959049,-0.060784198987004226,easing,16.400000000000002,24.0,315.0,301.0,-14.0,11.0,12.0,1.0,0.0,0.0,0.0,91.0,90.0,-1.0,14.5,3.5,145.0,10.0,319.384694,621.992371,10294.874728,940.0,164.0,14.855072463768115,0.0,0.0,0.0,0.0,80.52201103160407,94.0,79.10976495726496,55.2,93.0,81.84166666666667,52.85,92.0,90.0,96.0,grumbling
2026-01-01T12:01:24.037+00:00,173,replay,sample/replay,engine/SID807,decoded CSV,100%,2.008032505363222,0.0,0.649,COLD,·,1669.0,39.146373,4,cruise,33.0,,22.0,18.0,20.0,19.0,20.0,19.0,33.0,1.0,33.0,cold,1082.0,95.0,179.0,-84.0,825.0,819.0,6.0,987.0,10.0,48.0,32.432051282051276,22.524551282051284,0.0,0.0,steady,15.9,24.0,316.0,307.0,-9.0,11.0,11.0,0.0,0.0,0.0,0.0,90.0,90.0,0.0,14.5,3.5,146.0,10.0,319.384694,621.992371,10294.874728,940.0,164.0,14.855072463768115,0.0,0.0,0.0,0.0,79.78021392367323,94.0,79.00550213675214,55.2,88.66666666666667,81.84166666666667,52.85,92.0,90.0,96.0,grumbling
2026-01-01T12:01:24.511+00:00,174,replay,sample/replay,engine/SID807,decoded CSV,100%,2.109704743222172,0.0,0.649,COLD,·,1666.0,39.146373,4,cruise,33.0,,22.0,18.0,20.0,19.0,20.0,19.0,33.0,1.0,33.0,cold,1085.0,99.0,185.0,-86.0,839.0,832.0,7.0,986.0,10.0,48.0,32.77102564102564,23.466858974358978,0.0,0.0,steady,16.400000000000002,24.0,318.0,323.0,5.0,10.0,10.0,0.0,0.0,0.0,0.0,91.0,90.0,-1.0,14.3,3.6,147.0,10.0,319.384694,621.992371,10294.874728,940.0,164.0,14.855072463768115,0.0,0.0,0.0,0.0,79.65109694891672,94.0,78.71314458689459,55.2,88.5,81.84166666666667,52.85,92.0,90.0,96.0,grumbling
2026-01-01T12:01:24.943+00:00,175,replay,sample/replay,engine/SID807,decoded CSV,100%,2.3148152338461725,0.0,0.649,COLD,·,1665.0,39.146373,4,cruise,33.0,,22.0,18.0,20.0,19.0,20.0,19.0,33.0,1.0,33.0,cold,1094.0,107.0,219.0,-112.0,848.0,858.0,-10.0,987.0,11.0,48.0,33.82282051282051,24.607820512820513,0.0,0.0,steady,17.8,24.0,339.0,334.0,-5.0,8.0,9.0,1.0,0.0,0.0,0.0,94.0,92.0,-2.0,14.5,3.5,149.0,11.0,319.384694,621.992371,10294.874728,940.0,164.0,14.855072463768115,0.0,0.0,0.0,0.0,79.04849060822899,94.0,77.99678418803418,55.2,86.33333333333333,81.36547619047619,52.85,92.0,88.0,96.0,grumbling
2026-01-01T12:01:25.440+00:00,176,replay,sample/replay,engine/SID807,decoded CSV,100%,2.012072519547206,0.0,0.649,COLD,·,1667.0,39.146373,4,cruise,33.0,,22.0,18.0,20.0,19.0,20.0,19.0,33.0,1.0,33.0,cold,1119.0,133.0,234.0,-101.0,884.0,875.0,9.0,986.0,11.0,48.0,34.35538461538461,26.04455128205128,0.0,0.0,steady,18.5,24.0,346.0,347.0,1.0,8.0,7.0,-1.0,0.0,0.0,0.0,94.0,93.0,-1.0,14.5,3.5,151.0,11.0,319.384694,621.992371,10294.874728,940.0,164.0,14.855072463768115,0.0,0.0,0.0,0.0,79.06543679189028,94.0,77.61758547008546,55.2,87.25,81.60357142857143,52.85,92.0,89.0,96.0,grumbling
2026-01-01T12:01:25.885+00:00,177,replay,sample/replay,engine/SID807,decoded CSV,100%,2.247190144369091,0.0,0.654,COLD,·,1669.0,39.146373,4,cruise,34.0,,22.0,18.0,21.0,19.0,21.0,19.0,34.0,2.0,34.0,cold,1138.0,152.0,235.0,-83.0,877.0,882.0,-5.0,986.0,12.0,48.0,34.45051282051282,26.434679487179494,0.0,0.0,steady,18.6,24.0,347.0,349.0,2.0,8.0,7.0,-1.0,0.0,0.0,0.0,94.0,94.0,0.0,14.5,3.6,153.0,12.0,319.384694,621.992371,10294.874728,940.0,164.0,14.855072463768115,0.0,0.0,0.0,0.0,79.3590352315643,94.0,77.51923433048432,55.6,88.75,81.95952380952382,53.3,92.0,90.0,96.0,grumbling
2026-01-01T12:01:26.371+00:00,178,replay,sample/replay,engine/SID807,decoded CSV,100%,2.0576129103153797,0.0,0.654,COLD,·,1641.0,39.146373,4,coasting,34.0,,22.0,18.0,21.0,19.0,21.0,19.0,34.0,2.0,34.0,cold,1151.0,165.0,14.0,151.0,868.0,872.0,-4.0,986.0,12.0,0.0,15.219999999999999,26.60666666666667,0.0,0.0,steady,18.2,24.0,438.0,356.0,-82.0,0.0,6.0,6.0,0.0,0.0,0.0,100.0,93.0,-7.0,14.3,3.6,155.0,12.0,319.384694,621.992371,10294.874728,940.0,164.0,14.855072463768115,0.0,0.0,0.0,0.0,83.01638853000287,94.0,92.47586934156378,55.6,79.16666666666667,80.9555278055278,53.3,92.0,85.78321678321679,96.0,grumbling
2026-01-01T12:01:26.858+00:00,179,replay,sample/replay,engine/SID807,decoded CSV,100%,2.053388138601976,0.0,0.654,COLD,·,1643.0,39.146373,4,coasting,34.0,,22.0,18.0,20.0,19.0,20.0,19.0,34.0,1.0,34.0,cold,1120.0,134.0,14.0,120.0,580.0,491.0,89.0,986.0,15.0,0.0,6.072307692307692,20.79397435897436,0.0,0.0,steady,1.8,22.0,438.0,434.0,-4.0,0.0,0.0,0.0,0.0,0.0,0.0,100.0,100.0,0.0,14.5,3.6,157.0,15.0,319.384694,621.992371,10294.874728,940.0,164.0,14.855072463768115,0.0,0.0,0.0,0.0,84.95116279069768,94.0,96.0,55.6,83.5,83.9203081232493,53.3,98.0,89.23529411764706,96.0,grumbling
2026-01-01T12:01:27.277+00:00,180,replay,sample/replay,engine/SID807,decoded CSV,100%,2.386635355491282,0.0,0.654,COLD,·,1621.0,38.525002,4,coasting,34.0,,22.0,18.0,20.0,19.0,20.0,19.0,34.0,1.0,34.0,cold,1112.0,126.0,14.0,112.0,526.0,507.0,19.0,986.0,15.0,0.0,5.636666666666667,19.46,-0.6629540603121021,-0.06760250037597978,easing,0.0,23.0,437.0,432.0,-5.0,0.0,0.0,0.0,0.0,0.0,0.0,100.0,100.0,0.0,14.3,3.5,158.0,15.0,319.384694,621.992371,10294.874728,940.0,164.0,14.855072463768115,0.0,0.0,0.0,0.0,85.0325581395349,94.0,96.0,55.6,84.0,84.10238095238095,53.3,98.0,90.0,96.0,grumbling
2026-01-01T12:01:27.711+00:00,181,replay,sample/replay,engine/SID807,decoded CSV,100%,2.304147384427422,0.0,0.654,COLD,·,1605.0,37.903631,4,coasting,34.0,,22.0,18.0,20.0,19.0,20.0,19.0,34.0,1.0,34.0,cold,1107.0,121.0,14.0,107.0,495.0,503.0,-8.0,986.0,15.0,0.0,5.609999999999999,18.666666666666664,-0.640040742105426,-0.06526599216913279,easing,0.0,23.0,435.0,420.0,-15.0,0.0,0.0,0.0,0.0,0.0,0.0,100.0,100.0,0.0,14.600000000000001,3.6,160.0,15.0,319.384694,621.992371,10294.874728,940.0,164.0,14.855072463768115,0.0,0.0,0.0,0.0,85.0325581395349,94.0,96.0,55.6,84.0,84.10238095238095,53.3,98.0,90.0,96.0,grumbling
2026-01-01T12:01:28.138+00:00,182,replay,sample/replay,engine/SID807,decoded CSV,100%,2.3419201236426335,0.0,0.654,COLD,·,1581.0,37.28226,4,coasting,34.0,,22.0,18.0,20.0,19.0,20.0,19.0,34.0,1.0,34.0,cold,1099.0,112.0,13.0,99.0,482.0,497.0,-15.0,987.0,15.0,0.0,5.56,18.5375,-0.6505331664190943,-0.06633592168774192,easing,0.0,23.0,433.0,425.0,-8.0,0.0,0.0,0.0,0.0,0.0,0.0,100.0,100.0,0.0,14.5,3.6,163.0,15.0,319.384694,621.992371,10294.874728,940.0,164.0,14.855072463768115,0.0,0.0,0.0,0.0,85.0325581395349,94.0,96.0,55.6,84.0,84.10238095238095,53.3,98.0,90.0,96.0,grumbling
2026-01-01T12:01:28.628+00:00,183,replay,sample/replay,engine/SID807,decoded CSV,100%,2.040816286810733,0.0,0.654,COLD,·,1554.0,36.660889,4,coasting,34.0,,22.0,18.0,20.0,19.0,20.0,19.0,34.0,1.0,34.0,cold,1093.0,107.0,14.0,93.0,482.0,492.0,-10.0,986.0,15.0,0.0,5.536666666666666,18.064166666666665,-0.5668932376197681,-0.05780702254284267,easing,0.0,23.0,431.0,417.0,-14.0,0.0,0.0,0.0,0.0,0.0,0.0,100.0,100.0,0.0,14.700000000000001,3.6,165.0,15.0,319.384694,621.992371,10294.874728,940.0,164.0,14.855072463768115,0.0,0.0,0.0,0.0,85.0325581395349,94.0,96.0,55.6,84.0,84.10238095238095,53.3,98.0,90.0,96.0,grumbling
2026-01-01T12:01:29.070+00:00,184,replay,sample/replay,engine/SID807,decoded CSV,100%,2.2624438880144475,0.0,0.654,COLD,·,1534.0,36.039518,4,coasting,35.0,,22.0,18.0,20.0,19.0,20.0,19.0,35.0,1.0,35.0,cold,1085.0,98.0,13.0,85.0,478.0,486.0,-8.0,987.0,13.0,0.0,5.486666666666666,18.120833333333334,-0.628456441130165,-0.06408472221708382,easing,0.0,23.0,429.0,425.0,-4.0,0.0,0.0,0.0,0.0,0.0,0.0,100.0,100.0,0.0,14.600000000000001,3.6,166.0,13.0,319.384694,621.992371,10294.874728,940.0,164.0,14.855072463768115,0.0,0.0,0.0,0.0,85.11627906976744,94.0,96.0,56.0,84.0,84.2202380952381,53.75,98.0,90.0,96.0,grumbling
2026-01-01T12:01:29.519+00:00,185,replay,sample/replay,engine/SID807,decoded CSV,100%,2.227170896161568,0.0,0.654,COLD,·,1511.0,35.418147,4,coasting,35.0,,22.0,18.0,20.0,19.0,20.0,19.0,35.0,1.0,35.0,cold,1077.0,91.0,14.0,77.0,475.0,480.0,-5.0,986.0,14.0,0.0,5.456666666666667,17.72,-0.6186583908689882,-0.06308559914639436,easing,0.0,23.0,427.0,420.0,-7.0,0.0,0.0,0.0,0.0,0.0,0.0,100.0,100.0,0.0,14.700000000000001,3.6,168.0,14.0,319.384694,621.992371,10294.874728,940.0,164.0,14.855072463768115,0.0,0.0,0.0,0.0,85.11627906976744,94.0,96.0,56.0,84.0,84.2202380952381,53.75,98.0,90.0,96.0,grumbling
2026-01-01T12:01:30.030+00:00,186,replay,sample/replay,engine/SID807,decoded CSV,100%,1.9569474765185657,0.0,0.654,COLD,·,1481.0,34.796776,4,coasting,35.0,,22.0,18.0,20.0,19.0,20.0,19.0,35.0,1.0,35.0,cold,1072.0,86.0,14.0,72.0,473.0,474.0,-1.0,986.0,14.0,0.0,5.416666666666666,17.110833333333336,-0.5435963530794365,-0.055431401455077585,easing,0.0,23.0,425.0,409.0,-16.0,0.0,0.0,0.0,0.0,0.0,0.0,100.0,100.0,0.0,14.600000000000001,3.6,170.0,14.0,319.384694,621.992371,10294.874728,940.0,164.0,14.855072463768115,102.54000000000002,-40.98000000000002,-48.5,-13.060000000000002,85.11627906976744,94.0,96.0,56.0,84.0,84.2202380952381,53.75,98.0,90.0,96.0,grumbling
2026-01-01T12:01:30.558+00:00,187,replay,sample/replay,engine/SID807,decoded CSV,100%,1.8939398318064908,0.0,0.654,COLD,·,1113.0,34.175405,N,clutch,35.0,,22.0,18.0,20.0,19.0,20.0,19.0,35.0,1.0,35.0,cold,1069.0,83.0,14.0,69.0,463.0,462.0,1.0,986.0,12.0,0.0,5.336666666666666,15.9925,-0.5260942349630477,-0.053646682094603944,easing,0.0,23.0,411.0,415.0,4.0,0.0,0.0,0.0,0.0,0.0,0.0,95.0,100.0,5.0,14.700000000000001,3.6,172.0,12.0,319.384694,621.992371,10294.874728,940.0,164.0,14.855072463768115,102.54000000000002,-40.98000000000002,-48.5,-13.060000000000002,72.69767441860465,72.0,78.0,56.0,84.0,82.07738095238095,53.75,92.0,90.0,96.0,grumbling
2026-01-01T12:01:30.997+00:00,188,replay,sample/replay,engine/SID807,decoded CSV,100%,2.27790365502634,0.0,0.654,COLD,·,830.0,34.175405,N,clutch,36.0,,22.0,18.0,20.0,19.0,20.0,19.0,36.0,1.0,36.0,cold,1050.0,64.0,14.0,50.0,420.0,348.0,72.0,986.0,7.0,0.0,5.8882051282051275,14.144871794871793,0.0,0.0,steady,3.8000000000000003,22.0,236.0,368.0,132.0,2.0,1.0,-1.0,0.0,0.0,0.0,77.0,86.0,9.0,14.600000000000001,3.6,174.0,7.0,319.384694,621.992371,10294.874728,940.0,164.0,14.855072463768115,62.94999999999999,-25.160000000000025,-29.769999999999982,-8.009999999999991,72.37441860465115,72.0,78.0,56.4,81.5,81.56336996336996,54.2,92.0,87.34615384615384,96.0,grumbling
2026-01-01T12:01:31.658+00:00,189,replay,sample/replay,engine/SID807,decoded CSV,100%,1.5128592735267012,0.0,0.654,COLD,·,805.0,33.554034,N,clutch,36.0,,22.0,18.0,20.0,19.0,20.0,19.0,36.0,1.0,36.0,cold,1007.0,21.0,14.0,7.0,296.0,294.0,2.0,986.0,4.0,0.0,6.062820512820513,8.552820512820514,-0.4202385570789838,-0.04285240699718903,easing,4.800000000000001,23.0,237.0,252.0,15.0,16.0,16.0,0.0,0.0,0.0,0.0,77.0,79.0,2.0,14.5,3.6,175.0,4.0,319.384694,621.992371,10294.874728,940.0,164.0,14.855072463768115,50.75,-20.279999999999973,-24.0,-6.4599999999999795,72.78139534883721,72.0,78.0,56.4,84.0,82.1952380952381,54.2,92.0,90.0,96.0,grumbling
2026-01-01T12:01:32.121+00:00,190,replay,sample/replay,engine/SID807,decoded CSV,100%,2.1598269380003634,0.0,0.654,COLD,·,1359.0,32.311292,N,decelerating,36.0,,22.0,18.0,20.0,19.0,20.0,19.0,36.0,1.0,36.0,cold,980.0,-6.0,14.0,-20.0,295.0,288.0,7.0,986.0,6.0,0.0,4.026666666666666,7.634166666666667,-1.1999034832231914,-0.1223561035851378,braking/down,0.0,22.0,412.0,237.0,-175.0,0.0,12.0,12.0,0.0,0.0,0.0,95.0,82.0,-13.0,14.5,3.6,176.0,6.0,319.384694,621.992371,10294.874728,940.0,164.0,14.855072463768115,102.54000000000002,-40.98000000000002,-48.5,-13.060000000000002,71.79108527131783,72.0,78.0,56.4,77.91666666666667,80.77582417582418,54.2,92.0,84.03846153846153,96.0,grumbling
2026-01-01T12:01:32.563+00:00,191,replay,sample/replay,engine/SID807,decoded CSV,100%,2.2624438880144475,0.0,0.654,COLD,·,1347.0,31.689921000000002,N,decelerating,36.0,,22.0,18.0,20.0,19.0,20.0,19.0,36.0,1.0,36.0,cold,983.0,-3.0,14.0,-17.0,454.0,440.0,14.0,986.0,11.0,0.0,5.1899999999999995,14.766666666666667,-0.6284564411301685,-0.06408472221708418,easing,0.0,23.0,414.0,400.0,-14.0,0.0,0.0,0.0,0.0,0.0,0.0,97.0,93.0,-4.0,14.3,3.6,177.0,11.0,319.384694,621.992371,10294.874728,940.0,164.0,14.855072463768115,102.54000000000002,-40.98000000000002,-48.5,-13.060000000000002,72.78139534883721,72.0,78.0,56.4,84.0,82.1952380952381,54.2,92.0,90.0,96.0,grumbling
2026-01-01T12:01:33.048+00:00,192,replay,sample/replay,engine/SID807,decoded CSV,100%,2.061856116076937,0.0,0.654,COLD,·,1326.0,31.068550000000002,4,coasting,36.0,,22.0,18.0,20.0,19.0,20.0,19.0,36.0,1.0,36.0,cold,1001.0,14.0,13.0,1.0,433.0,434.0,-1.0,987.0,11.0,0.0,5.14,14.79,-0.5727376328300385,-0.05840298499793901,easing,0.0,23.0,412.0,400.0,-12.0,0.0,0.0,0.0,0.0,0.0,0.0,94.0,93.0,-1.0,14.600000000000001,3.6,178.0,11.0,319.384694,621.992371,10294.874728,940.0,164.0,14.855072463768115,102.54000000000002,-40.98000000000002,-48.5,-13.060000000000002,84.78139534883721,92.5,96.0,56.4,84.0,84.33809523809524,54.2,98.0,90.0,96.0,grumbling
2026-01-01T12:01:33.561+00:00,193,replay,sample/replay,engine/SID807,decoded CSV,100%,1.9493176953057103,0.0,0.654,CLIMBING,↑,1287.0,30.447179000000002,4,coasting,36.0,,22.0,18.0,21.0,19.0,21.0,19.0,36.0,2.0,36.0,cold,1009.0,22.0,13.0,9.0,422.0,424.0,-2.0,987.0,11.0,0.0,5.073333333333333,14.1575,-0.5414769700648885,-0.05521528453293311,easing,0.0,23.0,410.0,385.0,-25.0,0.0,0.0,0.0,0.0,0.0,0.0,91.0,93.0,2.0,14.5,3.6,180.0,11.0,319.384694,621.992371,10294.874728,940.0,164.0,14.855072463768115,102.54000000000002,-40.98000000000002,-48.5,-13.060000000000002,84.10116279069767,90.0625,96.0,56.4,84.0,84.33809523809524,54.2,98.0,90.0,96.0,grumbling
2026-01-01T12:01:33.999+00:00,194,replay,sample/replay,engine/SID807,decoded CSV,100%,2.28310521173259,0.0,0.654,CLIMBING,↑,1268.0,29.825808000000002,4,coasting,37.0,,22.0,18.0,21.0,19.0,21.0,19.0,37.0,2.0,37.0,cold,1011.0,25.0,14.0,11.0,416.0,417.0,-1.0,986.0,10.0,0.0,5.036666666666667,14.291666666666666,-0.6341956959429532,-0.064669963335385,easing,0.0,23.0,409.0,390.0,-19.0,0.0,0.0,0.0,0.0,0.0,0.0,89.0,92.0,3.0,14.600000000000001,3.6,181.0,10.0,319.384694,621.992371,10294.874728,940.0,164.0,14.855072463768115,102.54000000000002,-40.98000000000002,-48.5,-13.060000000000002,83.85348837209303,88.875,96.0,56.8,84.0,84.45595238095238,54.650000000000006,98.0,90.0,96.0,grumbling
2026-01-01T12:01:34.437+00:00,195,replay,sample/replay,engine/SID807,decoded CSV,100%,2.283103968959875,0.0,0.654,CLIMBING,↑,1234.0,29.204437,4,coasting,37.0,,22.0,18.0,21.0,19.0,21.0,19.0,37.0,2.0,37.0,cold,1011.0,25.0,14.0,11.0,410.0,406.0,4.0,986.0,10.0,0.0,4.963333333333333,13.688333333333333,-0.6341953507284206,-0.0646699281332994,easing,0.0,23.0,406.0,378.0,-28.0,0.0,0.0,0.0,0.0,0.0,0.0,85.0,89.0,4.0,14.700000000000001,3.6,183.0,10.0,319.384694,621.992371,10294.874728,940.0,164.0,14.855072463768115,102.54000000000002,-40.98000000000002,-48.5,-13.060000000000002,83.26046511627906,86.75,96.0,56.8,84.0,84.45595238095238,54.650000000000006,98.0,90.0,96.0,grumbling
2026-01-01T12:01:34.892+00:00,196,replay,sample/replay,engine/SID807,decoded CSV,100%,2.197802566327536,0.0,0.654,CLIMBING,↑,1231.0,29.204437,4,coasting,37.0,,22.0,18.0,21.0,19.0,21.0,19.0,37.0,2.0,37.0,cold,1007.0,20.0,13.0,7.0,402.0,405.0,-3.0,987.0,10.0,0.0,4.946666666666666,13.729166666666668,0.0,0.0,steady,0.0,23.0,407.0,383.0,-24.0,0.0,0.0,0.0,0.0,0.0,0.0,85.0,87.0,2.0,14.700000000000001,3.6,184.0,10.0,319.384694,621.992371,10294.874728,940.0,164.0,14.855072463768115,102.54000000000002,-40.98000000000002,-48.5,-13.060000000000002,83.20813953488373,86.5625,96.0,56.8,84.0,84.45595238095238,54.650000000000006,98.0,90.0,96.0,grumbling
2026-01-01T12:01:35.336+00:00,197,replay,sample/replay,engine/SID807,decoded CSV,100%,2.2522522232263724,0.0,0.654,CLIMBING,↑,1218.0,28.583066,4,coasting,37.0,,22.0,18.0,20.0,19.0,20.0,19.0,37.0,1.0,37.0,cold,1005.0,19.0,14.0,5.0,400.0,401.0,-1.0,986.0,10.0,0.0,4.93,13.280833333333334,-0.6256254240093301,-0.06379603881135047,easing,0.0,23.0,405.0,373.0,-32.0,0.0,0.0,0.0,0.0,0.0,0.0,85.0,86.0,1.0,14.600000000000001,3.6,186.0,10.0,319.384694,621.992371,10294.874728,940.0,164.0,14.855072463768115,102.54000000000002,-40.98000000000002,-48.5,-13.060000000000002,82.98139534883721,85.75,96.0,56.8,84.0,84.45595238095238,54.650000000000006,98.0,90.0,96.0,grumbling
2026-01-01T12:01:35.791+00:00,198,replay,sample/replay,engine/SID807,decoded CSV,100%,2.197802566327536,0.0,0.654,CLIMBING,↑,1256.0,28.583066,4,cruise,37.0,,22.0,18.0,21.0,19.0,21.0,19.0,37.0,2.0,37.0,cold,1005.0,19.0,72.0,-53.0,391.0,384.0,7.0,986.0,10.0,23.0,14.83128205128205,15.257115384615384,0.0,0.0,steady,3.6,23.0,288.0,387.0,99.0,7.0,2.0,-5.0,0.0,0.0,0.0,77.0,83.0,6.0,14.700000000000001,3.6,187.0,10.0,319.384694,621.992371,10294.874728,940.0,164.0,14.855072463768115,62.94999999999999,-25.160000000000025,-29.769999999999982,-8.009999999999991,83.05420407363238,88.125,91.97538501107945,56.8,89.0,81.92847985347986,54.650000000000006,92.0,88.38461538461539,96.0,grumbling
2026-01-01T12:01:36.274+00:00,199,replay,sample/replay,engine/SID807,decoded CSV,100%,2.070393203047216,0.0,0.654,CLIMBING,↑,1233.0,29.204437,4,accelerating,37.0,,22.0,18.0,21.0,19.0,21.0,19.0,37.0,2.0,37.0,cold,1015.0,28.0,83.0,-55.0,702.0,670.0,32.0,987.0,9.0,28.0,25.40179487179487,23.982628205128208,0.5751090451436801,0.05864480175632659,gaining,20.900000000000002,24.0,308.0,385.0,77.0,3.0,1.0,-2.0,0.0,0.0,0.0,80.0,84.0,4.0,14.600000000000001,3.5,188.0,9.0,319.384694,621.992371,10294.874728,940.0,164.0,14.855072463768115,0.0,0.0,0.0,0.0,77.53326252236135,77.3125,84.52646367521368,56.8,89.58333333333333,82.09331501831502,54.650000000000006,92.0,89.07692307692308,96.0,grumbling
2026-01-01T12:01:36.766+00:00,200,replay,sample/replay,engine/SID807,decoded CSV,100%,2.0325198997091487,0.0,0.654,CLIMBING,↑,1246.0,29.204437,4,cruise,38.0,,22.0,18.0,21.0,19.0,21.0,19.0,38.0,2.0,38.0,cold,1020.0,34.0,42.0,-8.0,586.0,576.0,10.0,986.0,7.0,29.0,21.334358974358974,17.384358974358975,0.0,0.0,steady,12.5,23.0,263.0,312.0,49.0,13.0,12.0,-1.0,0.0,0.0,0.0,77.0,80.0,3.0,14.600000000000001,3.6,189.0,7.0,319.384694,621.992371,10294.874728,940.0,164.0,14.855072463768115,0.0,0.0,0.0,0.0,79.72556538351111,78.125,88.3266207660652,57.2,93.0,82.43095238095239,55.1,92.0,90.0,96.0,grumbling
2026-01-01T12:01:37.246+00:00,201,replay,sample/replay,engine/SID807,decoded CSV,100%,2.083333250549108,0.0,0.654,CLIMBING,↑,1250.0,29.825808000000002,4,accelerating,38.0,,22.0,18.0,20.0,19.0,20.0,19.0,38.0,1.0,38.0,cold,1003.0,17.0,26.0,-9.0,490.0,488.0,2.0,986.0,6.0,30.0,18.93769230769231,12.786858974358974,0.5787035016710588,0.059011334316107826,gaining,7.300000000000001,23.0,246.0,267.0,21.0,19.0,19.0,0.0,0.0,0.0,0.0,77.0,77.0,0.0,14.5,3.6,191.0,6.0,319.384694,621.992371,10294.874728,940.0,164.0,14.855072463768115,26.339999999999975,-10.519999999999982,-12.45999999999998,-3.3500000000000227,82.84303146878243,87.75,89.56335687717632,57.2,93.0,82.43095238095239,55.1,92.0,90.0,96.0,grumbling
2026-01-01T12:01:37.741+00:00,202,replay,sample/replay,engine/SID807,decoded CSV,100%,2.020202487260257,0.0,0.654,CLIMBING,↑,1247.0,29.825808000000002,4,cruise,38.0,,22.0,18.0,20.0,18.0,20.0,18.0,38.0,2.0,38.0,cold,990.0,3.0,22.0,-19.0,423.0,428.0,-5.0,987.0,6.0,32.0,18.54384615384615,9.94301282051282,0.0,0.0,steady,5.6000000000000005,23.0,239.0,227.0,-12.0,23.0,23.0,0.0,0.0,0.0,0.0,77.0,75.0,-2.0,14.5,3.6,192.0,6.0,319.384694,621.992371,10294.874728,940.0,164.0,14.855072463768115,52.77999999999997,-21.089999999999975,-24.95999999999998,-6.720000000000027,82.82629026425055,87.5625,89.66536542418487,57.2,93.0,82.43095238095239,55.1,92.0,90.0,96.0,grumbling
2026-01-01T12:01:38.237+00:00,203,replay,sample/replay,engine/SID807,decoded CSV,100%,2.0161288229285588,0.0,0.654,CLIMBING,↑,1247.0,29.825808000000002,4,cruise,38.0,,22.0,18.0,20.0,18.0,20.0,18.0,38.0,2.0,38.0,cold,984.0,-2.0,21.0,-23.0,411.0,412.0,-1.0,986.0,5.0,32.0,17.811794871794874,9.572628205128206,0.0,0.0,steady,4.0,23.0,235.0,237.0,2.0,20.0,22.0,2.0,0.0,0.0,0.0,77.0,75.0,-2.0,14.200000000000001,3.5,193.0,5.0,319.384694,621.992371,10294.874728,940.0,164.0,14.855072463768115,58.879999999999995,-23.529999999999973,-27.850000000000023,-7.5,82.98016505996158,87.5625,90.10647317188983,57.2,93.0,82.43095238095239,55.1,92.0,90.0,96.0,grumbling
2026-01-01T12:01:38.714+00:00,204,replay,sample/replay,engine/SID807,decoded CSV,100%,2.0964360670830913,0.0,0.654,CLIMBING,↑,1256.0,29.825808000000002,4,cruise,38.0,,22.0,18.0,20.0,18.0,20.0,18.0,38.0,2.0,38.0,cold,981.0,-5.0,20.0,-25.0,387.0,390.0,-3.0,986.0,6.0,33.0,18.04358974358974,8.806089743589745,0.0,0.0,steady,4.1000000000000005,23.0,235.0,219.0,-16.0,20.0,21.0,1.0,0.0,0.0,0.0,77.0,75.0,-2.0,14.5,3.6,194.0,6.0,319.384694,621.992371,10294.874728,940.0,164.0,14.855072463768115,68.04000000000002,-27.189999999999998,-32.18000000000001,-8.660000000000025,83.06083794363832,88.125,89.88773543842989,57.2,93.0,82.43095238095239,55.1,92.0,90.0,96.0,grumbling
2026-01-01T12:01:39.166+00:00,205,replay,sample/replay,engine/SID807,decoded CSV,100%,2.2123898566587106,0.0,0.654,CLIMBING,↑,1242.0,29.204437,4,decelerating,38.0,,22.0,18.0,21.0,18.0,21.0,18.0,38.0,3.0,38.0,cold,981.0,-5.0,21.0,-26.0,398.0,398.0,0.0,986.0,6.0,33.0,17.799230769230768,9.050064102564102,-0.6145525478328885,-0.06266691967520902,easing,3.3000000000000003,23.0,235.0,233.0,-2.0,21.0,21.0,0.0,0.0,0.0,0.0,77.0,76.0,-1.0,14.5,3.6,194.0,6.0,319.384694,621.992371,10294.874728,940.0,164.0,14.855072463768115,66.0,-26.370000000000005,-31.220000000000027,-8.399999999999977,82.8799152890965,87.25,90.06909049540994,57.2,93.0,82.43095238095239,55.1,92.0,90.0,96.0,grumbling
2026-01-01T12:01:39.643+00:00,206,replay,sample/replay,engine/SID807,decoded CSV,100%,2.0964360670830913,0.0,0.654,CLIMBING,↑,1239.0,29.204437,4,cruise,38.0,,22.0,18.0,21.0,18.0,21.0,18.0,38.0,3.0,38.0,cold,979.0,-7.0,22.0,-29.0,397.0,402.0,-5.0,986.0,6.0,33.0,18.028205128205126,8.663205128205128,0.0,0.0,steady,3.8000000000000003,23.0,237.0,218.0,-19.0,19.0,21.0,2.0,0.0,0.0,0.0,77.0,76.0,-1.0,14.5,3.6,195.0,6.0,319.384694,621.992371,10294.874728,940.0,164.0,14.855072463768115,60.920000000000016,-24.339999999999975,-28.810000000000002,-7.75,82.78195452085957,87.0625,89.93826962646406,57.2,93.0,82.43095238095239,55.1,92.0,90.0,96.0,grumbling
2026-01-01T12:01:40.138+00:00,207,replay,sample/replay,engine/SID807,decoded CSV,100%,2.0202015142225074,0.0,0.654,CLIMBING,↑,1235.0,29.204437,4,cruise,38.0,,22.0,18.0,21.0,18.0,21.0,18.0,38.0,3.0,38.0,cold,979.0,-8.0,23.0,-31.0,421.0,432.0,-11.0,987.0,6.0,33.0,18.811282051282053,10.17044871794872,0.0,0.0,steady,4.9,24.0,242.0,243.0,1.0,18.0,19.0,1.0,0.0,0.0,0.0,77.0,76.0,-1.0,14.3,3.6,196.0,6.0,319.384694,621.992371,10294.874728,940.0,164.0,14.855072463768115,49.73000000000002,-19.870000000000005,-23.519999999999982,-6.329999999999984,82.5716943837099,86.8125,89.53552389996834,57.2,93.0,82.43095238095239,55.1,92.0,90.0,96.0,grumbling
2026-01-01T12:01:40.584+00:00,208,replay,sample/replay,engine/SID807,decoded CSV,100%,2.2421531663440533,0.0,0.654,CLIMBING,↑,1232.0,29.204437,4,cruise,39.0,,22.0,18.0,21.0,18.0,21.0,18.0,39.0,3.0,39.0,cold,980.0,-7.0,24.0,-31.0,459.0,455.0,4.0,987.0,6.0,34.0,19.597692307692302,11.061858974358973,0.0,0.0,steady,6.0,23.0,246.0,249.0,3.0,18.0,18.0,0.0,0.0,0.0,0.0,77.0,76.0,-1.0,14.3,3.6,197.0,6.0,319.384694,621.992371,10294.874728,940.0,164.0,14.855072463768115,40.579999999999984,-16.20999999999998,-19.189999999999998,-5.160000000000025,82.45344813544912,86.625,89.10655132162077,57.6,93.0,82.54880952380952,55.55,92.0,90.0,96.0,grumbling
2026-01-01T12:01:41.077+00:00,209,replay,sample/replay,engine/SID807,decoded CSV,100%,2.0283974403615064,0.0,0.654,CLIMBING,↑,1236.0,29.204437,4,cruise,39.0,,22.0,18.0,20.0,18.0,20.0,18.0,39.0,2.0,39.0,cold,981.0,-5.0,29.0,-34.0,478.0,481.0,-3.0,986.0,6.0,35.0,21.051794871794872,11.407628205128205,0.0,0.0,steady,7.9,24.0,252.0,235.0,-17.0,17.0,17.0,0.0,0.0,0.0,0.0,77.0,77.0,0.0,14.5,3.6,198.0,6.0,319.384694,621.992371,10294.874728,940.0,164.0,14.855072463768115,21.25,-8.490000000000009,-10.050000000000011,-2.6999999999999886,79.51942208308488,77.5,87.99567663817663,57.6,93.0,82.54880952380952,55.55,92.0,90.0,96.0,grumbling
2026-01-01T12:01:41.665+00:00,210,replay,sample/replay,engine/SID807,decoded CSV,100%,1.700680101092711,0.0,0.654,CLIMBING,↑,1234.0,29.204437,4,cruise,39.0,,22.0,18.0,21.0,18.0,21.0,18.0,39.0,3.0,39.0,cold,982.0,-4.0,32.0,-36.0,514.0,507.0,7.0,986.0,6.0,35.0,21.755128205128205,13.04096153846154,0.0,0.0,steady,9.200000000000001,24.0,256.0,259.0,3.0,16.0,16.0,0.0,0.0,0.0,0.0,77.0,77.0,0.0,14.600000000000001,3.6,199.0,6.0,319.384694,621.992371,10294.874728,940.0,164.0,14.855072463768115,8.029999999999973,-3.2099999999999795,-3.8000000000000114,-1.0199999999999818,79.27625347843372,77.375,87.3985933048433,57.6,93.0,82.54880952380952,55.55,92.0,90.0,96.0,grumbling
2026-01-01T12:01:42.168+00:00,211,replay,sample/replay,engine/SID807,decoded CSV,100%,1.9880714876512926,0.0,0.654,CLIMBING,↑,1233.0,29.204437,4,cruise,39.0,,22.0,18.0,21.0,18.0,21.0,18.0,39.0,3.0,39.0,cold,983.0,-3.0,39.0,-42.0,521.0,525.0,-4.0,986.0,6.0,35.0,22.44512820512821,13.509294871794873,0.0,0.0,steady,10.5,24.0,262.0,257.0,-5.0,15.0,16.0,1.0,0.0,0.0,0.0,77.0,77.0,0.0,14.5,3.6,200.0,6.0,319.384694,621.992371,10294.874728,940.0,164.0,14.855072463768115,0.0,0.0,0.0,0.0,79.05227092029419,77.3125,86.80650997150997,57.6,93.0,82.54880952380952,55.55,92.0,90.0,96.0,grumbling
2026-01-01T12:01:42.655+00:00,212,replay,sample/replay,engine/SID807,decoded CSV,100%,2.053388138601976,0.0,0.654,CLIMBING,↑,1236.0,29.204437,4,cruise,39.0,,22.0,18.0,20.0,18.0,20.0,18.0,39.0,2.0,39.0,cold,985.0,-1.0,44.0,-45.0,530.0,532.0,-2.0,986.0,6.0,35.0,22.772564102564104,13.885064102564101,0.0,0.0,steady,11.100000000000001,24.0,265.0,259.0,-6.0,15.0,15.0,0.0,0.0,0.0,0.0,77.0,77.0,0.0,14.3,3.6,201.0,6.0,319.384694,621.992371,10294.874728,940.0,164.0,14.855072463768115,0.0,0.0,0.0,0.0,79.00809605446234,77.5,86.52987535612534,57.6,93.0,82.54880952380952,55.55,92.0,90.0,96.0,grumbling
2026-01-01T12:01:43.120+00:00,213,replay,sample/replay,engine/SID807,decoded CSV,100%,2.1505380313594835,0.0,0.654,CLIMBING,↑,1238.0,29.204437,4,cruise,39.0,,22.0,18.0,20.0,18.0,20.0,18.0,39.0,2.0,39.0,cold,986.0,0.0,44.0,-44.0,549.0,545.0,4.0,986.0,6.0,35.0,23.013076923076923,14.022243589743589,0.0,0.0,steady,11.5,24.0,265.0,255.0,-10.0,15.0,15.0,0.0,0.0,0.0,0.0,77.0,77.0,0.0,14.5,3.6,202.0,6.0,319.384694,621.992371,10294.874728,940.0,164.0,14.855072463768115,0.0,0.0,0.0,0.0,78.9757391671636,77.625,86.33711894586894,57.6,93.0,82.54880952380952,55.55,92.0,90.0,96.0,grumbling
2026-01-01T12:01:43.555+00:00,214,replay,sample/replay,engine/SID807,decoded CSV,100%,2.298850877106442,0.0,0.654,CLIMBING,↑,1243.0,29.204437,4,cruise,39.0,,22.0,18.0,20.0,18.0,20.0,18.0,39.0,2.0,39.0,cold,987.0,1.0,42.0,-41.0,540.0,538.0,2.0,986.0,6.0,35.0,22.754102564102563,14.328269230769232,0.0,0.0,steady,11.0,24.0,263.0,269.0,6.0,16.0,15.0,-1.0,0.0,0.0,0.0,77.0,77.0,0.0,14.3,3.6,203.0,6.0,319.384694,621.992371,10294.874728,940.0,164.0,14.855072463768115,0.0,0.0,0.0,0.0,79.14154864838005,77.9375,86.56243945868945,57.6,93.0,82.54880952380952,55.55,92.0,90.0,96.0,grumbling
2026-01-01T12:01:44.038+00:00,215,replay,sample/replay,engine/SID807,decoded CSV,100%,2.070393203047216,0.0,0.654,CLIMBING,↑,1242.0,29.204437,4,cruise,39.0,,22.0,18.0,20.0,18.0,20.0,18.0,39.0,2.0,39.0,cold,987.0,1.0,40.0,-39.0,529.0,528.0,1.0,986.0,6.0,35.0,22.51358974358974,13.94775641025641,0.0,0.0,steady,10.600000000000001,24.0,262.0,265.0,3.0,17.0,16.0,-1.0,0.0,0.0,0.0,77.0,77.0,0.0,14.5,3.6,204.0,6.0,319.384694,621.992371,10294.874728,940.0,164.0,14.855072463768115,0.0,0.0,0.0,0.0,79.19134739614393,77.875,86.75519586894586,57.6,93.0,82.54880952380952,55.55,92.0,90.0,96.0,grumbling
2026-01-01T12:01:44.487+00:00,216,replay,sample/replay,engine/SID807,decoded CSV,100%,2.227170896161568,0.0,0.654,CLIMBING,↑,1245.0,29.204437,4,cruise,39.0,,22.0,18.0,20.0,18.0,20.0,18.0,39.0,2.0,39.0,cold,987.0,1.0,40.0,-39.0,530.0,530.0,0.0,986.0,6.0,35.0,22.48846153846154,13.66346153846154,0.0,0.0,steady,10.5,24.0,261.0,258.0,-3.0,17.0,17.0,0.0,0.0,0.0,0.0,77.0,77.0,0.0,14.5,3.6,205.0,6.0,319.384694,621.992371,10294.874728,940.0,164.0,14.855072463768115,0.0,0.0,0.0,0.0,79.25590464122442,78.0625,86.79025997150997,57.6,93.0,82.54880952380952,55.55,92.0,90.0,96.0,grumbling
2026-01-01T12:01:44.931+00:00,217,replay,sample/replay,engine/SID807,decoded CSV,100%,2.2522522232263724,0.0,0.654,CLIMBING,↑,1248.0,29.204437,4,cruise,40.0,,22.0,18.0,20.0,19.0,20.0,19.0,40.0,1.0,40.0,cold,986.0,0.0,38.0,-38.0,527.0,526.0,1.0,986.0,6.0,35.0,22.326410256410252,13.558910256410256,0.0,0.0,steady,10.200000000000001,24.0,259.0,259.0,0.0,17.0,17.0,0.0,0.0,0.0,0.0,77.0,77.0,0.0,14.5,3.6,207.0,6.0,319.384694,621.992371,10294.874728,940.0,164.0,14.855072463768115,0.0,0.0,0.0,0.0,79.4399833532101,78.25,86.92795227920227,58.0,93.0,82.66666666666667,56.0,92.0,90.0,96.0,grumbling
2026-01-01T12:01:45.376+00:00,218,replay,sample/replay,engine/SID807,decoded CSV,100%,2.247191348351027,0.0,0.654,CLIMBING,↑,1248.0,29.204437,4,cruise,40.0,,22.0,18.0,20.0,19.0,20.0,19.0,40.0,1.0,40.0,cold,987.0,1.0,36.0,-35.0,522.0,516.0,6.0,986.0,6.0,35.0,22.085897435897433,13.988397435897436,0.0,0.0,steady,9.8,24.0,257.0,275.0,18.0,17.0,17.0,0.0,0.0,0.0,0.0,77.0,77.0,0.0,14.600000000000001,3.6,208.0,6.0,319.384694,621.992371,10294.874728,940.0,164.0,14.855072463768115,3.9599999999999795,-1.579999999999984,-1.8700000000000045,-0.5,79.50722396143908,78.25,87.1207086894587,58.0,93.0,82.66666666666667,56.0,92.0,90.0,96.0,grumbling
2026-01-01T12:01:45.842+00:00,219,replay,sample/replay,engine/SID807,decoded CSV,100%,2.145922377882127,0.0,0.654,CLIMBING,↑,1252.0,29.825808000000002,4,accelerating,40.0,,21.0,18.0,20.0,18.0,20.0,18.0,40.0,2.0,40.0,cold,985.0,-1.0,37.0,-38.0,515.0,521.0,-6.0,986.0,6.0,35.0,22.20615384615385,13.377820512820513,0.5960893649959049,0.060784198987004226,gaining,10.0,24.0,259.0,258.0,-1.0,17.0,17.0,0.0,0.0,0.0,0.0,77.0,77.0,0.0,14.5,3.6,209.0,6.0,319.384694,621.992371,10294.874728,940.0,164.0,14.855072463768115,0.910000000000025,-0.36000000000001364,-0.4300000000000068,-0.11000000000001364,79.54337109918504,78.5,87.02433048433048,58.0,93.0,82.66666666666667,56.0,92.0,90.0,96.0,grumbling
2026-01-01T12:01:46.296+00:00,220,replay,sample/replay,engine/SID807,decoded CSV,100%,2.202643190313694,0.0,0.654,CLIMBING,↑,1246.0,29.204437,4,decelerating,40.0,,22.0,18.0,20.0,18.0,20.0,18.0,40.0,2.0,40.0,cold,985.0,-1.0,34.0,-35.0,519.0,512.0,7.0,986.0,6.0,35.0,21.658461538461538,12.851794871794873,-0.6118451413524352,-0.06239084104688504,easing,9.200000000000001,23.0,256.0,252.0,-4.0,17.0,18.0,1.0,0.0,0.0,0.0,77.0,77.0,0.0,14.5,3.5,210.0,6.0,319.384694,621.992371,10294.874728,940.0,164.0,14.855072463768115,8.029999999999973,-3.2099999999999795,-3.8000000000000114,-1.0199999999999818,79.62391174716755,78.125,87.55521367521366,58.0,93.0,82.66666666666667,56.0,92.0,90.0,96.0,grumbling
2026-01-01T12:01:46.738+00:00,221,replay,sample/replay,engine/SID807,decoded CSV,100%,2.2624438880144475,0.0,0.654,CLIMBING,↑,1245.0,29.204437,4,cruise,40.0,,21.0,18.0,20.0,18.0,20.0,18.0,40.0,2.0,40.0,cold,986.0,0.0,37.0,-37.0,513.0,518.0,-5.0,986.0,6.0,35.0,22.18615384615385,13.041153846153847,0.0,0.0,steady,10.0,24.0,259.0,250.0,-9.0,16.0,18.0,2.0,0.0,0.0,0.0,77.0,77.0,0.0,14.5,3.6,211.0,6.0,319.384694,621.992371,10294.874728,940.0,164.0,14.855072463768115,1.9300000000000068,-0.7699999999999818,-0.910000000000025,-0.2400000000000091,79.423894354999,78.0625,87.03183048433047,58.0,93.0,82.66666666666667,56.0,92.0,90.0,96.0,grumbling
2026-01-01T12:01:47.175+00:00,222,replay,sample/replay,engine/SID807,decoded CSV,100%,2.2883293296837652,0.0,0.654,CLIMBING,↑,1252.0,29.825808000000002,4,accelerating,40.0,,21.0,18.0,20.0,18.0,20.0,18.0,40.0,2.0,40.0,cold,984.0,-2.0,38.0,-40.0,520.0,525.0,-5.0,986.0,6.0,35.0,22.319743589743588,13.338076923076922,0.6356468393693343,0.0648179387833087,gaining,10.200000000000001,24.0,259.0,254.0,-5.0,16.0,16.0,0.0,0.0,0.0,0.0,77.0,77.0,0.0,14.5,3.6,212.0,6.0,319.384694,621.992371,10294.874728,940.0,164.0,14.855072463768115,0.0,0.0,0.0,0.0,79.51062288809382,78.5,86.93045227920227,58.0,93.0,82.66666666666667,56.0,92.0,90.0,96.0,grumbling
2026-01-01T12:01:47.657+00:00,223,replay,sample/replay,engine/SID807,decoded CSV,100%,2.074689338531717,0.0,0.654,CLIMBING,↑,1262.0,29.825808000000002,4,cruise,40.0,,21.0,18.0,20.0,18.0,20.0,18.0,40.0,2.0,40.0,cold,984.0,-2.0,36.0,-38.0,522.0,522.0,0.0,986.0,6.0,35.0,22.164358974358976,13.719358974358975,0.0,0.0,steady,9.9,24.0,258.0,266.0,8.0,16.0,16.0,0.0,0.0,0.0,0.0,77.0,77.0,0.0,14.600000000000001,3.6,213.0,6.0,319.384694,621.992371,10294.874728,940.0,164.0,14.855072463768115,1.9300000000000068,-0.7699999999999818,-0.910000000000025,-0.2400000000000091,79.73220160007952,79.125,87.06564458689458,58.0,93.0,82.66666666666667,56.0,92.0,90.0,96.0,grumbling
2026-01-01T12:01:48.107+00:00,224,replay,sample/replay,engine/SID807,decoded CSV,100%,2.2222219867471074,0.0,0.654,CLIMBING,↑,1252.0,29.825808000000002,4,cruise,40.0,,21.0,18.0,20.0,18.0,20.0,18.0,40.0,2.0,40.0,cold,985.0,-1.0,30.0,-31.0,511.0,510.0,1.0,986.0,6.0,35.0,21.451282051282053,12.664615384615388,0.0,0.0,steady,8.8,23.0,252.0,252.0,0.0,17.0,16.0,-1.0,0.0,0.0,0.0,77.0,77.0,0.0,14.3,3.6,214.0,6.0,319.384694,621.992371,10294.874728,940.0,164.0,14.855072463768115,13.120000000000005,-5.240000000000009,-6.199999999999989,-1.670000000000016,79.77852315643014,78.5,87.69843304843305,58.0,93.0,82.66666666666667,56.0,92.0,90.0,96.0,grumbling
2026-01-01T12:01:48.586+00:00,225,replay,sample/replay,engine/SID807,decoded CSV,100%,2.087682273208725,0.0,0.654,CLIMBING,↑,1260.0,29.825808000000002,4,cruise,40.0,,21.0,18.0,20.0,18.0,20.0,18.0,40.0,2.0,40.0,cold,984.0,-2.0,28.0,-30.0,480.0,484.0,-4.0,986.0,6.0,35.0,20.681025641025645,12.320192307692308,0.0,0.0,steady,7.300000000000001,23.0,248.0,263.0,15.0,19.0,17.0,-2.0,0.0,0.0,0.0,77.0,77.0,0.0,14.600000000000001,3.6,215.0,6.0,319.384694,621.992371,10294.874728,940.0,164.0,14.855072463768115,26.339999999999975,-10.519999999999982,-12.45999999999998,-3.3500000000000227,80.20718683053956,79.0,88.52726891421335,58.0,93.0,82.66666666666667,56.0,92.0,90.0,96.0,grumbling
2026-01-01T12:01:49.032+00:00,226,replay,sample/replay,engine/SID807,decoded CSV,100%,2.2421531663440533,0.0,0.654,CLIMBING,↑,1265.0,29.825808000000002,4,lugging,40.0,,21.0,18.0,20.0,18.0,20.0,18.0,40.0,2.0,40.0,cold,983.0,-3.0,28.0,-31.0,488.0,484.0,4.0,986.0,6.0,36.0,21.373333333333335,11.795000000000002,0.0,0.0,steady,7.800000000000001,24.0,247.0,242.0,-5.0,19.0,19.0,0.0,0.0,0.0,0.0,77.0,77.0,0.0,14.5,3.6,216.0,6.0,319.384694,621.992371,10294.874728,940.0,164.0,14.855072463768115,28.370000000000005,-11.339999999999975,-13.420000000000016,-3.6100000000000136,75.17177002583978,62.0,87.6924074074074,58.0,93.0,61.95238095238096,56.0,50.0,66.0,96.0,lugging
2026-01-01T12:01:49.545+00:00,227,replay,sample/replay,engine/SID807,decoded CSV,100%,1.9493176953057103,0.0,0.654,CLIMBING,↑,1253.0,29.825808000000002,4,lugging,40.0,,21.0,18.0,20.0,18.0,20.0,18.0,40.0,2.0,40.0,cold,981.0,-6.0,23.0,-29.0,454.0,453.0,1.0,987.0,6.0,37.0,20.432051282051283,10.568717948717948,0.0,0.0,steady,5.5,23.0,242.0,240.0,-2.0,19.0,19.0,0.0,0.0,0.0,0.0,77.0,77.0,0.0,14.600000000000001,3.6,218.0,6.0,319.384694,621.992371,10294.874728,940.0,164.0,14.855072463768115,45.660000000000025,-18.25,-21.589999999999975,-5.810000000000002,75.49246995019766,62.0,88.61174719056663,58.0,93.0,61.95238095238096,56.0,50.0,66.0,96.0,lugging
2026-01-01T12:01:50.029+00:00,228,replay,sample/replay,engine/SID807,decoded CSV,100%,2.0661148231269864,0.0,0.654,CLIMBING,↑,1251.0,29.825808000000002,4,lugging,40.0,,21.0,18.0,20.0,18.0,20.0,18.0,40.0,2.0,40.0,cold,981.0,-5.0,24.0,-29.0,440.0,445.0,-5.0,986.0,6.0,39.0,21.200256410256404,10.505256410256411,0.0,0.0,steady,5.4,24.0,242.0,242.0,0.0,19.0,19.0,0.0,0.0,0.0,0.0,77.0,77.0,0.0,14.5,3.6,219.0,6.0,319.384694,621.992371,10294.874728,940.0,164.0,14.855072463768115,46.68000000000001,-18.649999999999977,-22.079999999999984,-5.939999999999998,75.19105669846948,62.0,87.74769586894587,58.0,93.0,61.95238095238096,56.0,50.0,66.0,96.0,lugging
2026-01-01T12:01:50.465+00:00,229,replay,sample/replay,engine/SID807,decoded CSV,100%,2.2935786639368825,0.0,0.654,CLIMBING,↑,1256.0,29.204437,4,lugging,40.0,,21.0,18.0,20.0,18.0,20.0,18.0,40.0,2.0,40.0,cold,981.0,-5.0,23.0,-28.0,438.0,436.0,2.0,986.0,6.0,39.0,21.095641025641026,10.061474358974358,-0.6371049873218618,-0.06496662849412,easing,5.7,23.0,240.0,227.0,-13.0,19.0,19.0,0.0,0.0,0.0,0.0,77.0,77.0,0.0,14.5,3.6,219.0,6.0,319.384694,621.992371,10294.874728,940.0,164.0,14.855072463768115,50.75,-20.279999999999973,-24.0,-6.4599999999999795,75.20697798648379,62.0,87.79333689458689,58.0,93.0,61.95238095238096,56.0,50.0,66.0,96.0,lugging
2026-01-01T12:01:50.917+00:00,230,replay,sample/replay,engine/SID807,decoded CSV,100%,2.2123898566587106,0.0,0.654,CLIMBING,↑,1250.0,29.204437,4,lugging,40.0,,21.0,18.0,20.0,18.0,20.0,18.0,40.0,2.0,40.0,cold,980.0,-5.0,26.0,-31.0,448.0,453.0,-5.0,985.0,6.0,39.0,21.162051282051284,10.44371794871795,0.0,0.0,steady,5.5,23.0,244.0,238.0,-6.0,17.0,19.0,2.0,0.0,0.0,0.0,77.0,77.0,0.0,14.5,3.6,220.0,6.0,319.384694,621.992371,10294.874728,940.0,164.0,14.855072463768115,43.629999999999995,-17.430000000000007,-20.629999999999995,-5.550000000000011,75.21617968594713,62.0,87.8197150997151,58.0,93.0,61.95238095238096,56.0,50.0,66.0,96.0,lugging
2026-01-01T12:01:51.534+00:00,231,replay,sample/replay,engine/SID807,decoded CSV,100%,1.6207452723960794,0.0,0.654,CLIMBING,↑,1251.0,29.825808000000002,4,lugging,40.0,,21.0,18.0,20.0,18.0,20.0,18.0,40.0,2.0,40.0,cold,980.0,-6.0,27.0,-33.0,468.0,467.0,1.0,986.0,6.0,40.0,22.111538461538462,11.226538461538462,0.4502068808267775,0.045908325557328704,gaining,6.4,24.0,246.0,246.0,0.0,17.0,17.0,0.0,0.0,0.0,0.0,77.0,77.0,0.0,14.3,3.6,222.0,6.0,319.384694,621.992371,10294.874728,940.0,164.0,14.855072463768115,36.50999999999999,-14.589999999999975,-17.269999999999982,-4.649999999999977,74.90972843371098,62.0,86.9412215099715,58.0,93.0,61.95238095238096,56.0,50.0,66.0,96.0,lugging
2026-01-01T12:01:52.006+00:00,232,replay,sample/replay,engine/SID807,decoded CSV,100%,2.1186435198655156,0.0,0.654,CLIMBING,↑,1249.0,29.825808000000002,4,lugging,41.0,,21.0,18.0,20.0,18.0,20.0,18.0,41.0,2.0,41.0,cold,980.0,-6.0,27.0,-33.0,466.0,469.0,-3.0,986.0,6.0,40.0,22.086410256410254,11.055576923076924,0.0,0.0,steady,6.300000000000001,24.0,245.0,243.0,-2.0,17.0,17.0,0.0,0.0,0.0,0.0,77.0,77.0,0.0,14.5,3.6,222.0,6.0,319.384694,621.992371,10294.874728,940.0,164.0,14.855072463768115,35.49000000000001,-14.180000000000007,-16.779999999999973,-4.519999999999982,75.0056810276287,62.0,86.9762856125356,58.400000000000006,93.0,62.07023809523809,56.45,50.0,66.0,96.0,lugging
2026-01-01T12:01:52.487+00:00,233,replay,sample/replay,engine/SID807,decoded CSV,100%,2.0790023098351393,0.0,0.654,CLIMBING,↑,1250.0,29.825808000000002,4,lugging,41.0,,21.0,18.0,20.0,18.0,20.0,18.0,41.0,2.0,41.0,cold,981.0,-5.0,25.0,-30.0,456.0,457.0,-1.0,986.0,6.0,40.0,21.52871794871795,10.834551282051283,0.0,0.0,steady,5.5,23.0,243.0,247.0,4.0,18.0,17.0,-1.0,0.0,0.0,0.0,77.0,77.0,0.0,14.5,3.6,223.0,6.0,319.384694,621.992371,10294.874728,940.0,164.0,14.855072463768115,43.629999999999995,-17.430000000000007,-20.629999999999995,-5.550000000000011,75.17926108129598,62.0,87.47388176638177,58.400000000000006,93.0,62.07023809523809,56.45,50.0,66.0,96.0,lugging
2026-01-01T12:01:52.953+00:00,234,replay,sample/replay,engine/SID807,decoded CSV,100%,2.145923475796157,0.0,0.654,CLIMBING,↑,1254.0,29.825808000000002,4,lugging,41.0,,21.0,18.0,20.0,18.0,20.0,18.0,41.0,2.0,41.0,cold,981.0,-5.0,24.0,-29.0,446.0,450.0,-4.0,986.0,6.0,40.0,21.891282051282047,10.97544871794872,0.0,0.0,steady,6.2,24.0,242.0,245.0,3.0,20.0,19.0,-1.0,0.0,0.0,0.0,77.0,77.0,0.0,14.5,3.5,224.0,6.0,319.384694,621.992371,10294.874728,940.0,164.0,14.855072463768115,45.660000000000025,-18.25,-21.589999999999975,-5.810000000000002,75.0530709600477,62.0,87.11213675213675,58.400000000000006,93.0,62.07023809523809,56.45,50.0,66.0,96.0,lugging
2026-01-01T12:01:53.405+00:00,235,replay,sample/replay,engine/SID807,decoded CSV,100%,2.2123886896793272,0.0,0.654,CLIMBING,↑,1250.0,29.204437,4,lugging,41.0,,21.0,18.0,20.0,18.0,20.0,18.0,41.0,2.0,41.0,cold,980.0,-7.0,22.0,-29.0,440.0,442.0,-2.0,987.0,6.0,41.0,21.594871794871793,10.199038461538462,-0.614552223672049,-0.06266688662000265,easing,5.1000000000000005,23.0,241.0,237.0,-4.0,18.0,19.0,1.0,0.0,0.0,0.0,77.0,77.0,0.0,14.5,3.6,225.0,6.0,319.384694,621.992371,10294.874728,940.0,164.0,14.855072463768115,47.69999999999999,-19.060000000000002,-22.560000000000002,-6.069999999999993,75.13371099185052,62.0,87.34330484330484,58.400000000000006,93.0,62.07023809523809,56.45,50.0,66.0,96.0,lugging
2026-01-01T12:01:53.964+00:00,236,replay,sample/replay,engine/SID807,decoded CSV,100%,1.7889087168218591,0.0,0.654,CLIMBING,↑,1249.0,29.204437,4,lugging,41.0,,21.0,18.0,20.0,18.0,20.0,18.0,41.0,2.0,41.0,cold,980.0,-6.0,25.0,-31.0,443.0,450.0,-7.0,986.0,6.0,41.0,21.83205128205128,10.332051282051282,0.0,0.0,steady,5.5,23.0,245.0,236.0,-9.0,17.0,19.0,2.0,0.0,0.0,0.0,77.0,77.0,0.0,14.5,3.6,226.0,6.0,319.384694,621.992371,10294.874728,940.0,164.0,14.855072463768115,43.629999999999995,-17.430000000000007,-20.629999999999995,-5.550000000000011,75.06690643013316,62.0,87.15179843304843,58.400000000000006,93.0,62.07023809523809,56.45,50.0,66.0,96.0,lugging
2026-01-01T12:01:54.469+00:00,237,replay,sample/replay,engine/SID807,decoded CSV,100%,1.9801985059413452,0.0,0.654,CLIMBING,↑,1250.0,29.204437,4,lugging,41.0,,21.0,18.0,20.0,18.0,20.0,18.0,41.0,2.0,41.0,cold,980.0,-6.0,27.0,-33.0,463.0,466.0,-3.0,986.0,6.0,41.0,22.493333333333336,11.303333333333335,0.0,0.0,steady,6.5,24.0,247.0,248.0,1.0,17.0,17.0,0.0,0.0,0.0,0.0,77.0,77.0,0.0,14.5,3.6,227.0,6.0,319.384694,621.992371,10294.874728,940.0,164.0,14.855072463768115,34.47000000000003,-13.769999999999982,-16.30000000000001,-4.389999999999986,74.86188630490955,62.0,86.56407407407407,58.400000000000006,93.0,62.07023809523809,56.45,50.0,66.0,96.0,lugging
2026-01-01T12:01:54.926+00:00,238,replay,sample/replay,engine/SID807,decoded CSV,100%,2.1881837252458136,0.0,0.654,CLIMBING,↑,1244.0,29.204437,4,lugging,41.0,,21.0,18.0,20.0,18.0,20.0,18.0,41.0,2.0,41.0,cold,982.0,-4.0,29.0,-33.0,484.0,481.0,3.0,986.0,6.0,41.0,22.997948717948717,11.54544871794872,0.0,0.0,steady,7.5,24.0,249.0,241.0,-8.0,17.0,17.0,0.0,0.0,0.0,0.0,77.0,77.0,0.0,14.5,3.6,228.0,6.0,319.384694,621.992371,10294.874728,940.0,164.0,14.855072463768115,25.319999999999993,-10.120000000000005,-11.970000000000027,-3.2200000000000273,74.70643013317431,62.0,86.11843304843305,58.400000000000006,93.0,62.07023809523809,56.45,50.0,66.0,96.0,lugging
2026-01-01T12:01:55.381+00:00,239,replay,sample/replay,engine/SID807,decoded CSV,100%,2.197801414686265,0.0,0.654,CLIMBING,↑,1244.0,29.204437,4,lugging,41.0,,21.0,18.0,20.0,18.0,20.0,18.0,41.0,2.0,41.0,cold,982.0,-4.0,29.0,-33.0,488.0,491.0,-3.0,986.0,6.0,41.0,23.256923076923076,12.101923076923077,0.0,0.0,steady,8.0,24.0,251.0,250.0,-1.0,17.0,17.0,0.0,0.0,0.0,0.0,77.0,77.0,0.0,14.600000000000001,3.6,229.0,6.0,319.384694,621.992371,10294.874728,940.0,164.0,14.855072463768115,19.220000000000027,-7.680000000000007,-9.089999999999975,-2.4399999999999977,74.62782995428344,62.0,85.89311253561253,58.400000000000006,93.0,62.07023809523809,56.45,50.0,66.0,96.0,lugging
2026-01-01T12:01:55.845+00:00,240,replay,sample/replay,engine/SID807,decoded CSV,100%,2.15517247580745,0.0,0.654,CLIMBING,↑,1243.0,29.204437,4,lugging,41.0,,21.0,18.0,20.0,18.0,20.0,18.0,41.0,2.0,41.0,cold,983.0,-4.0,28.0,-32.0,496.0,497.0,-1.0,987.0,6.0,41.0,23.40230769230769,12.567307692307693,0.0,0.0,steady,8.3,24.0,252.0,258.0,6.0,17.0,16.0,-1.0,0.0,0.0,0.0,77.0,77.0,0.0,14.5,3.6,230.0,6.0,319.384694,621.992371,10294.874728,940.0,164.0,14.855072463768115,16.170000000000016,-6.4599999999999795,-7.639999999999986,-2.0500000000000114,74.58197798648379,62.0,85.76167022792022,58.400000000000006,93.0,62.07023809523809,56.45,50.0,66.0,96.0,lugging
2026-01-01T12:01:56.307+00:00,241,replay,sample/replay,engine/SID807,decoded CSV,100%,2.1645026649217036,0.0,0.654,CLIMBING,↑,1240.0,29.204437,4,lugging,41.0,,21.0,18.0,20.0,18.0,20.0,18.0,41.0,2.0,41.0,cold,983.0,-3.0,31.0,-34.0,499.0,500.0,-1.0,986.0,6.0,41.0,23.76,13.1475,0.0,0.0,steady,9.1,24.0,254.0,265.0,11.0,17.0,16.0,-1.0,0.0,0.0,0.0,77.0,77.0,0.0,14.5,3.6,230.0,6.0,319.384694,621.992371,10294.874728,940.0,164.0,14.855072463768115,13.120000000000005,-5.240000000000009,-6.199999999999989,-1.670000000000016,74.46363049095606,62.0,85.4224074074074,58.400000000000006,93.0,62.07023809523809,56.45,50.0,66.0,96.0,lugging
2026-01-01T12:01:56.804+00:00,242,replay,sample/replay,engine/SID807,decoded CSV,100%,2.012072519547206,0.0,0.654,CLIMBING,↑,1245.0,29.204437,4,lugging,41.0,,21.0,18.0,20.0,18.0,20.0,18.0,41.0,2.0,41.0,cold,985.0,-1.0,35.0,-36.0,516.0,514.0,2.0,986.0,6.0,41.0,24.162564102564104,13.47173076923077,0.0,0.0,steady,9.8,24.0,258.0,263.0,5.0,16.0,16.0,0.0,0.0,0.0,0.0,77.0,77.0,0.0,14.5,3.5,231.0,6.0,319.384694,621.992371,10294.874728,940.0,164.0,14.855072463768115,3.9599999999999795,-1.579999999999984,-1.8700000000000045,-0.5,74.36127757901014,62.0,85.12899572649572,58.400000000000006,93.0,62.07023809523809,56.45,50.0,66.0,96.0,lugging
2026-01-01T12:01:57.265+00:00,243,replay,sample/replay,engine/SID807,decoded CSV,100%,2.16919755851082,0.0,0.654,CLIMBING,↑,1244.0,29.204437,4,lugging,41.0,,21.0,18.0,20.0,18.0,20.0,18.0,41.0,2.0,41.0,cold,984.0,-2.0,37.0,-39.0,524.0,519.0,5.0,986.0,6.0,41.0,24.18128205128205,13.674615384615386,0.0,0.0,steady,10.100000000000001,23.0,259.0,264.0,5.0,16.0,16.0,0.0,0.0,0.0,0.0,77.0,77.0,0.0,14.5,3.6,232.0,6.0,319.384694,621.992371,10294.874728,940.0,164.0,14.855072463768115,0.0,0.0,0.0,0.0,74.34814524945338,62.0,85.09134971509971,58.400000000000006,93.0,62.07023809523809,56.45,50.0,66.0,96.0,lugging
2026-01-01T12:01:57.709+00:00,244,replay,sample/replay,engine/SID807,decoded CSV,100%,2.2522522232263724,0.0,0.654,CLIMBING,↑,1242.0,29.204437,4,lugging,41.0,,21.0,18.0,20.0,18.0,20.0,18.0,41.0,2.0,41.0,cold,986.0,-1.0,41.0,-42.0,529.0,532.0,-3.0,987.0,6.0,41.0,24.765641025641024,13.896474358974357,0.0,0.0,steady,10.9,24.0,263.0,261.0,-2.0,15.0,16.0,1.0,0.0,0.0,0.0,77.0,77.0,0.0,14.5,3.6,233.0,6.0,319.384694,621.992371,10294.874728,940.0,164.0,14.855072463768115,0.0,0.0,0.0,0.0,74.17107682369311,62.0,84.58375356125356,58.400000000000006,93.0,62.07023809523809,56.45,50.0,66.0,96.0,lugging
2026-01-01T12:01:58.175+00:00,245,replay,sample/replay,engine/SID807,decoded CSV,100%,2.145922377882127,0.0,0.654,CLIMBING,↑,1227.0,29.204437,4,lugging,41.0,,21.0,18.0,20.0,18.0,20.0,18.0,41.0,2.0,41.0,cold,986.0,0.0,47.0,-47.0,545.0,549.0,-4.0,986.0,6.0,41.0,25.285128205128203,14.374294871794872,0.0,0.0,steady,11.8,24.0,267.0,263.0,-4.0,15.0,15.0,0.0,0.0,0.0,0.0,77.0,77.0,0.0,14.3,3.6,233.0,6.0,319.384694,621.992371,10294.874728,940.0,164.0,14.855072463768115,0.0,0.0,0.0,0.0,74.02261975750348,62.0,84.15817663817663,58.400000000000006,93.0,62.07023809523809,56.45,50.0,66.0,96.0,lugging
2026-01-01T12:01:58.650+00:00,246,replay,sample/replay,engine/SID807,decoded CSV,100%,2.105263580575959,0.0,0.654,CLIMBING,↑,1228.0,29.204437,4,lugging,41.0,,21.0,18.0,20.0,18.0,20.0,18.0,41.0,2.0,41.0,cold,989.0,2.0,62.0,-60.0,572.0,577.0,-5.0,987.0,6.0,41.0,26.275641025641022,15.357307692307693,0.0,0.0,steady,13.5,24.0,276.0,266.0,-10.0,14.0,14.0,0.0,0.0,0.0,0.0,77.0,77.0,0.0,14.3,3.6,234.0,6.0,319.384694,621.992371,10294.874728,940.0,164.0,14.855072463768115,0.0,0.0,0.0,0.0,73.74098961439078,62.0,83.35083689458689,58.400000000000006,93.0,62.07023809523809,56.45,50.0,66.0,96.0,lugging
2026-01-01T12:01:59.136+00:00,247,replay,sample/replay,engine/SID807,decoded CSV,100%,2.0576129103153797,0.0,0.654,CLIMBING,↑,1222.0,29.204437,4,lugging,42.0,,21.0,18.0,20.0,18.0,20.0,18.0,42.0,2.0,42.0,cold,990.0,4.0,80.0,-76.0,628.0,625.0,3.0,986.0,7.0,41.0,27.583333333333336,17.526666666666664,0.0,0.0,steady,15.600000000000001,24.0,295.0,292.0,-3.0,11.0,11.0,0.0,0.0,0.0,0.0,77.0,77.0,0.0,14.600000000000001,3.6,235.0,7.0,319.384694,621.992371,10294.874728,940.0,164.0,14.855072463768115,0.0,0.0,0.0,0.0,73.46581072351421,62.0,82.32199074074073,58.8,93.0,62.18809523809524,56.900000000000006,50.0,66.0,96.0,lugging
2026-01-01T12:01:59.627+00:00,248,replay,sample/replay,engine/SID807,decoded CSV,100%,2.0366601388849097,0.0,0.654,CLIMBING,↑,1225.0,29.204437,4,lugging,42.0,,21.0,18.0,20.0,18.0,20.0,18.0,42.0,2.0,42.0,cold,997.0,10.0,78.0,-68.0,626.0,632.0,-6.0,987.0,7.0,42.0,28.075384615384618,17.96371794871795,0.0,0.0,steady,15.9,24.0,299.0,298.0,-1.0,11.0,10.0,-1.0,0.0,0.0,0.0,78.0,77.0,-1.0,14.5,3.6,236.0,7.0,319.384694,621.992371,10294.874728,940.0,164.0,14.855072463768115,0.0,0.0,0.0,0.0,73.30193549990062,62.0,81.8522150997151,58.8,93.0,62.18809523809524,56.900000000000006,50.0,66.0,96.0,lugging
2026-01-01T12:02:00.098+00:00,249,replay,sample/replay,engine/SID807,decoded CSV,100%,2.1231413735536706,0.0,0.654,CLIMBING,↑,1221.0,28.583066,4,lugging,42.0,,21.0,18.0,20.0,18.0,20.0,18.0,42.0,2.0,42.0,cold,1002.0,16.0,97.0,-81.0,664.0,672.0,-8.0,986.0,9.0,44.0,30.078205128205127,20.162371794871795,-0.5897613101957457,-0.06013891697937071,easing,18.1,24.0,332.0,325.0,-7.0,7.0,7.0,0.0,0.0,0.0,0.0,83.0,80.0,-3.0,14.5,3.5,237.0,9.0,319.384694,621.992371,10294.874728,940.0,164.0,14.855072463768115,0.0,0.0,0.0,0.0,72.04600104353013,62.0,80.15742521367521,58.8,88.91666666666667,62.18809523809524,56.900000000000006,50.0,66.0,96.0,lugging
2026-01-01T12:02:00.575+00:00,250,replay,sample/replay,engine/SID807,decoded CSV,100%,2.0964360670830913,0.0,0.66,CLIMBING,↑,1231.0,29.204437,4,lugging,42.0,,21.0,18.0,20.0,18.0,20.0,18.0,42.0,2.0,42.0,cold,1012.0,26.0,134.0,-108.0,712.0,708.0,4.0,986.0,10.0,44.0,31.41897435897436,22.425641025641028,0.5823431718044684,0.059382477380600755,gaining,20.0,24.0,359.0,352.0,-7.0,3.0,3.0,0.0,0.0,0.0,0.0,88.0,83.0,-5.0,14.5,3.6,238.0,10.0,319.384694,621.992371,10294.874728,940.0,164.0,14.855072463768115,0.0,0.0,0.0,0.0,71.32146442059233,62.0,79.13042022792023,58.8,86.66666666666667,62.18809523809524,56.900000000000006,50.0,66.0,96.0,lugging
2026-01-01T12:02:01.064+00:00,251,replay,sample/replay,engine/SID807,decoded CSV,100%,2.0449904291243257,0.0,0.66,CLIMBING,↑,1233.0,29.204437,4,lugging,42.0,,21.0,18.0,20.0,18.0,20.0,18.0,42.0,2.0,42.0,cold,1031.0,45.0,159.0,-114.0,741.0,741.0,0.0,986.0,11.0,44.0,32.196666666666665,24.0,0.0,0.0,steady,20.8,24.0,369.0,372.0,3.0,2.0,1.0,-1.0,0.0,0.0,0.0,88.0,86.0,-2.0,14.5,3.6,239.0,11.0,319.384694,621.992371,10294.874728,940.0,164.0,14.855072463768115,0.0,0.0,0.0,0.0,71.06677971576227,62.0,78.63365740740741,58.8,86.16666666666667,62.18809523809524,56.900000000000006,50.0,66.0,96.0,lugging
2026-01-01T12:02:01.699+00:00,252,replay,sample/replay,engine/SID807,decoded CSV,100%,1.5748031732574699,0.0,0.66,CLIMBING,↑,1240.0,29.204437,4,lugging,42.0,,21.0,18.0,20.0,18.0,20.0,18.0,42.0,2.0,42.0,cold,1052.0,66.0,117.0,-51.0,734.0,724.0,10.0,986.0,11.0,44.0,31.355641025641027,23.906474358974364,0.0,0.0,steady,20.0,24.0,352.0,369.0,17.0,4.0,3.0,-1.0,0.0,0.0,0.0,86.0,87.0,1.0,13.9,3.6,240.0,11.0,319.384694,621.992371,10294.874728,940.0,164.0,14.855072463768115,0.0,0.0,0.0,0.0,72.36075705625123,62.0,79.15417022792022,58.8,93.0,62.18809523809524,56.900000000000006,50.0,66.0,96.0,lugging
2026-01-01T12:02:02.167+00:00,253,replay,sample/replay,engine/SID807,decoded CSV,100%,2.1367524328377825,0.0,0.66,CLIMBING,↑,1241.0,29.204437,4,lugging,42.0,,21.0,18.0,20.0,18.0,20.0,18.0,42.0,2.0,42.0,cold,1055.0,69.0,100.0,-31.0,723.0,704.0,19.0,986.0,11.0,44.0,30.552307692307693,22.59897435897436,0.0,0.0,steady,18.7,24.0,332.0,348.0,16.0,5.0,4.0,-1.0,0.0,0.0,0.0,83.0,87.0,4.0,14.600000000000001,3.6,241.0,11.0,319.384694,621.992371,10294.874728,940.0,164.0,14.855072463768115,0.0,0.0,0.0,0.0,72.58212333532103,62.0,79.78875356125356,58.8,93.0,62.18809523809524,56.900000000000006,50.0,66.0,96.0,lugging
2026-01-01T12:02:02.639+00:00,254,replay,sample/replay,engine/SID807,decoded CSV,100%,2.1186435198655156,0.0,0.66,CLIMBING,↑,1244.0,29.204437,4,lugging,42.0,,21.0,18.0,20.0,18.0,20.0,18.0,42.0,2.0,42.0,cold,1047.0,61.0,89.0,-28.0,674.0,676.0,-2.0,986.0,10.0,44.0,29.717179487179486,20.82301282051282,0.0,0.0,steady,17.3,24.0,311.0,327.0,16.0,7.0,7.0,0.0,0.0,0.0,0.0,80.0,86.0,6.0,14.5,3.6,242.0,10.0,319.384694,621.992371,10294.874728,940.0,164.0,14.855072463768115,0.0,0.0,0.0,0.0,72.81659337109919,62.0,80.460900997151,58.8,93.0,62.18809523809524,56.900000000000006,50.0,66.0,96.0,lugging
2026-01-01T12:02:03.114+00:00,255,replay,sample/replay,engine/SID807,decoded CSV,100%,2.105263580575959,0.0,0.66,CLIMBING,↑,1242.0,29.204437,4,lugging,42.0,,21.0,18.0,20.0,18.0,20.0,18.0,42.0,2.0,42.0,cold,1036.0,50.0,88.0,-38.0,672.0,670.0,2.0,986.0,10.0,44.0,29.628717948717945,20.431217948717947,0.0,0.0,steady,17.2,24.0,311.0,323.0,12.0,8.0,9.0,1.0,0.0,0.0,0.0,80.0,83.0,3.0,14.5,3.6,243.0,10.0,319.384694,621.992371,10294.874728,940.0,164.0,14.855072463768115,0.0,0.0,0.0,0.0,72.83710991850528,62.0,80.5197150997151,58.8,93.0,62.18809523809524,56.900000000000006,50.0,66.0,96.0,lugging
2026-01-01T12:02:03.612+00:00,256,replay,sample/replay,engine/SID807,decoded CSV,100%,2.0080315440135887,0.0,0.66,CLIMBING,↑,1242.0,29.204437,4,lugging,42.0,,21.0,18.0,20.0,18.0,20.0,18.0,42.0,2.0,42.0,cold,1027.0,42.0,95.0,-53.0,670.0,678.0,-8.0,985.0,9.0,44.0,29.944358974358973,20.25185897435897,0.0,0.0,steady,17.7,24.0,320.0,317.0,-3.0,9.0,9.0,0.0,0.0,0.0,0.0,81.0,81.0,0.0,14.5,3.6,244.0,9.0,319.384694,621.992371,10294.874728,940.0,164.0,14.855072463768115,0.0,0.0,0.0,0.0,72.75109694891671,62.0,80.27314458689459,58.8,93.0,62.18809523809524,56.900000000000006,50.0,66.0,96.0,lugging
2026-01-01T12:02:04.076+00:00,257,replay,sample/replay,engine/SID807,decoded CSV,100%,2.15517247580745,0.0,0.66,CLIMBING,↑,1251.0,29.825808000000002,4,lugging,42.0,,21.0,18.0,20.0,18.0,20.0,18.0,42.0,2.0,42.0,cold,1023.0,36.0,92.0,-56.0,675.0,682.0,-7.0,987.0,8.0,44.0,29.902564102564103,20.66423076923077,0.5986588358468952,0.06104621209555712,gaining,17.6,24.0,317.0,330.0,13.0,8.0,9.0,1.0,0.0,0.0,0.0,81.0,82.0,1.0,14.3,3.6,244.0,8.0,319.384694,621.992371,10294.874728,940.0,164.0,14.855072463768115,0.0,0.0,0.0,0.0,72.76550884516001,62.0,80.31445868945869,58.8,93.0,62.18809523809524,56.900000000000006,50.0,66.0,96.0,lugging
2026-01-01T12:02:04.562+00:00,258,replay,sample/replay,engine/SID807,decoded CSV,100%,2.0576129103153797,0.0,0.66,CLIMBING,↑,1258.0,29.825808000000002,4,lugging,42.0,,21.0,18.0,20.0,18.0,20.0,18.0,42.0,2.0,42.0,cold,1021.0,34.0,85.0,-51.0,673.0,668.0,5.0,987.0,8.0,44.0,29.393076923076922,19.65724358974359,0.0,0.0,steady,16.7,24.0,304.0,313.0,9.0,10.0,9.0,-1.0,0.0,0.0,0.0,79.0,81.0,2.0,14.5,3.6,245.0,8.0,319.384694,621.992371,10294.874728,940.0,164.0,14.855072463768115,0.0,0.0,0.0,0.0,72.91265777181474,62.0,80.73628561253561,58.8,93.0,62.18809523809524,56.900000000000006,50.0,66.0,96.0,lugging
2026-01-01T12:02:05.025+00:00,259,replay,sample/replay,engine/SID807,decoded CSV,100%,2.1598280501884175,0.0,0.666,CLIMBING,↑,1263.0,29.825808000000002,4,lugging,42.0,,21.0,18.0,20.0,18.0,20.0,18.0,42.0,2.0,42.0,cold,1020.0,34.0,75.0,-41.0,646.0,644.0,2.0,986.0,9.0,44.0,28.63307692307692,18.618910256410256,0.0,0.0,steady,15.4,24.0,289.0,303.0,14.0,12.0,12.0,0.0,0.0,0.0,0.0,77.0,80.0,3.0,14.5,3.6,246.0,9.0,319.384694,621.992371,10294.874728,940.0,164.0,14.855072463768115,0.0,0.0,0.0,0.0,73.12835544623334,62.0,81.35461894586894,58.8,93.0,62.18809523809524,56.900000000000006,50.0,66.0,96.0,lugging
2026-01-01T12:02:05.529+00:00,260,replay,sample/replay,engine/SID807,decoded CSV,100%,1.984126248267445,0.0,0.666,CLIMBING,↑,1260.0,29.825808000000002,4,lugging,42.0,,21.0,18.0,20.0,18.0,20.0,18.0,42.0,2.0,42.0,cold,1012.0,27.0,58.0,-31.0,591.0,592.0,-1.0,985.0,7.0,44.0,27.19333333333333,16.0025,0.0,0.0,steady,13.0,24.0,271.0,271.0,0.0,17.0,17.0,0.0,0.0,0.0,0.0,77.0,78.0,1.0,14.5,3.6,246.0,7.0,319.384694,621.992371,10294.874728,940.0,164.0,14.855072463768115,0.0,0.0,0.0,0.0,73.5313630490956,62.0,82.50990740740741,58.8,93.0,62.18809523809524,56.900000000000006,50.0,66.0,96.0,lugging
2026-01-01T12:02:06.003+00:00,261,replay,sample/replay,engine/SID807,decoded CSV,100%,2.109704743222172,0.0,0.666,CLIMBING,↑,1260.0,29.825808000000002,4,lugging,42.0,,21.0,18.0,20.0,18.0,20.0,18.0,42.0,2.0,42.0,cold,1007.0,21.0,50.0,-29.0,561.0,566.0,-5.0,986.0,7.0,44.0,26.555384615384614,14.642884615384615,0.0,0.0,steady,12.0,24.0,266.0,253.0,-13.0,18.0,19.0,1.0,0.0,0.0,0.0,77.0,78.0,1.0,14.3,3.6,247.0,7.0,319.384694,621.992371,10294.874728,940.0,164.0,14.855072463768115,0.0,0.0,0.0,0.0,73.70426108129598,62.0,83.00554843304843,58.8,93.0,62.18809523809524,56.900000000000006,50.0,66.0,96.0,lugging
2026-01-01T12:02:06.456+00:00,262,replay,sample/replay,engine/SID807,decoded CSV,100%,2.2075063459891715,0.0,0.666,CLIMBING,↑,1259.0,29.825808000000002,4,lugging,42.0,,21.0,18.0,20.0,18.0,20.0,18.0,42.0,2.0,42.0,cold,998.0,12.0,43.0,-31.0,539.0,541.0,-2.0,986.0,7.0,44.0,25.857179487179486,13.993846153846153,0.0,0.0,steady,10.8,24.0,262.0,256.0,-6.0,18.0,19.0,1.0,0.0,0.0,0.0,77.0,77.0,0.0,14.5,3.6,247.0,7.0,319.384694,621.992371,10294.874728,940.0,164.0,14.855072463768115,0.0,0.0,0.0,0.0,73.9029305804015,62.0,83.57506766381766,58.8,93.0,62.18809523809524,56.900000000000006,50.0,66.0,96.0,lugging
2026-01-01T12:02:06.928+00:00,263,replay,sample/replay,engine/SID807,decoded CSV,100%,2.1186435198655156,0.0,0.666,CLIMBING,↑,1258.0,29.825808000000002,4,lugging,42.0,,21.0,18.0,20.0,18.0,20.0,18.0,42.0,2.0,42.0,cold,993.0,6.0,39.0,-33.0,524.0,529.0,-5.0,987.0,7.0,44.0,25.506410256410255,13.33474358974359,0.0,0.0,steady,10.200000000000001,24.0,260.0,250.0,-10.0,17.0,18.0,1.0,0.0,0.0,0.0,77.0,77.0,0.0,14.3,3.6,248.0,7.0,319.384694,621.992371,10294.874728,940.0,164.0,14.855072463768115,0.0,0.0,0.0,0.0,74.00248335321008,62.0,83.86045227920226,58.8,93.0,62.18809523809524,56.900000000000006,50.0,66.0,96.0,lugging
2026-01-01T12:02:07.397+00:00,264,replay,sample/replay,engine/SID807,decoded CSV,100%,2.132196786380957,0.0,0.666,CLIMBING,↑,1258.0,29.825808000000002,4,lugging,42.0,,21.0,18.0,20.0,18.0,20.0,18.0,42.0,2.0,42.0,cold,990.0,4.0,38.0,-34.0,526.0,530.0,-4.0,986.0,7.0,44.0,25.503076923076918,13.614743589743592,0.0,0.0,steady,10.200000000000001,24.0,259.0,258.0,-1.0,16.0,17.0,1.0,0.0,0.0,0.0,77.0,77.0,0.0,14.5,3.6,248.0,7.0,319.384694,621.992371,10294.874728,940.0,164.0,14.855072463768115,0.0,0.0,0.0,0.0,74.00291939972172,62.0,83.86170227920228,58.8,93.0,62.18809523809524,56.900000000000006,50.0,66.0,96.0,lugging
2026-01-01T12:02:07.833+00:00,265,replay,sample/replay,engine/SID807,decoded CSV,100%,2.2935774097358967,0.0,0.666,CLIMBING,↑,1255.0,29.825808000000002,4,lugging,42.0,,21.0,18.0,20.0,18.0,20.0,18.0,42.0,2.0,42.0,cold,990.0,5.0,39.0,-34.0,525.0,525.0,0.0,985.0,7.0,44.0,25.402820512820515,13.83782051282051,0.0,0.0,steady,10.0,24.0,259.0,266.0,7.0,17.0,17.0,0.0,0.0,0.0,0.0,77.0,77.0,0.0,14.3,3.6,248.0,7.0,319.384694,621.992371,10294.874728,940.0,164.0,14.855072463768115,0.910000000000025,-0.36000000000001364,-0.4300000000000068,-0.11000000000001364,74.03392342476644,62.0,83.95058048433047,58.8,93.0,62.18809523809524,56.900000000000006,50.0,66.0,96.0,lugging
2026-01-01T12:02:08.351+00:00,266,replay,sample/replay,engine/SID807,decoded CSV,100%,1.9305023498963707,0.0,0.666,CLIMBING,↑,1252.0,29.825808000000002,4,lugging,43.0,,21.0,18.0,20.0,18.0,20.0,18.0,43.0,2.0,43.0,cold,988.0,1.0,38.0,-37.0,527.0,528.0,-1.0,987.0,7.0,44.0,25.489743589743586,13.813910256410256,0.0,0.0,steady,10.200000000000001,24.0,260.0,265.0,5.0,16.0,16.0,0.0,0.0,0.0,0.0,77.0,77.0,0.0,14.5,3.6,249.0,7.0,319.384694,621.992371,10294.874728,940.0,164.0,14.855072463768115,0.0,0.0,0.0,0.0,74.0883845160008,62.0,83.86670227920229,59.2,93.0,62.30595238095238,57.35,50.0,66.0,96.0,lugging
2026-01-01T12:02:08.798+00:00,267,replay,sample/replay,engine/SID807,decoded CSV,100%,2.2371363316823603,0.0,0.666,CLIMBING,↑,1247.0,29.204437,4,lugging,43.0,,21.0,18.0,20.0,18.0,20.0,18.0,43.0,2.0,43.0,cold,989.0,3.0,44.0,-41.0,534.0,534.0,0.0,986.0,7.0,44.0,25.82051282051282,13.77051282051282,-0.6214265665461343,-0.06336787450823006,easing,10.8,24.0,263.0,256.0,-7.0,16.0,16.0,0.0,0.0,0.0,0.0,77.0,77.0,0.0,14.3,3.6,249.0,7.0,319.384694,621.992371,10294.874728,940.0,164.0,14.855072463768115,0.0,0.0,0.0,0.0,73.99144802226198,62.0,83.58881766381766,59.2,93.0,62.30595238095238,57.35,50.0,66.0,96.0,lugging
2026-01-01T12:02:09.247+00:00,268,replay,sample/replay,engine/SID807,decoded CSV,100%,2.227170896161568,0.0,0.666,CLIMBING,↑,1245.0,29.204437,4,lugging,43.0,,21.0,18.0,20.0,18.0,20.0,18.0,43.0,2.0,43.0,cold,991.0,4.0,45.0,-41.0,546.0,547.0,-1.0,987.0,7.0,44.0,26.18641025641025,14.50474358974359,0.0,0.0,steady,11.5,24.0,266.0,266.0,0.0,15.0,15.0,0.0,0.0,0.0,0.0,77.0,77.0,0.0,14.5,3.6,249.0,7.0,319.384694,621.992371,10294.874728,940.0,164.0,14.855072463768115,0.0,0.0,0.0,0.0,73.88097172530311,62.0,83.27211894586894,59.2,93.0,62.30595238095238,57.35,50.0,66.0,96.0,lugging
2026-01-01T12:02:09.694+00:00,269,replay,sample/replay,engine/SID807,decoded CSV,100%,2.2371363316823603,0.0,0.666,CLIMBING,↑,1253.0,29.204437,4,lugging,43.0,,21.0,18.0,20.0,18.0,20.0,18.0,43.0,2.0,43.0,cold,990.0,4.0,51.0,-47.0,557.0,557.0,0.0,986.0,7.0,45.0,26.855384615384615,14.872051282051281,0.0,0.0,steady,12.0,24.0,268.0,268.0,0.0,15.0,15.0,0.0,0.0,0.0,0.0,77.0,77.0,0.0,14.600000000000001,3.6,250.0,7.0,319.384694,621.992371,10294.874728,940.0,164.0,14.855072463768115,0.0,0.0,0.0,0.0,73.67606340687735,62.0,82.68471509971509,59.2,93.0,62.30595238095238,57.35,50.0,66.0,96.0,lugging
2026-01-01T12:02:10.165+00:00,270,replay,sample/replay,engine/SID807,decoded CSV,100%,2.1231424482806274,0.0,0.666,CLIMBING,↑,1236.0,29.204437,4,lugging,43.0,,21.0,18.0,20.0,18.0,20.0,18.0,43.0,2.0,43.0,cold,991.0,5.0,59.0,-54.0,583.0,583.0,0.0,986.0,7.0,45.0,27.53179487179487,15.653461538461539,0.0,0.0,steady,13.100000000000001,24.0,271.0,274.0,3.0,15.0,15.0,0.0,0.0,0.0,0.0,77.0,77.0,0.0,14.3,3.6,250.0,7.0,319.384694,621.992371,10294.874728,940.0,164.0,14.855072463768115,0.0,0.0,0.0,0.0,73.48918952494533,62.0,82.14900997150997,59.2,93.0,62.30595238095238,57.35,50.0,66.0,96.0,lugging
2026-01-01T12:02:10.605+00:00,271,replay,sample/replay,engine/SID807,decoded CSV,100%,2.272726977167089,0.0,0.666,CLIMBING,↑,1244.0,29.204437,4,lugging,43.0,,21.0,18.0,20.0,18.0,20.0,18.0,43.0,2.0,43.0,cold,995.0,9.0,64.0,-55.0,580.0,584.0,-4.0,986.0,7.0,45.0,27.74230769230769,15.768141025641027,0.0,0.0,steady,13.5,24.0,274.0,271.0,-3.0,15.0,14.0,-1.0,0.0,0.0,0.0,77.0,77.0,0.0,14.600000000000001,3.6,250.0,7.0,319.384694,621.992371,10294.874728,940.0,164.0,14.855072463768115,0.0,0.0,0.0,0.0,73.42587333532101,62.0,81.96750356125357,59.2,93.0,62.30595238095238,57.35,50.0,66.0,96.0,lugging
2026-01-01T12:02:11.026+00:00,272,replay,sample/replay,engine/SID807,decoded CSV,100%,2.375296890591357,0.0,0.666,CLIMBING,↑,1249.0,29.825808000000002,4,lugging,43.0,,21.0,18.0,20.0,18.0,20.0,18.0,43.0,2.0,43.0,cold,996.0,10.0,70.0,-60.0,612.0,613.0,-1.0,986.0,7.0,45.0,28.418717948717948,16.887884615384614,0.6598044877032,0.06728133335065492,gaining,14.600000000000001,24.0,282.0,283.0,1.0,13.0,13.0,0.0,0.0,0.0,0.0,77.0,77.0,0.0,14.3,3.6,250.0,7.0,319.384694,621.992371,10294.874728,940.0,164.0,14.855072463768115,0.0,0.0,0.0,0.0,73.23899945338898,62.0,81.43179843304843,59.2,93.0,62.30595238095238,57.35,50.0,66.0,96.0,lugging
2026-01-01T12:02:11.674+00:00,273,replay,sample/replay,engine/SID807,decoded CSV,100%,1.5432098720008653,0.0,0.666,CLIMBING,↑,1247.0,29.204437,4,lugging,43.0,,21.0,18.0,20.0,18.0,20.0,18.0,43.0,2.0,43.0,cold,998.0,12.0,64.0,-52.0,611.0,609.0,2.0,986.0,9.0,45.0,28.10128205128205,16.677115384615384,-0.4286692762691046,-0.043712101101712066,easing,14.0,24.0,274.0,283.0,9.0,14.0,13.0,-1.0,0.0,0.0,0.0,77.0,77.0,0.0,14.600000000000001,3.6,251.0,9.0,319.384694,621.992371,10294.874728,940.0,164.0,14.855072463768115,0.0,0.0,0.0,0.0,73.3341917610813,62.0,81.70468304843305,59.2,93.0,62.30595238095238,57.35,50.0,66.0,96.0,lugging
2026-01-01T12:02:12.096+00:00,274,replay,sample/replay,engine/SID807,decoded CSV,100%,2.3696686320195073,0.0,0.666,CLIMBING,↑,1250.0,29.204437,4,lugging,43.0,,21.0,18.0,20.0,18.0,20.0,18.0,43.0,2.0,43.0,cold,999.0,12.0,65.0,-53.0,586.0,592.0,-6.0,987.0,7.0,45.0,27.8825641025641,16.217564102564104,0.0,0.0,steady,13.700000000000001,24.0,276.0,278.0,2.0,16.0,15.0,-1.0,0.0,0.0,0.0,77.0,77.0,0.0,14.3,3.6,251.0,7.0,319.384694,621.992371,10294.874728,940.0,164.0,14.855072463768115,0.0,0.0,0.0,0.0,73.38963675213675,62.0,81.86362535612535,59.2,93.0,62.30595238095238,57.35,50.0,66.0,96.0,lugging
2026-01-01T12:02:12.546+00:00,275,replay,sample/replay,engine/SID807,decoded CSV,100%,2.2222219867471074,0.0,0.666,CLIMBING,↑,1246.0,29.204437,4,lugging,43.0,,21.0,18.0,20.0,18.0,20.0,18.0,43.0,2.0,43.0,cold,999.0,13.0,66.0,-53.0,599.0,602.0,-3.0,986.0,7.0,44.0,27.686153846153847,15.821987179487179,0.0,0.0,steady,13.9,24.0,276.0,263.0,-13.0,15.0,15.0,0.0,0.0,0.0,0.0,77.0,77.0,0.0,14.5,3.6,252.0,7.0,319.384694,621.992371,10294.874728,940.0,164.0,14.855072463768115,0.0,0.0,0.0,0.0,73.47011528523157,62.0,82.09433048433048,59.2,93.0,62.30595238095238,57.35,50.0,66.0,96.0,lugging
2026-01-01T12:02:12.998+00:00,276,replay,sample/replay,engine/SID807,decoded CSV,100%,2.2123898566587106,0.0,0.666,CLIMBING,↑,1243.0,29.204437,4,lugging,43.0,,21.0,18.0,20.0,18.0,20.0,18.0,43.0,2.0,43.0,cold,1000.0,14.0,60.0,-46.0,590.0,590.0,0.0,986.0,7.0,44.0,27.353846153846156,16.176346153846154,0.0,0.0,steady,13.4,24.0,272.0,279.0,7.0,16.0,16.0,0.0,0.0,0.0,0.0,77.0,77.0,0.0,14.5,3.6,252.0,7.0,319.384694,621.992371,10294.874728,940.0,164.0,14.855072463768115,0.0,0.0,0.0,0.0,73.55830848737824,62.0,82.34715099715099,59.2,93.0,62.30595238095238,57.35,50.0,66.0,96.0,lugging
2026-01-01T12:02:13.460+00:00,277,replay,sample/replay,engine/SID807,decoded CSV,100%,2.1645015479141216,0.0,0.671,CLIMBING,↑,1252.0,29.825808000000002,4,lugging,43.0,,21.0,18.0,20.0,18.0,20.0,18.0,43.0,2.0,43.0,cold,997.0,11.0,61.0,-50.0,583.0,589.0,-6.0,986.0,7.0,44.0,27.318717948717946,16.22121794871795,0.6012502439636953,0.061310462182671485,gaining,13.3,24.0,273.0,283.0,10.0,16.0,16.0,0.0,0.0,0.0,0.0,77.0,77.0,0.0,14.5,3.6,252.0,7.0,319.384694,621.992371,10294.874728,940.0,164.0,14.855072463768115,0.0,0.0,0.0,0.0,73.5718482905983,62.0,82.3859650997151,59.2,93.0,62.30595238095238,57.35,50.0,66.0,96.0,lugging
2026-01-01T12:02:13.908+00:00,278,replay,sample/replay,engine/SID807,decoded CSV,100%,2.232143085221878,0.0,0.671,CLIMBING,↑,1247.0,29.825808000000002,4,lugging,43.0,,21.0,18.0,20.0,18.0,20.0,18.0,43.0,2.0,43.0,cold,996.0,10.0,57.0,-47.0,583.0,582.0,1.0,986.0,7.0,44.0,27.039743589743587,15.320576923076926,0.0,0.0,steady,12.8,24.0,271.0,265.0,-6.0,16.0,17.0,1.0,0.0,0.0,0.0,77.0,77.0,0.0,14.3,3.6,253.0,7.0,319.384694,621.992371,10294.874728,940.0,164.0,14.855072463768115,0.0,0.0,0.0,0.0,73.65306474855893,62.0,82.61878561253562,59.2,93.0,62.30595238095238,57.35,50.0,66.0,96.0,lugging
2026-01-01T12:02:14.345+00:00,279,replay,sample/replay,engine/SID807,decoded CSV,100%,2.2883293296837652,0.0,0.671,CLIMBING,↑,1248.0,29.825808000000002,4,lugging,43.0,,21.0,18.0,20.0,18.0,20.0,18.0,43.0,2.0,43.0,cold,995.0,9.0,49.0,-40.0,559.0,561.0,-2.0,986.0,7.0,44.0,26.473589743589738,14.313589743589747,0.0,0.0,steady,11.9,24.0,267.0,252.0,-15.0,16.0,17.0,1.0,0.0,0.0,0.0,77.0,77.0,0.0,14.5,3.5,253.0,7.0,319.384694,621.992371,10294.874728,940.0,164.0,14.855072463768115,0.0,0.0,0.0,0.0,73.82054636255218,62.0,83.09889957264957,59.2,93.0,62.30595238095238,57.35,50.0,66.0,96.0,lugging
2026-01-01T12:02:14.823+00:00,280,replay,sample/replay,engine/SID807,decoded CSV,100%,2.092050534770961,0.0,0.671,CLIMBING,↑,1260.0,29.825808000000002,4,lugging,43.0,,21.0,18.0,20.0,18.0,20.0,18.0,43.0,2.0,43.0,cold,994.0,8.0,49.0,-41.0,562.0,563.0,-1.0,986.0,7.0,45.0,26.87538461538461,14.507884615384617,0.0,0.0,steady,12.0,24.0,266.0,255.0,-11.0,16.0,17.0,1.0,0.0,0.0,0.0,77.0,77.0,0.0,14.5,3.6,253.0,7.0,319.384694,621.992371,10294.874728,940.0,164.0,14.855072463768115,0.0,0.0,0.0,0.0,73.67344712780759,62.0,82.6772150997151,59.2,93.0,62.30595238095238,57.35,50.0,66.0,96.0,lugging
2026-01-01T12:02:15.291+00:00,281,replay,sample/replay,engine/SID807,decoded CSV,100%,2.1367524328377825,0.0,0.671,CLIMBING,↑,1251.0,29.825808000000002,4,lugging,43.0,,21.0,18.0,20.0,18.0,20.0,18.0,43.0,2.0,43.0,cold,995.0,9.0,45.0,-36.0,551.0,548.0,3.0,986.0,7.0,45.0,26.50461538461538,14.565448717948719,0.0,0.0,steady,11.4,24.0,265.0,265.0,0.0,16.0,16.0,0.0,0.0,0.0,0.0,77.0,77.0,0.0,14.5,3.6,253.0,7.0,319.384694,621.992371,10294.874728,940.0,164.0,14.855072463768115,0.0,0.0,0.0,0.0,73.77561617968595,62.0,82.9700997150997,59.2,93.0,62.30595238095238,57.35,50.0,66.0,96.0,lugging
2026-01-01T12:02:15.757+00:00,282,replay,sample/replay,engine/SID807,decoded CSV,100%,2.145922377882127,0.0,0.671,CLIMBING,↑,1250.0,29.204437,4,lugging,43.0,,21.0,18.0,20.0,18.0,20.0,18.0,43.0,2.0,43.0,cold,993.0,7.0,45.0,-38.0,543.0,551.0,-8.0,986.0,7.0,45.0,26.56307692307692,14.776410256410257,-0.5960893649959049,-0.060784198987004226,easing,11.5,24.0,265.0,272.0,7.0,16.0,16.0,0.0,0.0,0.0,0.0,77.0,77.0,0.0,14.600000000000001,3.6,253.0,7.0,320.006065,621.992371,10294.874728,940.0,164.0,14.855072463768115,0.0,0.0,0.0,0.0,73.75902405088452,62.0,82.92253561253561,59.2,93.0,62.30595238095238,57.35,50.0,66.0,96.0,lugging
2026-01-01T12:02:16.233+00:00,283,replay,sample/replay,engine/SID807,decoded CSV,100%,2.1008400246632966,0.0,0.671,CLIMBING,↑,1249.0,29.204437,4,lugging,44.0,,21.0,18.0,20.0,18.0,20.0,18.0,44.0,2.0,44.0,cold,992.0,5.0,46.0,-41.0,549.0,550.0,-1.0,987.0,7.0,45.0,26.604871794871794,14.593205128205128,0.0,0.0,steady,11.600000000000001,24.0,266.0,266.0,0.0,15.0,16.0,1.0,0.0,0.0,0.0,77.0,77.0,0.0,14.5,3.6,253.0,7.0,320.006065,621.992371,10294.874728,940.0,164.0,14.855072463768115,0.0,0.0,0.0,0.0,73.82833308487378,62.0,82.88122150997151,59.6,93.0,62.423809523809524,57.8,50.0,66.0,96.0,lugging
2026-01-01T12:02:16.669+00:00,284,replay,sample/replay,engine/SID807,decoded CSV,100%,2.2935786639368825,0.0,0.671,CLIMBING,↑,1254.0,29.825808000000002,4,lugging,44.0,,21.0,18.0,20.0,18.0,20.0,18.0,44.0,2.0,44.0,cold,992.0,6.0,51.0,-45.0,563.0,559.0,4.0,986.0,7.0,45.0,26.86871794871795,15.211217948717948,0.6371049873218618,0.06496662849412,gaining,12.0,24.0,268.0,275.0,7.0,15.0,15.0,0.0,0.0,0.0,0.0,77.0,77.0,0.0,14.3,3.6,253.0,7.0,320.006065,621.992371,10294.874728,940.0,164.0,14.855072463768115,0.0,0.0,0.0,0.0,73.7580401510634,62.0,82.6797150997151,59.6,93.0,62.423809523809524,57.8,50.0,66.0,96.0,lugging
2026-01-01T12:02:17.151+00:00,285,replay,sample/replay,engine/SID807,decoded CSV,100%,2.074688312298587,0.0,0.671,CLIMBING,↑,1243.0,29.204437,4,lugging,44.0,,21.0,18.0,20.0,18.0,20.0,18.0,44.0,2.0,44.0,cold,991.0,6.0,55.0,-49.0,577.0,571.0,6.0,985.0,7.0,45.0,27.18102564102564,15.235192307692307,-0.5763021306777298,-0.05876646262258058,easing,12.5,24.0,269.0,269.0,0.0,15.0,15.0,0.0,0.0,0.0,0.0,77.0,77.0,0.0,14.600000000000001,3.6,253.0,7.0,320.006065,621.992371,10294.874728,940.0,164.0,14.855072463768115,0.0,0.0,0.0,0.0,73.67246322798647,62.0,82.43439458689458,59.6,93.0,62.423809523809524,57.8,50.0,66.0,96.0,lugging
2026-01-01T12:02:17.603+00:00,286,replay,sample/replay,engine/SID807,decoded CSV,100%,2.2123898566587106,0.0,0.671,CLIMBING,↑,1246.0,29.204437,4,lugging,44.0,,21.0,18.0,20.0,18.0,20.0,18.0,44.0,2.0,44.0,cold,995.0,9.0,50.0,-41.0,562.0,562.0,0.0,986.0,7.0,44.0,26.567179487179487,15.528846153846155,0.0,0.0,steady,12.100000000000001,24.0,268.0,282.0,14.0,16.0,15.0,-1.0,0.0,0.0,0.0,77.0,77.0,0.0,14.3,3.6,253.0,7.0,320.006065,621.992371,10294.874728,940.0,164.0,14.855072463768115,0.0,0.0,0.0,0.0,73.86121546412242,62.0,82.97548433048432,59.6,93.0,62.423809523809524,57.8,50.0,66.0,96.0,lugging
2026-01-01T12:02:18.079+00:00,287,replay,sample/replay,engine/SID807,decoded CSV,100%,2.1008400246632966,0.0,0.671,CLIMBING,↑,1254.0,29.825808000000002,4,lugging,44.0,,21.0,18.0,20.0,18.0,20.0,18.0,44.0,2.0,44.0,cold,994.0,8.0,49.0,-41.0,567.0,561.0,6.0,986.0,7.0,44.0,26.473589743589738,15.157756410256411,0.5835664929760624,0.05950722142383612,gaining,11.9,24.0,267.0,273.0,6.0,16.0,15.0,-1.0,0.0,0.0,0.0,77.0,77.0,0.0,14.3,3.6,253.0,7.0,320.006065,621.992371,10294.874728,940.0,164.0,14.855072463768115,0.0,0.0,0.0,0.0,73.8913473961439,62.0,83.06186253561253,59.6,93.0,62.423809523809524,57.8,50.0,66.0,96.0,lugging
2026-01-01T12:02:18.543+00:00,288,replay,sample/replay,engine/SID807,decoded CSV,100%,2.15517247580745,0.0,0.671,CLIMBING,↑,1247.0,29.204437,4,lugging,44.0,,21.0,18.0,20.0,18.0,20.0,18.0,44.0,2.0,44.0,cold,993.0,7.0,46.0,-39.0,557.0,555.0,2.0,986.0,7.0,44.0,26.326666666666668,14.824166666666667,-0.5986588358468952,-0.06104621209555712,easing,11.700000000000001,24.0,266.0,269.0,3.0,17.0,16.0,-1.0,0.0,0.0,0.0,77.0,77.0,0.0,14.5,3.6,253.0,7.0,320.006065,621.992371,10294.874728,940.0,164.0,14.855072463768115,0.0,0.0,0.0,0.0,73.92845607235142,62.0,83.16824074074074,59.6,93.0,62.423809523809524,57.8,50.0,66.0,96.0,lugging
2026-01-01T12:02:18.999+00:00,289,replay,sample/replay,engine/SID807,decoded CSV,100%,2.192983171616468,0.0,0.671,CLIMBING,↑,1252.0,29.204437,4,lugging,44.0,,21.0,18.0,20.0,18.0,20.0,18.0,44.0,2.0,44.0,cold,992.0,6.0,49.0,-43.0,546.0,552.0,-6.0,986.0,7.0,44.0,26.336666666666666,14.713333333333331,0.0,0.0,steady,11.700000000000001,24.0,267.0,268.0,1.0,16.0,17.0,1.0,0.0,0.0,0.0,77.0,77.0,0.0,14.600000000000001,3.6,253.0,7.0,320.006065,621.992371,10294.874728,940.0,164.0,14.855072463768115,0.0,0.0,0.0,0.0,73.92714793281654,62.0,83.16449074074073,59.6,93.0,62.423809523809524,57.8,50.0,66.0,96.0,lugging
2026-01-01T12:02:19.598+00:00,290,replay,sample/replay,engine/SID807,decoded CSV,100%,1.669448481107026,0.0,0.671,CLIMBING,↑,1252.0,29.825808000000002,4,coasting,44.0,,21.0,18.0,20.0,18.0,20.0,18.0,44.0,2.0,44.0,cold,994.0,8.0,49.0,-41.0,566.0,560.0,6.0,986.0,7.0,6.0,13.166923076923077,14.544423076923078,0.46373554572770614,0.04728786545127094,gaining,11.9,24.0,266.0,257.0,-9.0,16.0,16.0,0.0,0.0,0.0,0.0,77.0,77.0,0.0,14.600000000000001,3.6,252.0,7.0,320.006065,621.992371,10294.874728,940.0,164.0,14.855072463768115,0.0,0.0,0.0,0.0,83.17313607025332,87.875,93.16965673472617,59.6,84.0,83.13809523809525,57.8,92.0,90.0,96.0,grumbling
2026-01-01T12:02:20.071+00:00,291,replay,sample/replay,engine/SID807,decoded CSV,100%,2.114165748863983,0.0,0.671,CLIMBING,↑,1238.0,29.204437,4,coasting,44.0,,21.0,18.0,20.0,18.0,20.0,18.0,44.0,2.0,44.0,cold,982.0,-4.0,14.0,-18.0,472.0,402.0,70.0,986.0,10.0,0.0,6.17128205128205,14.520448717948717,-0.5872680818866256,-0.05988467844642417,easing,3.6,22.0,405.0,363.0,-42.0,0.0,0.0,0.0,0.0,0.0,0.0,85.0,82.0,-3.0,14.600000000000001,3.6,252.0,10.0,320.006065,621.992371,10294.874728,940.0,164.0,14.855072463768115,62.94999999999999,-25.160000000000025,-29.769999999999982,-8.009999999999991,83.91627906976744,87.0,96.0,59.6,84.0,85.2809523809524,57.8,98.0,90.0,96.0,grumbling
2026-01-01T12:02:20.569+00:00,292,replay,sample/replay,engine/SID807,decoded CSV,100%,2.0080315440135887,0.0,0.671,CLIMBING,↑,1233.0,29.204437,4,coasting,44.0,,21.0,18.0,20.0,18.0,20.0,18.0,44.0,2.0,44.0,cold,989.0,3.0,14.0,-11.0,415.0,403.0,12.0,986.0,12.0,0.0,4.943333333333333,13.426666666666668,0.0,0.0,steady,0.0,23.0,406.0,380.0,-26.0,0.0,0.0,0.0,0.0,0.0,0.0,85.0,83.0,-2.0,14.600000000000001,3.6,252.0,12.0,320.006065,621.992371,10294.874728,940.0,164.0,14.855072463768115,102.54000000000002,-40.98000000000002,-48.5,-13.060000000000002,83.82906976744185,86.6875,96.0,59.6,84.0,85.2809523809524,57.8,98.0,90.0,96.0,grumbling
2026-01-01T12:02:21.044+00:00,293,replay,sample/replay,engine/SID807,decoded CSV,100%,2.105263580575959,0.0,0.671,CLIMBING,↑,1226.0,29.204437,4,coasting,44.0,,21.0,18.0,20.0,18.0,20.0,18.0,44.0,2.0,44.0,cold,994.0,8.0,14.0,-6.0,413.0,402.0,11.0,986.0,12.0,0.0,4.9366666666666665,13.098333333333333,0.0,0.0,steady,0.0,23.0,406.0,370.0,-36.0,0.0,0.0,0.0,0.0,0.0,0.0,85.0,83.0,-2.0,14.600000000000001,3.6,252.0,12.0,320.006065,621.992371,10294.874728,940.0,164.0,14.855072463768115,102.54000000000002,-40.98000000000002,-48.5,-13.060000000000002,83.70697674418605,86.25,96.0,59.6,84.0,85.2809523809524,57.8,98.0,90.0,96.0,grumbling
2026-01-01T12:02:21.612+00:00,294,replay,sample/replay,engine/SID807,decoded CSV,100%,1.7605631378902897,0.0,0.671,CLIMBING,↑,954.0,29.204437,N,clutch,44.0,,21.0,18.0,20.0,18.0,20.0,18.0,44.0,2.0,44.0,cold,1001.0,15.0,14.0,1.0,404.0,401.0,3.0,986.0,11.0,0.0,4.93,12.923333333333332,0.0,0.0,steady,0.0,23.0,401.0,388.0,-13.0,0.0,0.0,0.0,0.0,0.0,0.0,85.0,84.0,-1.0,14.5,3.6,251.0,11.0,320.006065,621.992371,10294.874728,940.0,164.0,14.855072463768115,102.54000000000002,-40.98000000000002,-48.5,-13.060000000000002,73.45116279069767,72.0,78.0,59.6,84.0,83.13809523809525,57.8,92.0,90.0,96.0,grumbling
2026-01-01T12:02:22.079+00:00,295,replay,sample/replay,engine/SID807,decoded CSV,100%,2.1413275881433984,0.0,0.671,CLIMBING,↑,991.0,29.204437,N,clutch,44.0,,21.0,18.0,20.0,18.0,20.0,18.0,44.0,2.0,44.0,cold,1004.0,18.0,14.0,4.0,344.0,330.0,14.0,986.0,9.0,0.0,5.572051282051282,12.949551282051281,0.0,0.0,steady,2.9000000000000004,23.0,237.0,365.0,128.0,11.0,4.0,-7.0,0.0,0.0,0.0,77.0,83.0,6.0,14.700000000000001,3.6,251.0,9.0,320.006065,621.992371,10294.874728,940.0,164.0,14.855072463768115,72.10000000000002,-28.810000000000002,-34.10000000000002,-9.180000000000007,73.09844961240309,72.0,78.0,59.6,81.83333333333333,82.57948717948717,57.8,92.0,87.65384615384616,96.0,grumbling
2026-01-01T12:02:22.508+00:00,296,replay,sample/replay,engine/SID807,decoded CSV,100%,2.331002869915681,0.0,0.671,CLIMBING,↑,1697.0,28.583066,N,decelerating,44.0,,21.0,18.0,20.0,18.0,20.0,18.0,44.0,2.0,44.0,cold,968.0,-19.0,13.0,-32.0,321.0,351.0,-30.0,987.0,15.0,0.0,4.736666666666666,13.246666666666666,-0.6475005968775935,-0.06602668565489679,easing,0.0,24.0,431.0,352.0,-79.0,0.0,0.0,0.0,0.0,0.0,0.0,100.0,92.0,-8.0,14.5,3.6,250.0,15.0,320.006065,621.992371,10294.874728,940.0,164.0,14.855072463768115,102.54000000000002,-40.98000000000002,-48.5,-13.060000000000002,73.45116279069767,72.0,78.0,59.6,84.0,83.13809523809525,57.8,92.0,90.0,96.0,grumbling
2026-01-01T12:02:22.980+00:00,297,replay,sample/replay,engine/SID807,decoded CSV,100%,2.1186435198655156,0.0,0.671,CLIMBING,↑,1740.0,28.583066,N,cruise,44.0,,21.0,18.0,20.0,18.0,20.0,18.0,44.0,2.0,44.0,cold,1023.0,37.0,14.0,23.0,518.0,529.0,-11.0,986.0,18.0,0.0,5.783333333333333,17.195,0.0,0.0,steady,0.0,23.0,446.0,402.0,-44.0,0.0,0.0,0.0,0.0,0.0,0.0,100.0,100.0,0.0,14.3,3.6,250.0,18.0,320.006065,621.992371,10294.874728,940.0,164.0,14.855072463768115,0.0,0.0,0.0,0.0,73.45116279069767,72.0,78.0,59.6,84.0,83.13809523809525,57.8,92.0,90.0,96.0,grumbling
2026-01-01T12:02:23.453+00:00,298,replay,sample/replay,engine/SID807,decoded CSV,100%,2.114165748863983,0.0,0.671,CLIMBING,↑,1735.0,28.583066,3,braking,44.0,,21.0,18.0,20.0,18.0,20.0,18.0,44.0,2.0,44.0,cold,1063.0,76.0,13.0,63.0,522.0,530.0,-8.0,987.0,20.0,0.0,5.779999999999999,18.83,0.0,0.0,steady,0.0,23.0,445.0,428.0,-17.0,0.0,0.0,0.0,0.0,0.0,0.0,100.0,100.0,0.0,14.600000000000001,3.6,250.0,20.0,320.006065,621.992371,10294.874728,940.0,164.0,14.855072463768115,0.0,0.0,0.0,0.0,85.86976744186047,94.0,96.0,59.6,84.0,83.13809523809525,57.8,92.0,90.0,96.0,grumbling
2026-01-01T12:02:23.900+00:00,299,replay,sample/replay,engine/SID807,decoded CSV,100%,2.2371363316823603,0.0,0.671,CLIMBING,↑,1699.0,28.583066,3,braking,45.0,,21.0,18.0,20.0,18.0,20.0,18.0,45.0,2.0,45.0,cold,1086.0,100.0,14.0,86.0,524.0,529.0,-5.0,986.0,20.0,0.0,5.783333333333333,19.160833333333333,0.0,0.0,steady,0.0,23.0,443.0,429.0,-14.0,0.0,0.0,0.0,0.0,0.0,0.0,100.0,100.0,0.0,14.5,3.6,249.0,20.0,320.006065,621.992371,10294.874728,940.0,164.0,14.855072463768115,0.0,0.0,0.0,0.0,85.95348837209303,94.0,96.0,60.0,84.0,83.19047619047618,58.0,92.0,90.0,96.0,grumbling
2026-01-01T12:02:24.385+00:00,300,replay,sample/replay,engine/SID807,decoded CSV,100%,2.0618551025002976,0.0,0.671,CLIMBING,↑,1606.0,26.718953,3,braking,45.0,,21.0,18.0,20.0,18.0,20.0,18.0,45.0,2.0,45.0,cold,1094.0,108.0,14.0,94.0,514.0,518.0,-4.0,986.0,20.0,0.0,5.71,18.9175,-1.7182120538431773,-0.1752088688637993,braking/down,0.0,23.0,438.0,429.0,-9.0,0.0,0.0,0.0,0.0,0.0,0.0,100.0,100.0,0.0,14.5,3.6,249.0,20.0,320.006065,621.992371,10294.874728,940.0,164.0,14.855072463768115,0.0,0.0,0.0,0.0,85.95348837209303,94.0,96.0,60.0,84.0,83.19047619047618,58.0,92.0,90.0,96.0,grumbling
2026-01-01T12:02:24.848+00:00,301,replay,sample/replay,engine/SID807,decoded CSV,100%,2.1598269380003634,0.0,0.671,CLIMBING,↑,1515.0,25.476211,3,braking,45.0,,21.0,18.0,20.0,18.0,20.0,18.0,45.0,2.0,45.0,cold,1090.0,104.0,14.0,90.0,495.0,493.0,2.0,986.0,18.0,0.0,5.543333333333333,18.233333333333334,-1.1999034832231914,-0.1223561035851378,braking/down,0.0,23.0,430.0,424.0,-6.0,0.0,0.0,0.0,0.0,0.0,0.0,100.0,100.0,0.0,14.700000000000001,3.6,248.0,18.0,320.006065,621.992371,10294.874728,940.0,164.0,14.855072463768115,0.0,0.0,0.0,0.0,85.95348837209303,94.0,96.0,60.0,84.0,83.19047619047618,58.0,92.0,90.0,96.0,grumbling
2026-01-01T12:02:25.326+00:00,302,replay,sample/replay,engine/SID807,decoded CSV,100%,2.092050534770961,0.0,0.671,CLIMBING,↑,1435.0,23.612098,3,braking,45.0,,21.0,18.0,19.0,18.0,19.0,18.0,45.0,1.0,45.0,cold,1078.0,92.0,14.0,78.0,473.0,467.0,6.0,986.0,17.0,0.0,5.37,17.32,-1.7433749062839452,-0.17777476572366152,braking/down,0.0,23.0,421.0,416.0,-5.0,0.0,0.0,0.0,0.0,0.0,0.0,99.0,100.0,1.0,14.8,3.6,248.0,17.0,320.006065,621.992371,10294.874728,940.0,164.0,14.855072463768115,102.54000000000002,-40.98000000000002,-48.5,-13.060000000000002,85.95348837209303,94.0,96.0,60.0,84.0,83.19047619047618,58.0,92.0,90.0,96.0,grumbling
2026-01-01T12:02:25.806+00:00,303,replay,sample/replay,engine/SID807,decoded CSV,100%,2.083333250549108,0.0,0.671,CLIMBING,↑,1318.0,22.369356,3,braking,45.0,,21.0,18.0,20.0,18.0,20.0,18.0,45.0,2.0,45.0,cold,1065.0,79.0,14.0,65.0,454.0,448.0,6.0,986.0,16.0,0.0,5.243333333333333,16.324166666666667,-1.1574070033421109,-0.11802266863221497,braking/down,0.0,23.0,414.0,409.0,-5.0,0.0,0.0,0.0,0.0,0.0,0.0,97.0,100.0,3.0,14.700000000000001,3.6,247.0,16.0,320.006065,621.992371,10294.874728,940.0,164.0,14.855072463768115,102.54000000000002,-40.98000000000002,-48.5,-13.060000000000002,85.3953488372093,92.0,96.0,60.0,84.0,83.19047619047618,58.0,92.0,90.0,96.0,grumbling
2026-01-01T12:02:26.259+00:00,304,replay,sample/replay,engine/SID807,decoded CSV,100%,2.2075063459891715,0.0,0.671,CLIMBING,↑,1224.0,20.505243,3,braking,45.0,,21.0,18.0,19.0,18.0,19.0,18.0,45.0,1.0,45.0,cold,1052.0,65.0,13.0,52.0,436.0,420.0,16.0,987.0,14.0,0.0,5.046666666666667,15.282500000000002,-1.8395880525330732,-0.18758577623684677,braking/down,0.0,23.0,408.0,399.0,-9.0,0.0,0.0,0.0,0.0,0.0,0.0,87.0,94.0,7.0,14.700000000000001,3.6,247.0,14.0,320.006065,621.992371,10294.874728,940.0,164.0,14.855072463768115,102.54000000000002,-40.98000000000002,-48.5,-13.060000000000002,83.75581395348838,86.125,96.0,60.0,84.0,83.19047619047618,58.0,92.0,90.0,96.0,grumbling
2026-01-01T12:02:26.701+00:00,305,replay,sample/replay,engine/SID807,decoded CSV,100%,2.2624426676332865,0.0,0.671,CLIMBING,↑,896.0,19.262501,N,braking,45.0,,21.0,18.0,20.0,18.0,20.0,18.0,45.0,2.0,45.0,cold,1041.0,54.0,13.0,41.0,413.0,391.0,22.0,987.0,11.0,0.0,4.703333333333333,13.14,-1.256912204271013,-0.12816937529849776,braking/down,0.0,22.0,394.0,380.0,-14.0,0.0,0.0,0.0,0.0,0.0,0.0,85.0,92.0,7.0,14.700000000000001,3.6,246.0,11.0,320.006065,621.992371,10294.874728,940.0,164.0,14.855072463768115,102.54000000000002,-40.98000000000002,-48.5,-13.060000000000002,73.53488372093024,72.0,78.0,60.0,84.0,83.19047619047618,58.0,92.0,90.0,96.0,grumbling
2026-01-01T12:02:27.193+00:00,306,replay,sample/replay,engine/SID807,decoded CSV,100%,2.0325208846494736,0.0,0.671,CLIMBING,↑,822.0,17.398388,N,braking,45.0,,21.0,18.0,20.0,18.0,20.0,18.0,45.0,2.0,45.0,cold,1020.0,33.0,13.0,20.0,329.0,318.0,11.0,987.0,7.0,0.0,6.366666666666665,10.458333333333332,-1.6937668798635768,-0.17271615484019281,braking/down,5.2,23.0,236.0,286.0,50.0,15.0,11.0,-4.0,0.0,0.0,0.0,77.0,79.0,2.0,14.700000000000001,3.6,246.0,7.0,320.006065,621.992371,10294.874728,940.0,164.0,14.855072463768115,56.85000000000002,-22.720000000000027,-26.889999999999986,-7.240000000000009,73.53488372093024,72.0,78.0,60.0,84.0,83.19047619047618,58.0,92.0,90.0,96.0,grumbling
2026-01-01T12:02:27.657+00:00,307,replay,sample/replay,engine/SID807,decoded CSV,100%,2.15517247580745,0.0,0.671,CLIMBING,↑,797.0,15.534275000000001,N,braking,45.0,,21.0,18.0,20.0,18.0,20.0,18.0,45.0,2.0,45.0,cold,1000.0,14.0,14.0,0.0,278.0,288.0,-10.0,986.0,6.0,0.0,5.83051282051282,8.819679487179487,-1.7959765075406748,-0.18313863628667026,braking/down,4.3,23.0,237.0,271.0,34.0,16.0,16.0,0.0,0.0,0.0,0.0,77.0,78.0,1.0,14.5,3.6,245.0,6.0,320.006065,621.992371,10294.874728,940.0,164.0,14.855072463768115,55.829999999999984,-22.310000000000002,-26.410000000000025,-7.110000000000014,73.53488372093024,72.0,78.0,60.0,84.0,83.19047619047618,58.0,92.0,90.0,96.0,grumbling
2026-01-01T12:02:28.103+00:00,308,replay,sample/replay,engine/SID807,decoded CSV,100%,2.242151967754696,0.0,0.671,CLIMBING,↑,789.0,13.048791,N,braking,45.0,,21.0,18.0,20.0,18.0,20.0,18.0,45.0,2.0,45.0,cold,992.0,6.0,14.0,-8.0,282.0,288.0,-6.0,986.0,5.0,0.0,5.868974358974359,7.326474358974359,-2.491279193429656,-0.2540397784594796,braking/down,4.4,23.0,237.0,233.0,-4.0,17.0,17.0,0.0,0.0,0.0,0.0,77.0,77.0,0.0,14.600000000000001,3.6,245.0,5.0,320.006065,621.992371,10294.874728,940.0,164.0,14.855072463768115,54.81999999999999,-21.899999999999977,-25.920000000000016,-6.980000000000018,73.53488372093024,72.0,78.0,60.0,84.0,83.19047619047618,58.0,92.0,90.0,96.0,grumbling
2026-01-01T12:02:28.554+00:00,309,replay,sample/replay,engine/SID807,decoded CSV,100%,2.2172950221264083,0.0,0.671,CLIMBING,↑,787.0,11.184678,N,braking,45.0,,21.0,18.0,20.0,18.0,20.0,18.0,45.0,2.0,45.0,cold,987.0,0.0,13.0,-13.0,282.0,289.0,-7.0,987.0,5.0,0.0,5.942564102564103,7.265897435897436,-1.847745280123786,-0.18841758195956682,braking/down,4.6000000000000005,23.0,237.0,232.0,-5.0,17.0,17.0,0.0,0.0,0.0,0.0,77.0,77.0,0.0,14.200000000000001,3.6,244.0,5.0,320.006065,621.992371,10294.874728,940.0,164.0,14.855072463768115,52.77999999999997,-21.089999999999975,-24.95999999999998,-6.720000000000027,73.53488372093024,72.0,78.0,60.0,84.0,83.19047619047618,58.0,92.0,90.0,96.0,grumbling
2026-01-01T12:02:29.052+00:00,310,replay,sample/replay,engine/SID807,decoded CSV,100%,2.0080315440135887,0.0,0.671,CLIMBING,↑,786.0,9.320565,N,braking,45.0,,21.0,18.0,20.0,18.0,20.0,18.0,45.0,2.0,45.0,cold,985.0,-1.0,14.0,-15.0,286.0,289.0,-3.0,986.0,5.0,0.0,5.952564102564103,7.255064102564102,-1.673359102314018,-0.1706351406763796,braking/down,4.6000000000000005,23.0,237.0,231.0,-6.0,17.0,17.0,0.0,0.0,0.0,0.0,77.0,77.0,0.0,14.3,3.6,244.0,5.0,320.006065,621.992371,10294.874728,940.0,164.0,14.855072463768115,54.81999999999999,-21.899999999999977,-25.920000000000016,-6.980000000000018,73.53488372093024,72.0,78.0,60.0,84.0,83.19047619047618,58.0,92.0,90.0,96.0,grumbling
2026-01-01T12:02:29.506+00:00,311,replay,sample/replay,engine/SID807,decoded CSV,100%,2.202643190313694,0.0,0.671,CLIMBING,↑,782.0,8.077823,N,braking,45.0,,21.0,18.0,20.0,18.0,20.0,18.0,45.0,2.0,45.0,cold,983.0,-3.0,14.0,-17.0,288.0,287.0,1.0,986.0,4.0,0.0,5.862307692307692,7.303974358974359,-1.2236902827048632,-0.12478168209376936,braking/down,4.4,23.0,236.0,234.0,-2.0,16.0,17.0,1.0,0.0,0.0,0.0,77.0,77.0,0.0,14.600000000000001,3.6,244.0,4.0,320.006065,621.992371,10294.874728,940.0,164.0,14.855072463768115,56.85000000000002,-22.720000000000027,-26.889999999999986,-7.240000000000009,73.53488372093024,72.0,78.0,60.0,84.0,83.19047619047618,58.0,92.0,90.0,96.0,grumbling
2026-01-01T12:02:29.954+00:00,312,replay,sample/replay,engine/SID807,decoded CSV,100%,2.232143085221878,0.0,0.671,CLIMBING,↑,785.0,6.21371,N,braking,45.0,,21.0,18.0,20.0,18.0,20.0,18.0,45.0,2.0,45.0,cold,982.0,-4.0,14.0,-18.0,293.0,289.0,4.0,986.0,5.0,0.0,5.991025641025641,7.340192307692307,-1.8601186622086499,-0.18967931579169747,braking/down,4.7,23.0,237.0,231.0,-6.0,16.0,16.0,0.0,0.0,0.0,0.0,77.0,77.0,0.0,14.600000000000001,3.6,243.0,5.0,320.006065,621.992371,10294.874728,940.0,164.0,14.855072463768115,53.80000000000001,-21.5,-25.439999999999998,-6.850000000000023,73.53488372093024,72.0,78.0,60.0,84.0,83.19047619047618,58.0,92.0,90.0,96.0,grumbling
2026-01-01T12:02:30.433+00:00,313,replay,sample/replay,engine/SID807,decoded CSV,100%,2.087683312336896,0.0,0.671,CLIMBING,↑,783.0,4.970968,N,braking,45.0,,21.0,18.0,20.0,18.0,20.0,18.0,45.0,2.0,45.0,cold,982.0,-4.0,14.0,-18.0,286.0,287.0,-1.0,986.0,5.0,0.0,5.785384615384615,7.063717948717948,-1.1598237035876573,-0.11826910347444411,braking/down,4.2,23.0,237.0,230.0,-7.0,15.0,15.0,0.0,0.0,0.0,0.0,77.0,77.0,0.0,14.3,3.6,243.0,5.0,320.006065,621.992371,10294.874728,940.0,164.0,14.855072463768115,56.85000000000002,-22.720000000000027,-26.889999999999986,-7.240000000000009,73.53488372093024,72.0,78.0,60.0,84.0,83.19047619047618,58.0,92.0,90.0,96.0,grumbling
2026-01-01T12:02:30.905+00:00,314,replay,sample/replay,engine/SID807,decoded CSV,100%,2.1186435198655156,0.0,0.671,CLIMBING,↑,786.0,4.349597,N,braking,46.0,,21.0,18.0,20.0,18.0,20.0,18.0,46.0,2.0,46.0,cold,982.0,-4.0,14.0,-18.0,290.0,291.0,-1.0,986.0,5.0,0.0,5.9658974358974355,7.469230769230769,-0.5885119067800161,-0.060011513287413755,easing,4.6000000000000005,23.0,237.0,236.0,-1.0,15.0,15.0,0.0,0.0,0.0,0.0,77.0,77.0,0.0,14.5,3.6,242.0,5.0,320.006065,621.992371,10294.874728,940.0,164.0,14.855072463768115,52.77999999999997,-21.089999999999975,-24.95999999999998,-6.720000000000027,73.74418604651163,72.0,78.0,61.0,84.0,83.5047619047619,59.2,92.0,90.0,96.0,grumbling
2026-01-01T12:02:31.717+00:00,315,replay,sample/replay,engine/SID807,decoded CSV,100%,1.2315270386329102,0.0,0.671,CLIMBING,↑,784.0,1.8641130000000001,N,braking,46.0,,21.0,18.0,20.0,18.0,20.0,18.0,46.0,2.0,46.0,cold,983.0,-3.0,14.0,-17.0,286.0,289.0,-3.0,986.0,5.0,0.0,5.952564102564103,7.292564102564103,-1.3683629529200014,-0.1395341888330879,braking/down,4.6000000000000005,23.0,237.0,232.0,-5.0,14.0,14.0,0.0,0.0,0.0,0.0,77.0,77.0,0.0,14.5,3.6,241.0,5.0,320.006065,621.992371,10294.874728,940.0,164.0,14.855072463768115,52.77999999999997,-21.089999999999975,-24.95999999999998,-6.720000000000027,78.06976744186046,65.0,96.0,61.0,84.0,83.5047619047619,59.2,92.0,90.0,96.0,grumbling
2026-01-01T12:02:32.187+00:00,316,replay,sample/replay,engine/SID807,decoded CSV,100%,2.127659444951436,0.0,0.671,CLIMBING,↑,787.0,1.242742,N,braking,46.0,,21.0,18.0,20.0,18.0,20.0,18.0,46.0,2.0,46.0,cold,982.0,-5.0,13.0,-18.0,286.0,290.0,-4.0,987.0,5.0,0.0,6.372307692307693,7.903141025641026,-0.5910163296401856,-0.0602668933468805,easing,5.7,23.0,237.0,237.0,0.0,14.0,14.0,0.0,0.0,0.0,0.0,77.0,77.0,0.0,14.5,3.6,241.0,5.0,320.006065,621.992371,10294.874728,940.0,164.0,14.855072463768115,51.75999999999999,-20.680000000000007,-24.480000000000018,-6.589999999999975,78.06976744186046,65.0,96.0,61.0,84.0,83.5047619047619,59.2,92.0,90.0,96.0,grumbling
2026-01-01T12:02:32.636+00:00,317,replay,sample/replay,engine/SID807,decoded CSV,100%,2.2271720787875378,0.0,0.671,CLIMBING,↑,785.0,0.621371,N,idle,46.0,,21.0,18.0,20.0,18.0,20.0,18.0,46.0,2.0,46.0,cold,982.0,-4.0,14.0,-18.0,291.0,289.0,2.0,986.0,5.0,0.0,6.2987179487179485,7.897051282051282,-0.6186587193760968,-0.06308563264479683,easing,5.5,23.0,237.0,238.0,1.0,14.0,14.0,0.0,0.0,0.0,0.0,77.0,77.0,0.0,14.5,3.6,241.0,5.0,320.006065,621.992371,10294.874728,940.0,164.0,14.855072463768115,52.77999999999997,-21.089999999999975,-24.95999999999998,-6.720000000000027,64.81395348837209,60.0,62.0,61.0,84.0,83.5047619047619,59.2,92.0,90.0,96.0,grumbling
2026-01-01T12:02:33.125+00:00,318,replay,sample/replay,engine/SID807,decoded CSV,100%,2.0449894320616866,0.0,0.671,CLIMBING,↑,782.0,0.0,N,idle,46.0,,21.0,18.0,20.0,18.0,20.0,18.0,46.0,2.0,46.0,cold,982.0,-4.0,14.0,-18.0,293.0,289.0,4.0,986.0,5.0,0.0,5.952564102564103,7.264230769230769,-0.5680524442752878,-0.05792522872492521,easing,4.6000000000000005,23.0,237.0,230.0,-7.0,14.0,14.0,0.0,0.0,0.0,0.0,77.0,77.0,0.0,14.600000000000001,3.6,240.0,5.0,320.006065,621.992371,10294.874728,940.0,164.0,14.855072463768115,52.77999999999997,-21.089999999999975,-24.95999999999998,-6.720000000000027,64.81395348837209,60.0,62.0,61.0,84.0,83.5047619047619,59.2,92.0,90.0,96.0,grumbling
2026-01-01T12:02:33.576+00:00,319,replay,sample/replay,engine/SID807,decoded CSV,100%,2.2172950221264083,0.0,0.671,CLIMBING,↑,782.0,0.0,N,idle,46.0,,21.0,18.0,20.0,18.0,20.0,18.0,46.0,2.0,46.0,cold,982.0,-5.0,13.0,-18.0,286.0,288.0,-2.0,987.0,5.0,0.0,5.8589743589743595,7.253141025641026,0.0,0.0,steady,4.4,23.0,237.0,233.0,-4.0,14.0,14.0,0.0,0.0,0.0,0.0,77.0,77.0,0.0,14.5,3.6,240.0,5.0,320.006065,621.992371,10294.874728,940.0,164.0,14.855072463768115,54.81999999999999,-21.899999999999977,-25.920000000000016,-6.980000000000018,64.81395348837209,60.0,62.0,61.0,84.0,83.5047619047619,59.2,92.0,90.0,96.0,grumbling
2026-01-01T12:02:34.044+00:00,320,replay,sample/replay,engine/SID807,decoded CSV,100%,2.1367524328377825,0.0,0.671,CLIMBING,↑,782.0,0.0,N,idle,46.0,,21.0,18.0,20.0,18.0,20.0,18.0,46.0,2.0,46.0,cold,982.0,-4.0,14.0,-18.0,289.0,290.0,-1.0,986.0,5.0,0.0,5.882307692307693,7.235641025641026,0.0,0.0,steady,4.4,23.0,237.0,232.0,-5.0,14.0,14.0,0.0,0.0,0.0,0.0,77.0,77.0,0.0,14.600000000000001,3.6,239.0,5.0,320.006065,621.992371,10294.874728,940.0,164.0,14.855072463768115,99.24000000000001,-38.51999999999998,-46.27999999999997,-14.439999999999998,64.81395348837209,60.0,62.0,61.0,84.0,83.5047619047619,59.2,92.0,90.0,96.0,grumbling
2026-01-01T12:02:34.496+00:00,321,replay,sample/replay,engine/SID807,decoded CSV,100%,2.2123886896793272,0.0,0.671,CLIMBING,↑,786.0,0.0,N,idle,46.0,,21.0,18.0,20.0,18.0,20.0,18.0,46.0,2.0,46.0,cold,983.0,-3.0,14.0,-17.0,287.0,291.0,-4.0,986.0,5.0,0.0,5.927435897435897,7.33576923076923,0.0,0.0,steady,4.5,23.0,237.0,234.0,-3.0,14.0,14.0,0.0,0.0,0.0,0.0,77.0,77.0,0.0,14.5,3.6,239.0,5.0,320.006065,621.992371,10294.874728,940.0,164.0,14.855072463768115,86.98000000000002,-33.10000000000002,-38.379999999999995,-15.5,64.81395348837209,60.0,62.0,61.0,84.0,83.5047619047619,59.2,92.0,90.0,96.0,grumbling
2026-01-01T12:02:34.932+00:00,322,replay,sample/replay,engine/SID807,decoded CSV,100%,2.2935786639368825,0.0,0.671,CLIMBING,↑,786.0,0.0,N,idle,46.0,,21.0,18.0,20.0,18.0,20.0,18.0,46.0,2.0,46.0,cold,982.0,-4.0,14.0,-18.0,291.0,289.0,2.0,986.0,5.0,0.0,6.414102564102564,8.049935897435898,0.0,0.0,steady,5.800000000000001,23.0,237.0,239.0,2.0,14.0,14.0,0.0,0.0,0.0,0.0,77.0,77.0,0.0,14.600000000000001,3.6,239.0,5.0,320.006065,621.992371,10294.874728,940.0,164.0,14.855072463768115,74.44,-31.079999999999984,-28.839999999999975,-14.519999999999982,64.81395348837209,60.0,62.0,61.0,84.0,83.5047619047619,59.2,92.0,90.0,96.0,grumbling
2026-01-01T12:02:35.386+00:00,323,replay,sample/replay,engine/SID807,decoded CSV,100%,2.202643190313694,0.0,0.671,CLIMBING,↑,784.0,0.0,N,idle,46.0,,21.0,18.0,20.0,18.0,20.0,18.0,46.0,2.0,46.0,cold,982.0,-4.0,14.0,-18.0,290.0,288.0,2.0,986.0,5.0,0.0,6.253589743589743,8.001923076923077,0.0,0.0,steady,5.4,23.0,237.0,242.0,5.0,14.0,14.0,0.0,0.0,0.0,0.0,77.0,77.0,0.0,14.600000000000001,3.6,238.0,5.0,320.006065,621.992371,10294.874728,940.0,164.0,14.855072463768115,64.04000000000002,-31.720000000000027,-19.80000000000001,-12.519999999999982,64.81395348837209,60.0,62.0,61.0,84.0,83.5047619047619,59.2,92.0,90.0,96.0,grumbling
2026-01-01T12:02:35.833+00:00,324,replay,sample/replay,engine/SID807,decoded CSV,100%,2.2371363316823603,0.0,0.671,CLIMBING,↑,789.0,0.0,N,idle,46.0,,21.0,18.0,20.0,18.0,20.0,18.0,46.0,2.0,46.0,cold,982.0,-4.0,14.0,-18.0,289.0,291.0,-2.0,986.0,5.0,0.0,6.388974358974359,8.223141025641025,0.0,0.0,steady,5.7,23.0,238.0,245.0,7.0,14.0,14.0,0.0,0.0,0.0,0.0,77.0,77.0,0.0,14.600000000000001,3.6,238.0,5.0,320.006065,621.992371,10294.874728,940.0,164.0,14.855072463768115,55.30000000000001,-33.579999999999984,-12.939999999999998,-8.779999999999973,64.81395348837209,60.0,62.0,61.0,84.0,83.5047619047619,59.2,92.0,90.0,96.0,grumbling
2026-01-01T12:02:36.293+00:00,325,replay,sample/replay,engine/SID807,decoded CSV,100%,2.173912863199577,0.0,0.671,CLIMBING,↑,783.0,0.0,N,idle,46.0,,21.0,18.0,20.0,18.0,20.0,18.0,46.0,2.0,46.0,cold,982.0,-4.0,14.0,-18.0,290.0,288.0,2.0,986.0,5.0,0.0,6.176666666666666,8.0375,0.0,0.0,steady,5.2,23.0,237.0,245.0,8.0,14.0,14.0,0.0,0.0,0.0,0.0,77.0,77.0,0.0,14.3,3.6,237.0,5.0,320.006065,621.992371,10294.874728,940.0,164.0,14.855072463768115,47.139999999999986,-36.139999999999986,-7.339999999999975,-3.660000000000025,64.81395348837209,60.0,62.0,61.0,84.0,83.5047619047619,59.2,92.0,90.0,96.0,grumbling
2026-01-01T12:02:36.757+00:00,326,replay,sample/replay,engine/SID807,decoded CSV,100%,2.15517247580745,0.0,0.671,CLIMBING,↑,785.0,0.0,N,idle,46.0,,21.0,18.0,20.0,18.0,20.0,18.0,46.0,2.0,46.0,cold,983.0,-4.0,13.0,-17.0,292.0,290.0,2.0,987.0,5.0,0.0,6.256923076923076,8.31525641025641,0.0,0.0,steady,5.4,23.0,237.0,250.0,13.0,15.0,15.0,0.0,0.0,0.0,0.0,77.0,77.0,0.0,14.5,3.6,237.0,5.0,320.006065,621.992371,10294.874728,940.0,164.0,14.855072463768115,39.48000000000002,-35.56,-2.2799999999999727,-1.6399999999999864,64.81395348837209,60.0,62.0,61.0,84.0,83.5047619047619,59.2,92.0,90.0,96.0,grumbling
2026-01-01T12:02:37.232+00:00,327,replay,sample/replay,engine/SID807,decoded CSV,100%,2.105263580575959,0.0,0.671,CLIMBING,↑,783.0,0.0,N,idle,46.0,,21.0,19.0,20.0,18.0,20.0,18.0,46.0,2.0,46.0,cold,982.0,-4.0,14.0,-18.0,291.0,290.0,1.0,986.0,5.0,0.0,6.228461538461538,7.782628205128206,0.0,0.0,steady,5.300000000000001,23.0,237.0,237.0,0.0,14.0,15.0,1.0,0.0,0.0,0.0,76.0,76.0,0.0,14.5,3.6,237.0,5.0,320.006065,621.992371,10294.874728,940.0,164.0,14.855072463768115,31.019999999999982,-34.660000000000025,3.1000000000000227,0.5400000000000205,64.81395348837209,60.0,62.0,61.0,84.0,83.5047619047619,59.2,92.0,90.0,96.0,grumbling
2026-01-01T12:02:37.697+00:00,328,replay,sample/replay,engine/SID807,decoded CSV,100%,2.150536928718508,0.0,0.671,CLIMBING,↑,783.0,0.0,N,idle,46.0,,21.0,19.0,20.0,18.0,20.0,18.0,46.0,2.0,46.0,cold,982.0,-4.0,14.0,-18.0,290.0,290.0,0.0,986.0,5.0,0.0,6.1899999999999995,7.737500000000001,0.0,0.0,steady,5.2,23.0,237.0,237.0,0.0,15.0,15.0,0.0,0.0,0.0,0.0,76.0,76.0,0.0,14.5,3.6,236.0,5.0,320.006065,621.992371,10294.874728,940.0,164.0,14.855072463768115,25.519999999999982,-34.24000000000001,6.720000000000027,2.0,64.81395348837209,60.0,62.0,61.0,84.0,83.5047619047619,59.2,92.0,90.0,96.0,grumbling
2026-01-01T12:02:38.159+00:00,329,replay,sample/replay,engine/SID807,decoded CSV,100%,2.1645026649217036,0.0,0.671,CLIMBING,↑,786.0,0.0,N,idle,46.0,,21.0,19.0,20.0,18.0,20.0,18.0,46.0,2.0,46.0,cold,982.0,-5.0,13.0,-18.0,288.0,291.0,-3.0,987.0,5.0,0.0,6.186666666666666,8.136666666666667,0.0,0.0,steady,5.2,23.0,237.0,248.0,11.0,15.0,15.0,0.0,0.0,0.0,0.0,76.0,76.0,0.0,14.3,3.6,236.0,5.0,320.006065,621.992371,10294.874728,940.0,164.0,14.855072463768115,22.24000000000001,-35.44,9.120000000000005,4.079999999999984,64.81395348837209,60.0,62.0,61.0,84.0,83.5047619047619,59.2,92.0,90.0,96.0,grumbling
2026-01-01T12:02:38.616+00:00,330,replay,sample/replay,engine/SID807,decoded CSV,100%,2.1881837252458136,0.0,0.671,CLIMBING,↑,782.0,0.0,N,idle,46.0,,21.0,19.0,20.0,18.0,20.0,18.0,46.0,2.0,46.0,cold,982.0,-5.0,13.0,-18.0,293.0,289.0,4.0,987.0,5.0,0.0,6.096410256410256,7.643076923076923,0.0,0.0,steady,5.0,23.0,237.0,236.0,-1.0,15.0,15.0,0.0,0.0,0.0,0.0,76.0,76.0,0.0,14.5,3.6,235.0,5.0,320.006065,621.992371,10294.874728,940.0,164.0,14.855072463768115,20.120000000000005,-36.44,10.519999999999982,5.800000000000011,64.81395348837209,60.0,62.0,61.0,84.0,83.5047619047619,59.2,92.0,90.0,96.0,grumbling
2026-01-01T12:02:39.071+00:00,331,replay,sample/replay,engine/SID807,decoded CSV,100%,2.197802566327536,0.0,0.671,CLIMBING,↑,784.0,0.0,N,idle,46.0,,21.0,19.0,20.0,18.0,20.0,18.0,46.0,2.0,46.0,cold,982.0,-4.0,14.0,-18.0,289.0,290.0,-1.0,986.0,5.0,0.0,6.151538461538461,7.729871794871795,0.0,0.0,steady,5.1000000000000005,23.0,237.0,238.0,1.0,14.0,15.0,1.0,0.0,0.0,0.0,76.0,76.0,0.0,14.600000000000001,3.6,235.0,5.0,320.006065,621.992371,10294.874728,940.0,164.0,14.855072463768115,17.879999999999995,-35.56,11.639999999999986,6.0400000000000205,64.81395348837209,60.0,62.0,61.0,84.0,83.5047619047619,59.2,92.0,90.0,96.0,grumbling
2026-01-01T12:02:39.562+00:00,332,replay,sample/replay,engine/SID807,decoded CSV,100%,2.0366591499288145,0.0,0.671,CLIMBING,↑,781.0,0.0,N,idle,46.0,,21.0,19.0,20.0,18.0,20.0,18.0,46.0,2.0,46.0,cold,982.0,-4.0,14.0,-18.0,292.0,289.0,3.0,986.0,5.0,0.0,6.144871794871794,7.787371794871794,0.0,0.0,steady,5.1000000000000005,23.0,237.0,239.0,2.0,14.0,15.0,1.0,0.0,0.0,0.0,76.0,76.0,0.0,14.5,3.6,235.0,5.0,320.006065,621.992371,10294.874728,940.0,164.0,14.855072463768115,15.800000000000011,-35.24000000000001,12.680000000000007,6.759999999999991,64.81395348837209,60.0,62.0,61.0,84.0,83.5047619047619,59.2,92.0,90.0,96.0,grumbling
2026-01-01T12:02:40.024+00:00,333,replay,sample/replay,engine/SID807,decoded CSV,100%,2.1645026649217036,0.0,0.671,CLIMBING,↑,785.0,0.0,N,idle,46.0,,21.0,19.0,20.0,18.0,20.0,18.0,46.0,2.0,46.0,cold,982.0,-4.0,14.0,-18.0,290.0,290.0,0.0,986.0,5.0,0.0,6.151538461538461,7.211538461538462,0.0,0.0,steady,5.1000000000000005,23.0,237.0,224.0,-13.0,14.0,14.0,0.0,0.0,0.0,0.0,76.0,76.0,0.0,14.5,3.6,234.0,5.0,320.006065,621.992371,10294.874728,940.0,164.0,14.855072463768115,14.439999999999998,-34.44,12.920000000000016,7.079999999999984,64.81395348837209,60.0,62.0,61.0,84.0,83.5047619047619,59.2,92.0,90.0,96.0,grumbling
2026-01-01T12:02:40.519+00:00,334,replay,sample/replay,engine/SID807,decoded CSV,100%,2.0202015142225074,0.0,0.671,CLIMBING,↑,784.0,0.0,N,idle,46.0,,21.0,19.0,20.0,18.0,20.0,18.0,46.0,2.0,46.0,cold,982.0,-4.0,14.0,-18.0,290.0,290.0,0.0,986.0,5.0,0.0,6.113076923076923,7.585576923076923,0.0,0.0,steady,5.0,23.0,237.0,235.0,-2.0,14.0,14.0,0.0,0.0,0.0,0.0,76.0,76.0,0.0,14.5,3.6,234.0,5.0,320.006065,621.992371,10294.874728,940.0,164.0,14.855072463768115,11.879999999999995,-33.0,13.240000000000009,7.8799999999999955,64.81395348837209,60.0,62.0,61.0,84.0,83.5047619047619,59.2,92.0,90.0,96.0,grumbling
2026-01-01T12:02:40.985+00:00,335,replay,sample/replay,engine/SID807,decoded CSV,100%,2.145923475796157,0.0,0.671,CLIMBING,↑,787.0,0.0,N,idle,46.0,,21.0,19.0,20.0,18.0,20.0,18.0,46.0,2.0,46.0,cold,982.0,-5.0,13.0,-18.0,289.0,290.0,-1.0,987.0,5.0,2.0,6.803076923076922,7.766410256410257,0.0,0.0,steady,5.0,23.0,237.0,240.0,3.0,14.0,14.0,0.0,0.0,0.0,0.0,76.0,76.0,0.0,14.600000000000001,3.6,233.0,5.0,320.006065,621.992371,10294.874728,940.0,164.0,14.855072463768115,10.620000000000005,-33.69999999999999,14.220000000000027,8.860000000000014,64.81395348837209,60.0,62.0,61.0,84.0,83.5047619047619,59.2,92.0,90.0,96.0,grumbling
2026-01-01T12:02:41.721+00:00,336,replay,sample/replay,engine/SID807,decoded CSV,100%,1.3586955394997358,0.0,0.671,CLIMBING,↑,1759.0,0.0,N,idle,46.0,,21.0,19.0,20.0,18.0,20.0,18.0,46.0,2.0,46.0,cold,967.0,-20.0,429.0,-449.0,499.0,523.0,-24.0,987.0,15.0,23.0,26.435641025641022,23.582307692307687,0.0,0.0,steady,21.3,25.0,481.0,372.0,-109.0,0.0,0.0,0.0,0.0,0.0,0.0,100.0,87.0,-13.0,14.5,3.6,233.0,15.0,320.006065,621.992371,10294.874728,940.0,164.0,14.855072463768115,0.0,0.0,0.0,0.0,55.37823732856291,43.153961538461544,62.0,61.0,54.916666666666664,76.9846153846154,59.2,92.0,62.61538461538461,96.0,grumbling
2026-01-01T12:02:42.209+00:00,337,replay,sample/replay,engine/SID807,decoded CSV,100%,2.049180680274768,0.0,0.671,CLIMBING,↑,1616.0,1.8641130000000001,N,clutch,47.0,,21.0,18.0,20.0,18.0,20.0,18.0,47.0,2.0,47.0,cold,1080.0,94.0,237.0,-143.0,889.0,845.0,44.0,986.0,17.0,23.0,25.239230769230772,26.449230769230766,1.707650038589538,0.17413184304421367,pulling,17.6,25.0,353.0,388.0,35.0,4.0,3.0,-1.0,0.0,0.0,0.0,94.0,92.0,-2.0,14.5,3.6,232.0,17.0,320.006065,621.992371,10294.874728,940.0,164.0,14.855072463768115,0.0,0.0,0.0,0.0,74.87379372888094,65.0,86.35487535612535,62.0,83.75,82.67186147186148,60.4,92.0,85.18181818181819,96.0,grumbling
2026-01-01T12:02:42.687+00:00,338,replay,sample/replay,engine/SID807,decoded CSV,100%,2.0920494912907417,0.0,0.671,CLIMBING,↑,1374.0,4.970968,N,accelerating,47.0,,21.0,18.0,20.0,18.0,20.0,18.0,47.0,2.0,47.0,cold,1143.0,157.0,375.0,-218.0,923.0,905.0,18.0,986.0,18.0,23.0,28.79230769230769,30.567307692307693,2.9056233945289422,0.2962911284209126,pulling,22.6,24.0,466.0,434.0,-32.0,0.0,1.0,1.0,0.0,0.0,0.0,98.0,92.0,-6.0,14.5,3.6,232.0,18.0,320.006065,621.992371,10294.874728,940.0,164.0,14.855072463768115,0.0,0.0,0.0,0.0,66.19767441860465,48.0,78.0,62.0,77.5,81.04848484848483,60.4,92.0,78.36363636363636,96.0,grumbling
2026-01-01T12:02:43.157+00:00,339,replay,sample/replay,engine/SID807,decoded CSV,100%,2.1276605242573257,0.0,0.671,CLIMBING,↑,1468.0,7.4564520000000005,1,accelerating,47.0,,21.0,18.0,20.0,18.0,20.0,18.0,47.0,2.0,47.0,cold,1176.0,190.0,444.0,-254.0,847.0,838.0,9.0,986.0,16.0,28.0,32.43948717948718,31.97782051282051,2.3640665177891376,0.24106769567478575,pulling,26.900000000000002,24.0,501.0,418.0,-83.0,0.0,0.0,0.0,0.0,0.0,0.0,98.0,93.0,-5.0,14.5,3.6,231.0,16.0,320.006065,621.992371,10294.874728,940.0,164.0,14.855072463768115,0.0,0.0,0.0,0.0,78.15885559530909,92.0,80.31183048433049,62.0,70.59333333333333,79.94197469197469,60.4,92.0,73.71629370629371,96.0,grumbling
2026-01-01T12:02:43.657+00:00,340,replay,sample/replay,engine/SID807,decoded CSV,100%,2.0,0.0,0.671,CLIMBING,↑,1823.0,9.320565,1,accelerating,47.0,,21.0,18.0,20.0,18.0,20.0,18.0,47.0,2.0,47.0,cold,1223.0,238.0,768.0,-530.0,983.0,951.0,32.0,985.0,22.0,34.0,37.14820512820513,36.82070512820512,1.6666661510399996,0.16995264958370082,pulling,23.3,24.0,589.0,507.0,-82.0,0.0,0.0,0.0,0.0,0.0,0.0,100.0,98.0,-2.0,14.5,3.6,231.0,22.0,320.006065,621.992371,10294.874728,940.0,164.0,14.855072463768115,0.0,0.0,0.0,0.0,75.94613347247068,94.0,78.21913817663817,62.0,58.056666666666665,78.00531135531135,60.4,92.0,65.5823076923077,96.0,grumbling
2026-01-01T12:02:44.102+00:00,341,replay,sample/replay,engine/SID807,decoded CSV,100%,2.247190144369091,0.0,0.671,CLIMBING,↑,2005.0,11.184678,1,coasting,47.0,,21.0,18.0,21.0,18.0,21.0,18.0,47.0,3.0,47.0,cold,1406.0,419.0,591.0,-172.0,1127.0,1129.0,-2.0,987.0,33.0,0.0,24.545641025641025,43.83480769230769,1.872657874285327,0.1909579595769531,pulling,22.6,25.0,477.0,579.0,102.0,1.0,0.0,-1.0,0.0,0.0,0.0,97.0,100.0,3.0,13.700000000000001,3.6,231.0,33.0,320.006065,621.992371,10294.874728,940.0,164.0,14.855072463768115,0.0,0.0,0.0,0.0,83.28431115969877,94.0,89.5983586578031,62.0,78.75,81.99420579420581,60.4,92.0,82.33566433566435,96.0,grumbling
2026-01-01T12:02:44.586+00:00,342,replay,sample/replay,engine/SID807,decoded CSV,100%,2.066115840895981,0.0,0.671,CLIMBING,↑,2004.0,11.184678,N,clutch,47.0,,21.0,18.0,20.0,18.0,20.0,18.0,47.0,2.0,47.0,cold,1304.0,317.0,32.0,285.0,839.0,564.0,275.0,987.0,32.0,44.0,20.846666666666664,28.331666666666663,0.0,0.0,steady,0.0,18.0,249.0,494.0,245.0,0.0,0.0,0.0,0.0,0.0,0.0,77.0,100.0,23.0,14.600000000000001,3.6,230.0,32.0,320.006065,621.992371,10294.874728,940.0,164.0,14.855072463768115,0.0,0.0,0.0,0.0,58.05813953488372,48.0,78.0,62.0,27.500000000000007,71.53966033966033,60.4,92.0,38.426573426573434,96.0,grumbling
2026-01-01T12:02:45.108+00:00,343,replay,sample/replay,engine/SID807,decoded CSV,100%,1.9157085392662099,0.0,0.677,CLIMBING,↑,1324.0,13.670162,N,accelerating,47.0,,21.0,18.0,20.0,18.0,20.0,18.0,47.0,2.0,47.0,cold,1469.0,483.0,847.0,-364.0,877.0,876.0,1.0,986.0,24.0,44.0,46.088205128205125,47.92153846153847,2.128564385102183,0.21705316138560907,pulling,36.300000000000004,25.0,704.0,624.0,-80.0,0.0,0.0,0.0,0.0,0.0,0.0,100.0,100.0,0.0,14.600000000000001,3.5,230.0,24.0,320.006065,621.992371,10294.874728,940.0,164.0,14.855072463768115,0.0,0.0,0.0,0.0,61.52345888822633,48.0,69.43680436847103,62.0,67.13666666666667,71.4494664383236,60.4,72.75244542124543,66.91909090909091,96.0,grumbling
2026-01-01T12:02:45.576+00:00,344,replay,sample/replay,engine/SID807,decoded CSV,100%,2.1367524328377825,0.0,0.677,CLIMBING,↑,1538.0,14.912904000000001,2,accelerating,47.0,,21.0,18.0,20.0,18.0,20.0,18.0,47.0,2.0,47.0,cold,1470.0,483.0,786.0,-303.0,939.0,934.0,5.0,987.0,24.0,45.0,46.945641025641024,48.241474358974365,1.1870843176543693,0.12104891248840015,pulling,38.2,25.0,653.0,583.0,-70.0,0.0,0.0,0.0,0.0,0.0,0.0,98.0,100.0,2.0,14.5,3.6,229.0,24.0,320.006065,621.992371,10294.874728,940.0,164.0,14.855072463768115,0.0,0.0,0.0,0.0,71.04393366682126,80.75,68.44127651155428,62.0,71.61,77.97160782075068,60.4,87.79807765567766,71.74363636363637,96.0,grumbling
2026-01-01T12:02:46.040+00:00,345,replay,sample/replay,engine/SID807,decoded CSV,100%,2.15517247580745,0.0,0.677,CLIMBING,↑,1708.0,16.777017,2,accelerating,47.0,,21.0,18.0,20.0,18.0,20.0,18.0,47.0,2.0,47.0,cold,1559.0,573.0,952.0,-379.0,1029.0,1053.0,-24.0,986.0,30.0,45.0,48.59128205128205,51.48794871794872,1.7959765075406748,0.18313863628667026,pulling,36.1,25.0,710.0,620.0,-90.0,0.0,0.0,0.0,0.0,0.0,0.0,100.0,100.0,0.0,14.5,3.5,229.0,30.0,320.006065,621.992371,10294.874728,940.0,164.0,14.855072463768115,0.0,0.0,0.0,0.0,72.84386611343007,91.375,68.4019717473884,62.0,64.53666666666666,78.2943722943723,60.4,92.0,66.79636363636364,96.0,grumbling
2026-01-01T12:02:46.485+00:00,346,replay,sample/replay,engine/SID807,decoded CSV,100%,2.247191348351027,0.0,0.677,CLIMBING,↑,1880.0,18.64113,2,accelerating,47.0,,21.0,18.0,21.0,18.0,21.0,18.0,47.0,3.0,47.0,cold,1716.0,730.0,994.0,-264.0,1140.0,1145.0,-5.0,986.0,38.0,45.0,48.62461538461538,57.38044871794872,1.8726588776032966,0.19095806188691314,pulling,33.5,25.0,701.0,699.0,-2.0,0.0,0.0,0.0,0.0,0.0,0.0,95.0,99.0,4.0,14.5,3.6,229.0,38.0,320.006065,621.992371,10294.874728,940.0,164.0,14.855072463768115,0.0,0.0,0.0,0.0,75.79888944102123,94.0,68.98481639759417,62.0,76.94,80.90173160173158,60.4,92.0,77.74727272727273,96.0,grumbling
2026-01-01T12:02:46.920+00:00,347,replay,sample/replay,engine/SID807,decoded CSV,100%,2.298850877106442,0.0,0.677,CLIMBING,↑,2039.0,20.505243,2,accelerating,47.0,,21.0,18.0,21.0,18.0,21.0,18.0,47.0,3.0,47.0,cold,1878.0,891.0,1023.0,-132.0,1224.0,1218.0,6.0,987.0,49.0,45.0,49.28205128205128,63.09705128205129,1.9157084715809605,0.1953478987810272,pulling,32.800000000000004,26.0,667.0,758.0,91.0,1.0,0.0,-1.0,0.0,0.0,0.0,90.0,93.0,3.0,14.5,3.6,228.0,49.0,320.006065,621.992371,10294.874728,940.0,164.0,14.855072463768115,0.0,0.0,0.0,0.0,77.11298753285188,94.0,68.84278648306426,62.0,85.31666666666666,83.7404761904762,60.4,92.0,89.67,96.0,grumbling
2026-01-01T12:02:47.418+00:00,348,replay,sample/replay,engine/SID807,decoded CSV,100%,2.0080315440135887,0.0,0.683,CLIMBING,↑,1828.0,21.126614,N,clutch,47.0,,21.0,18.0,21.0,18.0,21.0,18.0,47.0,3.0,47.0,cold,1818.0,831.0,14.0,817.0,1094.0,1074.0,20.0,987.0,52.0,0.0,14.070512820512821,45.515512820512825,0.557786367438006,0.05687838022545987,gaining,12.100000000000001,23.0,471.0,570.0,99.0,0.0,5.0,5.0,0.0,0.0,0.0,99.0,75.0,-24.0,14.5,3.6,228.0,52.0,320.006065,621.992371,10294.874728,940.0,164.0,14.855072463768115,0.0,0.0,0.0,0.0,62.372093023255815,48.0,78.0,62.0,54.0,77.72014652014653,60.4,92.0,64.38461538461539,96.0,grumbling
2026-01-01T12:02:47.857+00:00,349,replay,sample/replay,engine/SID807,decoded CSV,100%,2.2779048921440785,0.0,0.683,CLIMBING,↑,1255.0,21.747985,N,accelerating,47.0,,21.0,18.0,19.0,18.0,19.0,18.0,47.0,1.0,47.0,cold,1434.0,448.0,779.0,-331.0,755.0,611.0,144.0,986.0,34.0,41.0,37.36846153846154,36.90929487179488,0.6327511631708262,0.06452266198659341,gaining,23.5,23.0,585.0,505.0,-80.0,4.0,5.0,1.0,0.0,0.0,0.0,100.0,82.0,-18.0,14.3,3.6,228.0,34.0,320.006065,621.992371,10294.874728,940.0,164.0,14.855072463768115,0.0,0.0,0.0,0.0,61.53799766448023,48.0,76.71025997150997,62.0,51.64,68.51883891738512,60.4,70.26540219780219,58.341020156314286,96.0,grumbling
2026-01-01T12:02:48.321+00:00,350,replay,sample/replay,engine/SID807,decoded CSV,100%,2.15517247580745,0.0,0.683,CLIMBING,↑,1381.0,22.990727,3,lugging,47.0,,21.0,18.0,19.0,18.0,19.0,18.0,47.0,1.0,47.0,cold,1395.0,409.0,696.0,-287.0,913.0,889.0,24.0,986.0,21.0,44.0,43.976410256410254,42.267243589743586,1.1973176716937834,0.12209242419111353,pulling,34.9,24.0,595.0,509.0,-86.0,0.0,0.0,0.0,0.0,0.0,0.0,99.0,100.0,1.0,14.5,3.5,228.0,21.0,320.006065,621.992371,10294.874728,940.0,164.0,14.855072463768115,0.0,0.0,0.0,0.0,66.12454084675015,62.0,70.63790598290598,62.0,68.82666666666667,63.104761904761894,60.4,50.0,66.0,96.0,lugging
2026-01-01T12:02:48.786+00:00,351,replay,sample/replay,engine/SID807,decoded CSV,100%,2.150536928718508,0.0,0.683,CLIMBING,↑,1434.0,23.612098,3,lugging,47.0,,21.0,18.0,20.0,18.0,20.0,18.0,47.0,2.0,47.0,cold,1423.0,437.0,719.0,-282.0,919.0,933.0,-14.0,986.0,23.0,44.0,44.72666666666666,45.614999999999995,0.5973711842761097,0.060914908177217474,gaining,35.1,25.0,608.0,578.0,-30.0,0.0,0.0,0.0,0.0,0.0,0.0,100.0,100.0,0.0,14.5,3.6,227.0,23.0,320.006065,621.992371,10294.874728,940.0,164.0,14.855072463768115,0.0,0.0,0.0,0.0,66.59543281653747,62.0,70.18490740740741,62.0,72.69,63.104761904761894,60.4,50.0,66.0,96.0,lugging
2026-01-01T12:02:49.265+00:00,352,replay,sample/replay,engine/SID807,decoded CSV,100%,2.087683312336896,0.0,0.6880000000000001,CLIMBING,↑,1528.0,25.476211,3,accelerating,47.0,,21.0,18.0,21.0,18.0,21.0,18.0,47.0,3.0,47.0,cold,1511.0,525.0,766.0,-241.0,971.0,970.0,1.0,986.0,27.0,44.0,45.443333333333335,49.09166666666667,1.739735555381486,0.17740365521166618,pulling,35.1,25.0,630.0,614.0,-16.0,0.0,0.0,0.0,0.0,0.0,0.0,96.0,98.0,2.0,14.5,3.6,227.0,27.0,320.006065,621.992371,10294.874728,940.0,164.0,14.855072463768115,0.0,0.0,0.0,0.0,72.19416038616136,80.125,69.92081532921812,62.0,76.57666666666667,79.1524508348794,60.4,87.5044380952381,77.14363636363636,96.0,grumbling
2026-01-01T12:02:49.909+00:00,353,replay,sample/replay,engine/SID807,decoded CSV,100%,1.5527949022854122,0.0,0.6880000000000001,CLIMBING,↑,1582.0,26.097582,3,cruise,47.0,,21.0,18.0,21.0,18.0,21.0,18.0,47.0,3.0,47.0,cold,1564.0,578.0,796.0,-218.0,1014.0,1020.0,-6.0,986.0,30.0,46.0,46.430512820512824,51.37051282051283,0.43133178385776005,0.043983601317244936,gaining,34.2,25.0,633.0,648.0,15.0,0.0,0.0,0.0,0.0,0.0,0.0,95.0,96.0,1.0,14.5,3.5,227.0,30.0,320.006065,621.992371,10294.874728,940.0,164.0,14.855072463768115,0.0,0.0,0.0,0.0,73.32586782780098,83.5,69.43059888414054,62.0,78.79333333333334,81.34025974025974,60.4,92.0,79.58909090909091,96.0,grumbling
2026-01-01T12:02:50.394+00:00,354,replay,sample/replay,engine/SID807,decoded CSV,100%,2.0618551025002976,0.0,0.6880000000000001,CLIMBING,↑,1643.0,27.340324,3,accelerating,47.0,,21.0,18.0,21.0,18.0,21.0,18.0,47.0,3.0,47.0,cold,1642.0,656.0,929.0,-273.0,1046.0,1065.0,-19.0,986.0,33.0,46.0,49.291282051282046,54.880448717948724,1.1454747025621184,0.11680591257586621,pulling,37.4,25.0,700.0,663.0,-37.0,0.0,0.0,0.0,0.0,0.0,0.0,96.0,96.0,0.0,14.5,3.5,227.0,33.0,320.006065,621.992371,10294.874728,940.0,164.0,14.855072463768115,0.0,0.0,0.0,0.0,73.23644686278406,87.3125,67.64248100664767,62.0,75.53999999999999,80.52402597402597,60.4,92.0,76.16090909090909,96.0,grumbling
2026-01-01T12:02:50.847+00:00,355,replay,sample/replay,engine/SID807,decoded CSV,100%,2.2075063459891715,0.0,0.6930000000000001,CLIMBING,↑,1694.0,27.961695,3,accelerating,47.0,,21.0,18.0,21.0,18.0,21.0,18.0,47.0,3.0,47.0,cold,1720.0,733.0,864.0,-131.0,1105.0,1094.0,11.0,987.0,36.0,46.0,47.64230769230769,56.58480769230769,0.6131960175110245,0.06252859207894892,gaining,34.300000000000004,25.0,643.0,691.0,48.0,0.0,0.0,0.0,0.0,0.0,0.0,92.0,96.0,4.0,14.5,3.5,227.0,36.0,320.006065,621.992371,10294.874728,940.0,164.0,14.855072463768115,0.0,0.0,0.0,0.0,76.41212577850658,90.5,68.97720500949667,62.0,86.72333333333333,83.41471861471862,60.4,92.0,88.30181818181818,96.0,grumbling
2026-01-01T12:02:51.416+00:00,356,replay,sample/replay,engine/SID807,decoded CSV,100%,1.7574692266145526,0.0,0.6930000000000001,CLIMBING,↑,1748.0,29.204437,3,accelerating,47.0,,21.0,18.0,21.0,18.0,21.0,18.0,47.0,3.0,47.0,cold,1656.0,669.0,539.0,130.0,1070.0,1067.0,3.0,987.0,32.0,46.0,40.90461538461538,45.70711538461538,0.9763714904976405,0.09956218387498693,pulling,25.700000000000003,25.0,498.0,519.0,21.0,7.0,6.0,-1.0,0.0,0.0,0.0,92.0,92.0,0.0,14.5,3.6,226.0,32.0,320.006065,621.992371,10294.874728,940.0,164.0,14.855072463768115,0.0,0.0,0.0,0.0,78.69790300139138,94.0,73.61176638176639,62.0,84.83333333333333,82.95324675324675,60.4,92.0,86.36363636363636,96.0,grumbling
2026-01-01T12:02:51.951+00:00,357,replay,sample/replay,engine/SID807,decoded CSV,100%,1.8691585786333313,0.0,0.6930000000000001,CLIMBING,↑,1696.0,29.204437,3,coasting,47.0,,21.0,18.0,20.0,18.0,20.0,18.0,47.0,2.0,47.0,cold,1476.0,490.0,326.0,164.0,968.0,965.0,3.0,986.0,26.0,0.0,20.11,35.29833333333333,0.0,0.0,steady,20.8,25.0,384.0,394.0,10.0,12.0,11.0,-1.0,0.0,0.0,0.0,91.0,92.0,1.0,14.100000000000001,3.6,226.0,26.0,320.006065,621.992371,10294.874728,940.0,164.0,14.855072463768115,0.0,0.0,0.0,0.0,84.53768213465403,94.0,90.89691100823045,62.0,83.66666666666667,82.60692640692642,60.4,92.0,84.9090909090909,96.0,grumbling
2026-01-01T12:02:52.398+00:00,358,replay,sample/replay,engine/SID807,decoded CSV,100%,2.2371363316823603,0.0,0.6930000000000001,CLIMBING,↑,1866.0,29.204437,N,clutch,47.0,,21.0,18.0,19.0,18.0,19.0,18.0,47.0,1.0,47.0,cold,1250.0,264.0,54.0,210.0,780.0,511.0,269.0,986.0,22.0,41.0,19.663333333333334,24.87,0.0,0.0,steady,0.0,18.0,263.0,448.0,185.0,2.0,0.0,-2.0,0.0,0.0,0.0,77.0,99.0,22.0,14.5,3.5,226.0,22.0,320.006065,621.992371,10294.874728,940.0,164.0,14.855072463768115,0.0,0.0,0.0,0.0,59.88953488372094,48.0,78.0,62.0,38.75000000000001,74.26193806193805,60.4,92.0,49.86013986013987,96.0,grumbling
2026-01-01T12:02:52.835+00:00,359,replay,sample/replay,engine/SID807,decoded CSV,100%,2.2883293296837652,0.0,0.6930000000000001,CLIMBING,↑,1243.0,29.204437,4,lugging,47.0,,21.0,18.0,20.0,18.0,20.0,18.0,47.0,2.0,47.0,cold,1275.0,289.0,82.0,207.0,742.0,652.0,90.0,986.0,17.0,46.0,30.0025641025641,28.338397435897434,0.0,0.0,steady,17.6,22.0,301.0,411.0,110.0,2.0,5.0,3.0,0.0,0.0,0.0,79.0,85.0,6.0,14.5,3.6,226.0,17.0,320.006065,621.992371,10294.874728,940.0,164.0,14.855072463768115,0.0,0.0,0.0,0.0,68.65475303120651,62.0,80.02695868945868,62.0,64.25,63.104761904761894,60.4,50.0,66.0,96.0,lugging
2026-01-01T12:02:53.330+00:00,360,replay,sample/replay,engine/SID807,decoded CSV,100%,2.020202487260257,0.0,0.6930000000000001,CLIMBING,↑,1235.0,29.204437,4,lugging,47.0,,21.0,18.0,19.0,18.0,19.0,18.0,47.0,1.0,47.0,cold,1166.0,180.0,85.0,95.0,651.0,658.0,-7.0,986.0,13.0,46.0,29.872564102564105,22.725897435897437,0.0,0.0,steady,16.3,24.0,303.0,340.0,37.0,18.0,17.0,-1.0,0.0,0.0,0.0,79.0,80.0,1.0,14.5,3.6,226.0,13.0,320.006065,621.992371,10294.874728,940.0,164.0,14.855072463768115,0.0,0.0,0.0,0.0,72.55547977539257,62.0,80.24237535612535,62.0,87.75,63.104761904761894,60.4,50.0,66.0,96.0,lugging
2026-01-01T12:02:53.814+00:00,361,replay,sample/replay,engine/SID807,decoded CSV,100%,2.066115840895981,0.0,0.6930000000000001,CLIMBING,↑,1232.0,29.204437,4,lugging,48.0,,21.0,18.0,19.0,18.0,19.0,18.0,48.0,1.0,48.0,cold,1093.0,106.0,133.0,-27.0,690.0,709.0,-19.0,987.0,11.0,46.0,32.30410256410256,21.591602564102562,0.0,0.0,steady,20.1,25.0,359.0,297.0,-62.0,12.0,18.0,6.0,0.0,0.0,0.0,87.0,82.0,-5.0,14.5,3.6,226.0,11.0,320.006065,621.992371,10294.874728,940.0,164.0,14.855072463768115,0.0,0.0,0.0,0.0,72.57967849334129,62.0,78.27285612535613,63.0,90.83333333333333,63.41904761904762,61.6,50.0,66.0,96.0,lugging
2026-01-01T12:02:54.310+00:00,362,replay,sample/replay,engine/SID807,decoded CSV,100%,2.0161288229285588,0.0,0.6930000000000001,CLIMBING,↑,1235.0,29.204437,4,lugging,48.0,,21.0,18.0,20.0,18.0,20.0,18.0,48.0,2.0,48.0,cold,1070.0,83.0,251.0,-168.0,768.0,766.0,2.0,987.0,12.0,46.0,34.483333333333334,25.132499999999997,0.0,0.0,steady,22.1,24.0,407.0,367.0,-40.0,2.0,2.0,0.0,0.0,0.0,0.0,89.0,86.0,-3.0,14.5,3.6,225.0,12.0,320.006065,621.992371,10294.874728,940.0,164.0,14.855072463768115,0.0,0.0,0.0,0.0,70.65253552971576,62.0,77.02615740740741,63.0,81.66666666666667,63.41904761904762,61.6,50.0,66.0,96.0,lugging
2026-01-01T12:02:54.781+00:00,363,replay,sample/replay,engine/SID807,decoded CSV,100%,2.1231424482806274,0.0,0.6930000000000001,CLIMBING,↑,1232.0,29.204437,4,lugging,48.0,,21.0,18.0,20.0,18.0,20.0,18.0,48.0,2.0,48.0,cold,1083.0,97.0,284.0,-187.0,783.0,778.0,5.0,986.0,15.0,46.0,35.3548717948718,27.042371794871798,0.0,0.0,steady,23.3,24.0,421.0,397.0,-24.0,0.0,0.0,0.0,0.0,0.0,0.0,90.0,86.0,-4.0,14.5,3.6,225.0,15.0,320.006065,621.992371,10294.874728,940.0,164.0,14.855072463768115,0.0,0.0,0.0,0.0,70.17343967402107,62.0,76.39163817663817,63.0,80.08333333333333,63.41904761904762,61.6,50.0,66.0,96.0,lugging
2026-01-01T12:02:55.215+00:00,364,replay,sample/replay,engine/SID807,decoded CSV,100%,2.304147384427422,0.0,0.6990000000000001,CLIMBING,↑,1235.0,29.204437,4,lugging,48.0,,21.0,18.0,20.0,18.0,20.0,18.0,48.0,2.0,48.0,cold,1097.0,111.0,301.0,-190.0,772.0,781.0,-9.0,986.0,15.0,46.0,35.69871794871795,27.216217948717947,0.0,0.0,steady,23.700000000000003,24.0,431.0,393.0,-38.0,0.0,0.0,0.0,0.0,0.0,0.0,90.0,87.0,-3.0,14.5,3.6,225.0,15.0,320.006065,621.992371,10294.874728,940.0,164.0,14.855072463768115,0.0,0.0,0.0,0.0,70.05198394951302,62.0,76.16013176638177,63.0,79.83333333333333,63.41904761904762,61.6,50.0,66.0,96.0,lugging
2026-01-01T12:02:55.675+00:00,365,replay,sample/replay,engine/SID807,decoded CSV,100%,2.173912863199577,0.0,0.6990000000000001,CLIMBING,↑,1248.0,29.204437,4,lugging,48.0,,21.0,18.0,20.0,18.0,20.0,18.0,48.0,2.0,48.0,cold,1104.0,118.0,283.0,-165.0,773.0,778.0,-5.0,986.0,15.0,47.0,35.656410256410254,27.378076923076925,0.0,0.0,steady,23.200000000000003,24.0,421.0,398.0,-23.0,0.0,0.0,0.0,0.0,0.0,0.0,90.0,87.0,-3.0,14.5,3.6,225.0,15.0,320.006065,621.992371,10294.874728,940.0,164.0,14.855072463768115,0.0,0.0,0.0,0.0,70.36871397336515,62.0,76.09586894586894,63.0,81.91666666666667,63.41904761904762,61.6,50.0,66.0,96.0,lugging
2026-01-01T12:02:56.135+00:00,366,replay,sample/replay,engine/SID807,decoded CSV,100%,2.173912863199577,0.0,0.6990000000000001,CLIMBING,↑,1244.0,29.204437,4,lugging,48.0,,21.0,18.0,21.0,18.0,21.0,18.0,48.0,3.0,48.0,cold,1113.0,126.0,269.0,-143.0,775.0,778.0,-3.0,987.0,16.0,48.0,35.75102564102564,27.58352564102564,0.0,0.0,steady,22.900000000000002,24.0,414.0,403.0,-11.0,0.0,0.0,0.0,0.0,0.0,0.0,93.0,91.0,-2.0,14.5,3.6,225.0,16.0,320.006065,621.992371,10294.874728,940.0,164.0,14.855072463768115,0.0,0.0,0.0,0.0,70.60894578612603,62.0,75.92897792022792,63.0,83.75,63.41904761904762,61.6,50.0,66.0,96.0,lugging
2026-01-01T12:02:56.615+00:00,367,replay,sample/replay,engine/SID807,decoded CSV,100%,2.083333250549108,0.0,0.6990000000000001,CLIMBING,↑,1244.0,29.204437,4,lugging,48.0,,21.0,18.0,21.0,18.0,21.0,18.0,48.0,3.0,48.0,cold,1125.0,139.0,242.0,-103.0,778.0,780.0,-2.0,986.0,16.0,48.0,35.34051282051282,27.77884615384615,0.0,0.0,steady,22.5,24.0,403.0,406.0,3.0,0.0,0.0,0.0,0.0,0.0,0.0,93.0,92.0,-1.0,14.5,3.6,225.0,16.0,320.006065,621.992371,10294.874728,940.0,164.0,14.855072463768115,0.0,0.0,0.0,0.0,71.24106042536275,62.0,76.18548433048433,63.0,87.08333333333333,63.41904761904762,61.6,50.0,66.0,96.0,lugging
2026-01-01T12:02:57.084+00:00,368,replay,sample/replay,engine/SID807,decoded CSV,100%,2.132196786380957,0.0,0.6990000000000001,CLIMBING,↑,1243.0,29.204437,4,lugging,48.0,,21.0,18.0,21.0,18.0,21.0,18.0,48.0,3.0,48.0,cold,1131.0,144.0,234.0,-90.0,779.0,777.0,2.0,987.0,16.0,48.0,35.009743589743586,27.40974358974359,0.0,0.0,steady,21.900000000000002,24.0,400.0,400.0,0.0,0.0,0.0,0.0,0.0,0.0,0.0,93.0,92.0,-1.0,14.5,3.6,225.0,16.0,320.006065,621.992371,10294.874728,940.0,164.0,14.855072463768115,0.0,0.0,0.0,0.0,71.51435350824886,62.0,76.46336894586894,63.0,88.16666666666667,63.41904761904762,61.6,50.0,66.0,96.0,lugging
2026-01-01T12:02:57.563+00:00,369,replay,sample/replay,engine/SID807,decoded CSV,100%,2.087682273208725,0.0,0.6990000000000001,CLIMBING,↑,1239.0,29.204437,4,lugging,48.0,,21.0,18.0,21.0,18.0,21.0,18.0,48.0,3.0,48.0,cold,1134.0,148.0,269.0,-121.0,780.0,779.0,1.0,986.0,16.0,48.0,35.642307692307696,27.81397435897436,0.0,0.0,steady,22.6,24.0,414.0,402.0,-12.0,0.0,0.0,0.0,0.0,0.0,0.0,95.0,93.0,-2.0,14.5,3.6,225.0,16.0,320.006065,621.992371,10294.874728,940.0,164.0,14.855072463768115,0.0,0.0,0.0,0.0,70.94845085470084,62.0,76.04667022792023,63.0,85.58333333333333,63.41904761904762,61.6,50.0,66.0,96.0,lugging
2026-01-01T12:02:58.027+00:00,370,replay,sample/replay,engine/SID807,decoded CSV,100%,2.15517247580745,0.0,0.6990000000000001,CLIMBING,↑,1230.0,29.204437,4,lugging,48.0,,21.0,18.0,21.0,18.0,21.0,18.0,48.0,3.0,48.0,cold,1141.0,154.0,306.0,-152.0,782.0,781.0,1.0,987.0,15.0,48.0,36.48717948717949,28.658846153846152,0.0,0.0,steady,23.8,24.0,434.0,410.0,-24.0,0.0,0.0,0.0,0.0,0.0,0.0,97.0,95.0,-2.0,14.5,3.6,225.0,15.0,320.006065,621.992371,10294.874728,940.0,164.0,14.855072463768115,0.0,0.0,0.0,0.0,70.31005267342475,62.0,75.422150997151,63.0,83.0,63.41904761904762,61.6,50.0,66.0,96.0,lugging
2026-01-01T12:02:58.481+00:00,371,replay,sample/replay,engine/SID807,decoded CSV,100%,2.202643190313694,0.0,0.6990000000000001,CLIMBING,↑,1231.0,29.204437,4,lugging,48.0,,21.0,18.0,21.0,18.0,21.0,18.0,48.0,3.0,48.0,cold,1154.0,167.0,348.0,-181.0,782.0,785.0,-3.0,987.0,16.0,48.0,37.54923076923076,29.60673076923077,0.0,0.0,steady,25.400000000000002,24.0,458.0,413.0,-45.0,0.0,0.0,0.0,0.0,0.0,0.0,99.0,97.0,-2.0,14.5,3.6,224.0,16.0,320.006065,621.992371,10294.874728,940.0,164.0,14.855072463768115,0.0,0.0,0.0,0.0,69.63459799244683,62.0,74.61362535612535,63.0,80.58333333333333,63.41904761904762,61.6,50.0,66.0,96.0,lugging
2026-01-01T12:02:58.940+00:00,372,replay,sample/replay,engine/SID807,decoded CSV,100%,2.1786498440409625,0.0,0.6990000000000001,CLIMBING,↑,1229.0,29.204437,4,lugging,48.0,,21.0,18.0,21.0,18.0,21.0,18.0,48.0,3.0,48.0,cold,1172.0,186.0,403.0,-217.0,779.0,792.0,-13.0,986.0,16.0,48.0,38.49205128205128,30.692884615384614,0.0,0.0,steady,26.3,24.0,488.0,425.0,-63.0,0.0,0.0,0.0,0.0,0.0,0.0,100.0,100.0,0.0,14.5,3.6,225.0,16.0,320.006065,621.992371,10294.874728,940.0,164.0,14.855072463768115,0.0,0.0,0.0,0.0,68.57611185648976,62.0,74.02929843304842,63.0,75.33333333333333,63.41904761904762,61.6,50.0,66.0,96.0,lugging
2026-01-01T12:02:59.392+00:00,373,replay,sample/replay,engine/SID807,decoded CSV,100%,2.2123886896793272,0.0,0.6990000000000001,CLIMBING,↑,1217.0,29.204437,4,lugging,48.0,,21.0,18.0,21.0,18.0,21.0,18.0,48.0,3.0,48.0,cold,1190.0,203.0,458.0,-255.0,805.0,799.0,6.0,987.0,16.0,48.0,39.39641025641025,31.754743589743594,0.0,0.0,steady,27.1,24.0,507.0,434.0,-73.0,0.0,0.0,0.0,0.0,0.0,0.0,100.0,100.0,0.0,14.5,3.6,225.0,16.0,320.006065,621.992371,10294.874728,940.0,164.0,14.855072463768115,0.0,0.0,0.0,0.0,67.74648529119459,62.0,73.48503561253561,63.0,71.40333333333334,63.41904761904762,61.6,50.0,66.0,96.0,lugging
2026-01-01T12:02:59.836+00:00,374,replay,sample/replay,engine/SID807,decoded CSV,100%,2.2522522232263724,0.0,0.6990000000000001,CLIMBING,↑,1220.0,29.204437,4,lugging,49.0,,21.0,18.0,21.0,18.0,21.0,18.0,49.0,3.0,49.0,cold,1204.0,218.0,517.0,-299.0,811.0,799.0,12.0,986.0,17.0,48.0,40.140256410256406,31.833589743589744,0.0,0.0,steady,27.5,24.0,528.0,424.0,-104.0,0.0,0.0,0.0,0.0,0.0,0.0,100.0,100.0,0.0,14.5,3.6,225.0,17.0,320.006065,621.992371,10294.874728,940.0,164.0,14.855072463768115,0.0,0.0,0.0,0.0,66.83944817133771,62.0,73.1035292022792,64.0,65.36333333333333,63.73333333333332,62.8,50.0,66.0,96.0,lugging
2026-01-01T12:03:00.327+00:00,375,replay,sample/replay,engine/SID807,decoded CSV,100%,2.0366601388849097,0.0,0.6990000000000001,CLIMBING,↑,1221.0,28.583066,4,lugging,49.0,,21.0,18.0,21.0,18.0,21.0,18.0,49.0,3.0,49.0,cold,1212.0,226.0,572.0,-346.0,790.0,799.0,-9.0,986.0,17.0,48.0,40.6902564102564,32.35525641025641,-0.565738752441984,-0.05768929781749976,easing,27.5,24.0,553.0,438.0,-115.0,0.0,0.0,0.0,0.0,0.0,0.0,100.0,100.0,0.0,14.5,3.6,224.0,17.0,320.006065,621.992371,10294.874728,940.0,164.0,14.855072463768115,0.0,0.0,0.0,0.0,66.02137646591135,62.0,72.89727920227921,64.0,60.779999999999994,63.11693306693306,62.8,50.0,63.411118881118874,96.0,lugging
2026-01-01T12:03:00.845+00:00,376,replay,sample/replay,engine/SID807,decoded CSV,100%,1.9305014613490439,0.0,0.704,CLIMBING,↑,1227.0,29.204437,4,lugging,49.0,,21.0,18.0,21.0,18.0,21.0,18.0,49.0,3.0,49.0,cold,1218.0,232.0,599.0,-367.0,797.0,800.0,-3.0,986.0,17.0,48.0,40.966923076923074,32.371923076923075,0.5362502400272843,0.05468230639691274,gaining,27.5,24.0,568.0,434.0,-134.0,0.0,0.0,0.0,0.0,0.0,0.0,100.0,100.0,0.0,14.5,3.6,224.0,17.0,320.006065,621.992371,10294.874728,940.0,164.0,14.855072463768115,0.0,0.0,0.0,0.0,65.46696755118266,62.0,72.7935292022792,64.0,57.596666666666664,62.631501831501815,62.8,50.0,61.37230769230769,96.0,lugging
2026-01-01T12:03:01.597+00:00,377,replay,sample/replay,engine/SID807,decoded CSV,100%,1.3297874903776525,0.0,0.704,CLIMBING,↑,1221.0,28.583066,4,lugging,49.0,,21.0,18.0,21.0,18.0,21.0,18.0,49.0,3.0,49.0,cold,1224.0,238.0,618.0,-380.0,792.0,800.0,-8.0,986.0,17.0,48.0,41.23384615384615,32.72051282051282,-0.3693852997148105,-0.037666817895490354,easing,27.700000000000003,24.0,578.0,440.0,-138.0,0.0,0.0,0.0,0.0,0.0,0.0,100.0,100.0,0.0,14.5,3.6,224.0,17.0,320.006065,621.992371,10294.874728,940.0,164.0,14.855072463768115,0.0,0.0,0.0,0.0,65.19982011528523,62.0,72.64215099715099,64.0,56.28,62.58205128205128,62.8,50.0,61.16461538461539,96.0,lugging
2026-01-01T12:03:02.087+00:00,378,replay,sample/replay,engine/SID807,decoded CSV,100%,2.040816286810733,0.0,0.704,CLIMBING,↑,1216.0,28.583066,4,lugging,49.0,,21.0,18.0,21.0,18.0,21.0,18.0,49.0,3.0,49.0,cold,1227.0,240.0,618.0,-378.0,794.0,800.0,-6.0,987.0,16.0,48.0,41.23384615384615,32.938012820512824,0.0,0.0,steady,27.700000000000003,24.0,581.0,445.0,-136.0,0.0,0.0,0.0,0.0,0.0,0.0,100.0,100.0,0.0,14.5,3.6,224.0,16.0,320.006065,621.992371,10294.874728,940.0,164.0,14.855072463768115,0.0,0.0,0.0,0.0,65.25896740210693,62.0,72.64215099715099,64.0,56.64333333333334,62.62582417582418,62.8,50.0,61.348461538461535,96.0,lugging
2026-01-01T12:03:02.544+00:00,379,replay,sample/replay,engine/SID807,decoded CSV,100%,2.1881837252458136,0.0,0.704,CLIMBING,↑,1218.0,28.583066,4,lugging,49.0,,21.0,18.0,21.0,18.0,21.0,18.0,49.0,3.0,49.0,cold,1230.0,244.0,628.0,-384.0,795.0,800.0,-5.0,986.0,17.0,48.0,41.29538461538461,32.49205128205128,0.0,0.0,steady,27.6,24.0,583.0,432.0,-151.0,0.0,0.0,0.0,0.0,0.0,0.0,100.0,100.0,0.0,14.5,3.6,224.0,17.0,320.006065,621.992371,10294.874728,940.0,164.0,14.855072463768115,0.0,0.0,0.0,0.0,64.97823394951303,62.0,72.6447150997151,64.0,54.91333333333334,62.35586080586079,62.8,50.0,60.214615384615385,96.0,lugging
2026-01-01T12:03:03.038+00:00,380,replay,sample/replay,engine/SID807,decoded CSV,100%,2.024291669924411,0.0,0.704,CLIMBING,↑,1222.0,29.204437,4,lugging,49.0,,21.0,18.0,21.0,18.0,21.0,18.0,49.0,3.0,49.0,cold,1231.0,245.0,614.0,-369.0,812.0,801.0,11.0,986.0,17.0,48.0,41.27743589743589,33.05076923076923,0.5623030676825419,0.05733895547231133,gaining,27.900000000000002,24.0,574.0,440.0,-134.0,0.0,0.0,0.0,0.0,0.0,0.0,100.0,100.0,0.0,14.5,3.6,225.0,17.0,320.006065,621.992371,10294.874728,940.0,164.0,14.855072463768115,0.0,0.0,0.0,0.0,65.37320562512424,62.0,72.57452279202279,64.0,57.49,62.64578754578754,62.8,50.0,61.432307692307695,96.0,lugging
2026-01-01T12:03:03.499+00:00,381,replay,sample/replay,engine/SID807,decoded CSV,100%,2.16919755851082,0.0,0.704,CLIMBING,↑,1218.0,28.583066,4,lugging,49.0,,21.0,18.0,21.0,18.0,21.0,18.0,49.0,3.0,49.0,cold,1231.0,245.0,589.0,-344.0,810.0,801.0,9.0,986.0,17.0,48.0,41.142820512820514,33.25198717948718,-0.6025546909480988,-0.06144347875656812,easing,28.200000000000003,24.0,561.0,443.0,-118.0,0.0,0.0,0.0,0.0,0.0,0.0,100.0,100.0,0.0,14.5,3.6,225.0,17.0,320.006065,621.992371,10294.874728,940.0,164.0,14.855072463768115,0.0,0.0,0.0,0.0,65.89902032399125,62.0,72.54808048433048,64.0,60.776666666666664,63.12432567432567,62.8,50.0,63.44216783216783,96.0,lugging
2026-01-01T12:03:03.993+00:00,382,replay,sample/replay,engine/SID807,decoded CSV,100%,2.024290692943537,0.0,0.704,CLIMBING,↑,1222.0,28.583066,4,lugging,49.0,,21.0,18.0,21.0,18.0,21.0,18.0,49.0,3.0,49.0,cold,1233.0,246.0,589.0,-343.0,796.0,802.0,-6.0,987.0,17.0,48.0,41.341794871794875,33.34346153846154,0.0,0.0,steady,28.700000000000003,24.0,563.0,442.0,-121.0,0.0,0.0,0.0,0.0,0.0,0.0,100.0,100.0,0.0,14.5,3.5,225.0,17.0,320.006065,621.992371,10294.874728,940.0,164.0,14.855072463768115,0.0,0.0,0.0,0.0,65.81731290995826,62.0,72.382297008547,64.0,60.629999999999995,63.09578754578754,62.8,50.0,63.32230769230769,96.0,lugging
2026-01-01T12:03:04.493+00:00,383,replay,sample/replay,engine/SID807,decoded CSV,100%,2.0,0.0,0.704,CLIMBING,↑,1219.0,28.583066,4,lugging,50.0,,21.0,18.0,21.0,18.0,21.0,18.0,50.0,3.0,50.0,cold,1237.0,251.0,602.0,-351.0,794.0,802.0,-8.0,986.0,17.0,48.0,41.47179487179487,33.40346153846154,0.0,0.0,steady,28.700000000000003,24.0,571.0,442.0,-129.0,0.0,0.0,0.0,0.0,0.0,0.0,100.0,100.0,0.0,14.5,3.6,225.0,17.0,320.006065,621.992371,10294.874728,940.0,164.0,14.855072463768115,0.0,0.0,0.0,0.0,65.7926585171934,62.0,72.29650997150996,65.0,59.37666666666667,63.109440559440564,64.0,50.0,62.059650349650354,96.0,lugging
2026-01-01T12:03:04.972+00:00,384,replay,sample/replay,engine/SID807,decoded CSV,100%,2.087683312336896,0.0,0.704,CLIMBING,↑,1216.0,28.583066,4,lugging,50.0,,21.0,18.0,21.0,18.0,21.0,18.0,50.0,3.0,50.0,cold,1235.0,249.0,635.0,-386.0,792.0,801.0,-9.0,986.0,17.0,48.0,41.487435897435894,33.18910256410257,0.0,0.0,steady,27.900000000000002,24.0,583.0,446.0,-137.0,0.0,0.0,0.0,0.0,0.0,0.0,100.0,100.0,0.0,14.5,3.6,225.0,17.0,320.006065,621.992371,10294.874728,940.0,164.0,14.855072463768115,0.0,0.0,0.0,0.0,65.2983703538064,62.0,72.49577279202279,65.0,55.913333333333334,62.92655677655678,64.0,50.0,61.291538461538465,96.0,lugging
2026-01-01T12:03:05.475+00:00,385,replay,sample/replay,engine/SID807,decoded CSV,100%,1.9880714876512926,0.0,0.704,CLIMBING,↑,1226.0,29.204437,4,lugging,50.0,,21.0,18.0,21.0,18.0,21.0,18.0,50.0,3.0,50.0,cold,1235.0,249.0,623.0,-374.0,820.0,800.0,20.0,986.0,17.0,48.0,41.51461538461538,33.33794871794872,0.5522419090526911,0.05631300281469117,gaining,28.3,24.0,576.0,440.0,-136.0,0.0,0.0,0.0,0.0,0.0,0.0,100.0,100.0,0.0,14.5,3.6,225.0,17.0,320.006065,621.992371,10294.874728,940.0,164.0,14.855072463768115,0.0,0.0,0.0,0.0,65.42399796263167,62.0,72.38301638176638,65.0,56.92666666666667,62.92820512820513,64.0,50.0,61.29846153846154,96.0,lugging
2026-01-01T12:03:05.930+00:00,386,replay,sample/replay,engine/SID807,decoded CSV,100%,2.197802566327536,0.0,0.704,CLIMBING,↑,1220.0,29.204437,4,lugging,50.0,,21.0,18.0,21.0,18.0,21.0,18.0,50.0,3.0,50.0,cold,1235.0,249.0,601.0,-352.0,812.0,803.0,9.0,986.0,17.0,48.0,41.160769230769226,32.73576923076923,0.0,0.0,steady,27.900000000000002,24.0,568.0,430.0,-138.0,0.0,0.0,0.0,0.0,0.0,0.0,100.0,100.0,0.0,14.5,3.5,225.0,17.0,320.006065,621.992371,10294.874728,940.0,164.0,14.855072463768115,0.0,0.0,0.0,0.0,65.77727862254027,62.0,72.65530982905983,65.0,58.51333333333333,62.91581751581751,64.0,50.0,61.24643356643357,96.0,lugging
2026-01-01T12:03:06.377+00:00,387,replay,sample/replay,engine/SID807,decoded CSV,100%,2.2371363316823603,0.0,0.704,CLIMBING,↑,1221.0,29.204437,4,lugging,50.0,,21.0,18.0,21.0,18.0,21.0,18.0,50.0,3.0,50.0,cold,1238.0,252.0,587.0,-335.0,793.0,804.0,-11.0,986.0,17.0,48.0,41.065897435897426,33.338397435897434,0.0,0.0,steady,28.0,24.0,561.0,447.0,-114.0,0.0,0.0,0.0,0.0,0.0,0.0,100.0,100.0,0.0,14.5,3.5,225.0,17.0,320.006065,621.992371,10294.874728,940.0,164.0,14.855072463768115,0.0,0.0,0.0,0.0,66.32555083482409,62.0,72.66524572649573,65.0,61.86,63.70667665667665,64.0,50.0,64.56804195804195,96.0,lugging
2026-01-01T12:03:06.834+00:00,388,replay,sample/replay,engine/SID807,decoded CSV,100%,2.1881837252458136,0.0,0.704,CLIMBING,↑,1224.0,29.204437,4,lugging,50.0,,21.0,18.0,21.0,18.0,21.0,18.0,50.0,3.0,50.0,cold,1237.0,251.0,585.0,-334.0,800.0,804.0,-4.0,986.0,17.0,48.0,41.08435897435897,33.116858974358976,0.0,0.0,steady,28.1,24.0,556.0,439.0,-117.0,0.0,0.0,0.0,0.0,0.0,0.0,100.0,100.0,0.0,14.5,3.6,225.0,17.0,320.006065,621.992371,10294.874728,940.0,164.0,14.855072463768115,0.0,0.0,0.0,0.0,66.26600004969191,62.0,72.5956445868946,65.0,61.64333333333333,63.66147186147186,64.0,50.0,64.37818181818182,96.0,lugging
2026-01-01T12:03:07.293+00:00,389,replay,sample/replay,engine/SID807,decoded CSV,100%,2.1786487123841543,0.0,0.704,CLIMBING,↑,1221.0,29.204437,4,lugging,50.0,,21.0,18.0,21.0,18.0,21.0,18.0,50.0,3.0,50.0,cold,1239.0,253.0,559.0,-306.0,809.0,802.0,7.0,986.0,17.0,48.0,40.65717948717949,32.74634615384616,0.0,0.0,steady,27.700000000000003,24.0,549.0,431.0,-118.0,0.0,0.0,0.0,0.0,0.0,0.0,100.0,100.0,0.0,14.5,3.6,225.0,17.0,320.006065,621.992371,10294.874728,940.0,164.0,14.855072463768115,0.0,0.0,0.0,0.0,66.71254298350229,62.0,72.858400997151,65.0,63.82333333333334,64.04761904761905,64.0,50.0,66.0,96.0,lugging
2026-01-01T12:03:07.739+00:00,390,replay,sample/replay,engine/SID807,decoded CSV,100%,2.2421531663440533,0.0,0.704,CLIMBING,↑,1223.0,29.204437,4,lugging,50.0,,21.0,18.0,21.0,18.0,21.0,18.0,50.0,3.0,50.0,cold,1237.0,250.0,581.0,-331.0,813.0,804.0,9.0,987.0,17.0,48.0,41.15589743589743,33.2575641025641,0.0,0.0,steady,28.0,25.0,556.0,442.0,-114.0,0.0,0.0,0.0,0.0,0.0,0.0,100.0,100.0,0.0,14.5,3.6,226.0,17.0,320.006065,621.992371,10294.874728,940.0,164.0,14.855072463768115,0.0,0.0,0.0,0.0,66.31791194593521,62.0,72.51112535612536,65.0,62.14333333333333,63.78135198135199,64.0,50.0,64.88167832167832,96.0,lugging
2026-01-01T12:03:08.199+00:00,391,replay,sample/replay,engine/SID807,decoded CSV,100%,2.173912863199577,0.0,0.704,CLIMBING,↑,1233.0,29.204437,4,lugging,50.0,,21.0,18.0,21.0,18.0,21.0,18.0,50.0,3.0,50.0,cold,1238.0,253.0,577.0,-324.0,799.0,805.0,-6.0,985.0,17.0,48.0,40.9725641025641,33.1350641025641,0.0,0.0,steady,28.0,24.0,552.0,439.0,-113.0,0.0,0.0,0.0,0.0,0.0,0.0,100.0,100.0,0.0,14.5,3.6,226.0,17.0,320.006065,621.992371,10294.874728,940.0,164.0,14.855072463768115,0.0,0.0,0.0,0.0,66.47297977539257,62.0,72.66320868945868,65.0,62.77,63.94165834165833,64.0,50.0,65.55496503496502,96.0,lugging
2026-01-01T12:03:08.666+00:00,392,replay,sample/replay,engine/SID807,decoded CSV,100%,2.1413275881433984,0.0,0.704,CLIMBING,↑,1232.0,29.204437,4,lugging,51.0,,21.0,18.0,21.0,18.0,21.0,18.0,51.0,3.0,51.0,cold,1242.0,256.0,540.0,-284.0,797.0,805.0,-8.0,986.0,17.0,48.0,40.83333333333333,33.88666666666666,0.0,0.0,steady,28.6,24.0,536.0,452.0,-84.0,0.0,0.0,0.0,0.0,0.0,0.0,100.0,100.0,0.0,14.5,3.6,226.0,17.0,320.006065,621.992371,10294.874728,940.0,164.0,14.855072463768115,0.0,0.0,0.0,0.0,67.55682816537468,62.0,72.56157407407407,66.0,68.36,64.36190476190477,65.2,50.0,66.0,96.0,lugging
2026-01-01T12:03:09.124+00:00,393,replay,sample/replay,engine/SID807,decoded CSV,100%,2.183406377229253,0.0,0.704,CLIMBING,↑,1225.0,29.204437,4,lugging,51.0,,21.0,18.0,21.0,18.0,21.0,18.0,51.0,3.0,51.0,cold,1240.0,254.0,549.0,-295.0,803.0,806.0,-3.0,986.0,17.0,48.0,40.660769230769226,33.48826923076923,0.0,0.0,steady,27.900000000000002,24.0,540.0,449.0,-91.0,0.0,0.0,0.0,0.0,0.0,0.0,100.0,100.0,0.0,14.600000000000001,3.6,226.0,17.0,320.006065,621.992371,10294.874728,940.0,164.0,14.855072463768115,0.0,0.0,0.0,0.0,67.40433934605446,62.0,72.8057727920228,66.0,66.89999999999999,64.36190476190477,65.2,50.0,66.0,96.0,lugging
2026-01-01T12:03:09.636+00:00,394,replay,sample/replay,engine/SID807,decoded CSV,100%,1.9531246798579174,0.0,0.704,CLIMBING,↑,1231.0,29.204437,4,lugging,51.0,,21.0,18.0,21.0,18.0,21.0,18.0,51.0,3.0,51.0,cold,1243.0,257.0,555.0,-298.0,802.0,809.0,-7.0,986.0,17.0,48.0,40.894615384615385,32.80544871794872,0.0,0.0,steady,28.3,24.0,543.0,425.0,-118.0,0.0,0.0,0.0,0.0,0.0,0.0,100.0,100.0,0.0,14.5,3.5,227.0,17.0,320.006065,621.992371,10294.874728,940.0,164.0,14.855072463768115,0.0,0.0,0.0,0.0,66.94879770423375,62.0,72.65255341880342,66.0,64.42999999999999,64.36190476190477,65.2,50.0,66.0,96.0,lugging
2026-01-01T12:03:10.107+00:00,395,replay,sample/replay,engine/SID807,decoded CSV,100%,2.1231424482806274,0.0,0.704,CLIMBING,↑,1229.0,29.204437,4,lugging,51.0,,21.0,18.0,21.0,18.0,21.0,18.0,51.0,3.0,51.0,cold,1242.0,256.0,561.0,-305.0,804.0,806.0,-2.0,986.0,17.0,48.0,40.85384615384615,33.01467948717949,0.0,0.0,steady,27.700000000000003,25.0,546.0,437.0,-109.0,0.0,0.0,0.0,0.0,0.0,0.0,100.0,100.0,0.0,14.5,3.6,227.0,17.0,320.006065,621.992371,10294.874728,940.0,164.0,14.855072463768115,0.0,0.0,0.0,0.0,66.99782399125422,62.0,72.70131766381766,66.0,64.62666666666667,64.36190476190477,65.2,50.0,66.0,96.0,lugging
2026-01-01T12:03:10.556+00:00,396,replay,sample/replay,engine/SID807,decoded CSV,100%,2.227170896161568,0.0,0.704,CLIMBING,↑,1233.0,29.204437,4,lugging,51.0,,21.0,18.0,21.0,18.0,21.0,18.0,51.0,3.0,51.0,cold,1242.0,256.0,571.0,-315.0,807.0,806.0,1.0,986.0,17.0,48.0,40.996153846153845,33.12782051282052,0.0,0.0,steady,28.200000000000003,24.0,550.0,434.0,-116.0,0.0,0.0,0.0,0.0,0.0,0.0,100.0,100.0,0.0,14.5,3.6,227.0,17.0,320.006065,621.992371,10294.874728,940.0,164.0,14.855072463768115,0.0,0.0,0.0,0.0,66.7394466805804,62.0,72.60308048433049,66.0,63.25000000000001,64.36190476190477,65.2,50.0,66.0,96.0,lugging
2026-01-01T12:03:11.015+00:00,397,replay,sample/replay,engine/SID807,decoded CSV,100%,2.1786498440409625,0.0,0.704,CLIMBING,↑,1237.0,29.204437,4,lugging,51.0,,21.0,18.0,21.0,18.0,21.0,18.0,51.0,3.0,51.0,cold,1242.0,256.0,564.0,-308.0,797.0,810.0,-13.0,986.0,17.0,48.0,40.95282051282051,33.29948717948718,0.0,0.0,steady,28.200000000000003,24.0,547.0,440.0,-107.0,0.0,0.0,0.0,0.0,0.0,0.0,100.0,100.0,0.0,14.5,3.6,228.0,17.0,320.006065,621.992371,10294.874728,940.0,164.0,14.855072463768115,0.0,0.0,0.0,0.0,66.95728582786722,62.0,72.61933048433049,66.0,64.55333333333333,64.36190476190477,65.2,50.0,66.0,96.0,lugging
2026-01-01T12:03:11.585+00:00,398,replay,sample/replay,engine/SID807,decoded CSV,100%,1.754385436561018,0.0,0.704,CLIMBING,↑,1237.0,29.204437,4,lugging,51.0,,21.0,18.0,21.0,18.0,21.0,18.0,51.0,3.0,51.0,cold,1242.0,256.0,559.0,-303.0,823.0,812.0,11.0,986.0,17.0,48.0,40.989230769230765,33.508397435897436,0.0,0.0,steady,28.0,25.0,543.0,443.0,-100.0,0.0,0.0,0.0,0.0,0.0,0.0,100.0,100.0,0.0,14.5,3.6,228.0,17.0,320.006065,621.992371,10294.874728,940.0,164.0,14.855072463768115,0.0,0.0,0.0,0.0,67.0976212482608,62.0,72.57362535612536,66.0,65.51333333333334,64.36190476190477,65.2,50.0,66.0,96.0,lugging
2026-01-01T12:03:12.047+00:00,399,replay,sample/replay,engine/SID807,decoded CSV,100%,2.1645026649217036,0.0,0.71,CLIMBING,↑,1247.0,29.204437,4,lugging,52.0,,21.0,18.0,21.0,18.0,21.0,18.0,52.0,3.0,52.0,cold,1247.0,261.0,507.0,-246.0,827.0,815.0,12.0,986.0,17.0,48.0,40.527692307692305,33.91519230769231,0.0,0.0,steady,28.1,25.0,523.0,449.0,-74.0,0.0,0.0,0.0,0.0,0.0,0.0,100.0,100.0,0.0,14.5,3.6,228.0,17.0,320.006065,621.992371,10294.874728,940.0,164.0,14.855072463768115,0.0,0.0,0.0,0.0,68.45176555356787,62.0,72.72106125356125,67.0,72.23,64.67619047619047,66.4,50.0,66.0,96.0,lugging
2026-01-01T12:03:12.527+00:00,400,replay,sample/replay,engine/SID807,decoded CSV,100%,2.083333250549108,0.0,0.71,CLIMBING,↑,1244.0,29.204437,4,lugging,52.0,,21.0,18.0,21.0,18.0,21.0,18.0,52.0,3.0,52.0,cold,1249.0,264.0,399.0,-135.0,795.0,806.0,-11.0,985.0,18.0,48.0,38.737692307692306,32.71685897435897,0.0,0.0,steady,26.8,24.0,487.0,435.0,-52.0,0.0,0.0,0.0,0.0,0.0,0.0,99.0,100.0,1.0,14.5,3.6,229.0,18.0,320.006065,621.992371,10294.874728,940.0,164.0,14.855072463768115,0.0,0.0,0.0,0.0,70.81514733651362,62.0,73.80897792022792,67.0,84.41666666666667,64.67619047619047,66.4,50.0,66.0,96.0,lugging
2026-01-01T12:03:13.058+00:00,401,replay,sample/replay,engine/SID807,decoded CSV,100%,1.8832395298977405,0.0,0.71,CLIMBING,↑,1240.0,29.825808000000002,4,lugging,52.0,,21.0,18.0,21.0,18.0,21.0,18.0,52.0,3.0,52.0,cold,1245.0,259.0,386.0,-127.0,817.0,808.0,9.0,986.0,17.0,49.0,39.005641025641026,32.61397435897436,0.5231219297968439,0.05334359131781433,gaining,26.5,25.0,480.0,434.0,-46.0,0.0,0.0,0.0,0.0,0.0,0.0,99.0,100.0,1.0,14.5,3.6,229.0,17.0,320.006065,621.992371,10294.874728,940.0,164.0,14.855072463768115,0.0,0.0,0.0,0.0,70.81371248260783,62.0,73.49375356125356,67.0,85.08333333333333,64.67619047619047,66.4,50.0,66.0,96.0,lugging
2026-01-01T12:03:13.514+00:00,402,replay,sample/replay,engine/SID807,decoded CSV,100%,2.1929820250203518,0.0,0.71,CLIMBING,↑,1244.0,29.825808000000002,4,lugging,52.0,,21.0,18.0,21.0,18.0,21.0,18.0,52.0,3.0,52.0,cold,1241.0,255.0,337.0,-82.0,814.0,800.0,14.0,986.0,17.0,49.0,37.850769230769224,32.37910256410256,0.0,0.0,steady,25.3,24.0,453.0,442.0,-11.0,0.0,0.0,0.0,0.0,0.0,0.0,98.0,100.0,2.0,14.5,3.6,230.0,17.0,320.006065,621.992371,10294.874728,940.0,164.0,14.855072463768115,0.0,0.0,0.0,0.0,71.71165523752734,62.0,74.31785612535613,67.0,88.83333333333333,64.67619047619047,66.4,50.0,66.0,96.0,lugging
2026-01-01T12:03:13.985+00:00,403,replay,sample/replay,engine/SID807,decoded CSV,100%,2.1231424482806274,0.0,0.71,CLIMBING,↑,1254.0,29.825808000000002,4,lugging,52.0,,21.0,18.0,21.0,18.0,21.0,18.0,52.0,3.0,52.0,cold,1231.0,245.0,308.0,-63.0,804.0,796.0,8.0,986.0,18.0,50.0,37.4225641025641,31.117564102564103,0.0,0.0,steady,24.1,24.0,435.0,426.0,-9.0,0.0,0.0,0.0,0.0,0.0,0.0,98.0,100.0,2.0,14.5,3.6,230.0,18.0,320.006065,621.992371,10294.874728,940.0,164.0,14.855072463768115,0.0,0.0,0.0,0.0,72.48062512422977,62.0,74.57779202279202,67.0,93.0,64.67619047619047,66.4,50.0,66.0,96.0,lugging
2026-01-01T12:03:14.417+00:00,404,replay,sample/replay,engine/SID807,decoded CSV,100%,2.3148152338461725,0.0,0.71,CLIMBING,↑,1259.0,29.825808000000002,4,lugging,52.0,,21.0,18.0,21.0,18.0,21.0,18.0,52.0,3.0,52.0,cold,1226.0,240.0,251.0,-11.0,782.0,790.0,-8.0,986.0,17.0,50.0,36.19717948717948,30.36384615384615,0.0,0.0,steady,22.5,24.0,408.0,428.0,20.0,1.0,0.0,-1.0,0.0,0.0,0.0,97.0,100.0,3.0,14.5,3.5,231.0,17.0,320.006065,621.992371,10294.874728,940.0,164.0,14.855072463768115,0.0,0.0,0.0,0.0,72.79695512820513,62.0,75.4846047008547,67.0,93.0,64.67619047619047,66.4,50.0,66.0,96.0,lugging
2026-01-01T12:03:14.854+00:00,405,replay,sample/replay,engine/SID807,decoded CSV,100%,2.2883293296837652,0.0,0.71,CLIMBING,↑,1266.0,29.825808000000002,4,lugging,52.0,,21.0,18.0,21.0,18.0,21.0,18.0,52.0,3.0,52.0,cold,1218.0,231.0,185.0,46.0,783.0,773.0,10.0,987.0,17.0,50.0,34.923846153846156,28.581346153846155,0.0,0.0,steady,21.200000000000003,24.0,380.0,397.0,17.0,2.0,2.0,0.0,0.0,0.0,0.0,95.0,100.0,5.0,14.5,3.6,231.0,17.0,320.006065,621.992371,10294.874728,940.0,164.0,14.855072463768115,0.0,0.0,0.0,0.0,73.06688406877359,62.0,76.25840099715099,67.0,93.0,64.67619047619047,66.4,50.0,66.0,96.0,lugging
2026-01-01T12:03:15.316+00:00,406,replay,sample/replay,engine/SID807,decoded CSV,100%,2.1645015479141216,0.0,0.71,CLIMBING,↑,1268.0,29.825808000000002,4,lugging,52.0,,21.0,18.0,21.0,18.0,21.0,18.0,52.0,3.0,52.0,cold,1187.0,200.0,129.0,71.0,746.0,748.0,-2.0,987.0,15.0,50.0,33.77410256410257,25.864102564102563,0.0,0.0,steady,20.1,24.0,356.0,356.0,0.0,4.0,3.0,-1.0,0.0,0.0,0.0,92.0,99.0,7.0,14.5,3.6,232.0,15.0,320.006065,621.992371,10294.874728,940.0,164.0,14.855072463768115,0.0,0.0,0.0,0.0,73.3156765553568,62.0,76.97160612535612,67.0,93.0,64.67619047619047,66.4,50.0,66.0,96.0,lugging
2026-01-01T12:03:15.785+00:00,407,replay,sample/replay,engine/SID807,decoded CSV,100%,2.132196786380957,0.0,0.71,CLIMBING,↑,1268.0,29.825808000000002,4,lugging,53.0,,21.0,18.0,20.0,18.0,20.0,18.0,53.0,2.0,53.0,cold,1156.0,170.0,103.0,67.0,710.0,716.0,-6.0,986.0,14.0,50.0,32.68538461538461,23.79621794871795,0.0,0.0,steady,18.5,24.0,329.0,337.0,8.0,6.0,6.0,0.0,0.0,0.0,0.0,83.0,92.0,9.0,14.5,3.6,232.0,14.0,320.006065,621.992371,10294.874728,940.0,164.0,14.855072463768115,0.0,0.0,0.0,0.0,73.81051108129597,62.0,77.79013176638176,68.0,93.0,64.9904761904762,67.6,50.0,66.0,96.0,lugging
2026-01-01T12:03:16.236+00:00,408,replay,sample/replay,engine/SID807,decoded CSV,100%,2.2172950221264083,0.0,0.71,CLIMBING,↑,1267.0,29.825808000000002,4,lugging,53.0,,21.0,18.0,20.0,18.0,20.0,18.0,53.0,2.0,53.0,cold,1119.0,133.0,88.0,45.0,679.0,680.0,-1.0,986.0,12.0,50.0,31.564615384615387,21.713782051282053,0.0,0.0,steady,16.6,24.0,305.0,323.0,18.0,10.0,10.0,0.0,0.0,0.0,0.0,79.0,88.0,9.0,14.5,3.6,232.0,12.0,320.006065,621.992371,10294.874728,940.0,164.0,14.855072463768115,0.0,0.0,0.0,0.0,74.12706966805804,62.0,78.69759971509971,68.0,93.0,64.9904761904762,67.6,50.0,66.0,96.0,lugging
2026-01-01T12:03:16.716+00:00,409,replay,sample/replay,engine/SID807,decoded CSV,100%,2.083333250549108,0.0,0.71,CLIMBING,↑,1274.0,29.825808000000002,4,lugging,53.0,,21.0,18.0,20.0,18.0,20.0,18.0,53.0,2.0,53.0,cold,1079.0,93.0,76.0,17.0,650.0,646.0,4.0,986.0,12.0,50.0,30.679487179487182,19.963653846153846,0.0,0.0,steady,15.200000000000001,24.0,290.0,313.0,23.0,15.0,15.0,0.0,0.0,0.0,0.0,77.0,83.0,6.0,14.5,3.6,233.0,12.0,320.006065,621.992371,10294.874728,940.0,164.0,14.855072463768115,0.0,0.0,0.0,0.0,74.36808040151064,62.0,79.38849715099715,68.0,93.0,64.9904761904762,67.6,50.0,66.0,96.0,lugging
2026-01-01T12:03:17.180+00:00,410,replay,sample/replay,engine/SID807,decoded CSV,100%,2.15517247580745,0.0,0.71,CLIMBING,↑,1275.0,29.825808000000002,4,lugging,53.0,,21.0,18.0,20.0,18.0,20.0,18.0,53.0,2.0,53.0,cold,1052.0,66.0,66.0,0.0,613.0,619.0,-6.0,986.0,11.0,50.0,29.89948717948718,17.495320512820513,0.0,0.0,steady,13.9,24.0,273.0,279.0,6.0,20.0,20.0,0.0,0.0,0.0,0.0,77.0,78.0,1.0,14.5,3.6,233.0,11.0,320.006065,621.992371,10294.874728,940.0,164.0,14.855072463768115,0.0,0.0,0.0,0.0,74.58639435499902,62.0,80.01433048433049,68.0,93.0,64.9904761904762,67.6,50.0,66.0,96.0,lugging
2026-01-01T12:03:17.644+00:00,411,replay,sample/replay,engine/SID807,decoded CSV,100%,2.155171368408937,0.0,0.71,CLIMBING,↑,1269.0,29.825808000000002,4,lugging,53.0,,21.0,18.0,20.0,18.0,20.0,18.0,53.0,2.0,53.0,cold,1034.0,48.0,56.0,-8.0,601.0,598.0,3.0,986.0,10.0,52.0,29.974871794871795,16.073205128205128,0.0,0.0,steady,12.9,24.0,268.0,262.0,-6.0,19.0,20.0,1.0,0.0,0.0,0.0,77.0,78.0,1.0,14.5,3.6,233.0,10.0,320.006065,621.992371,10294.874728,940.0,164.0,14.855072463768115,0.0,0.0,0.0,0.0,74.52062959650168,62.0,79.82580484330484,68.0,93.0,64.9904761904762,67.6,50.0,66.0,96.0,lugging
2026-01-01T12:03:18.138+00:00,412,replay,sample/replay,engine/SID807,decoded CSV,100%,2.024291669924411,0.0,0.71,CLIMBING,↑,1272.0,30.447179000000002,4,lugging,53.0,,21.0,18.0,20.0,18.0,20.0,18.0,53.0,2.0,53.0,cold,1018.0,32.0,49.0,-17.0,562.0,565.0,-3.0,986.0,9.0,53.0,29.53487179487179,15.094038461538464,0.5623030676825419,0.05733895547231133,gaining,11.600000000000001,24.0,262.0,263.0,1.0,20.0,20.0,0.0,0.0,0.0,0.0,77.0,77.0,0.0,14.5,3.6,234.0,9.0,320.006065,621.992371,10294.874728,940.0,164.0,14.855072463768115,0.0,0.0,0.0,0.0,74.62179238719936,62.0,80.11580484330484,68.0,93.0,64.9904761904762,67.6,50.0,66.0,96.0,lugging
2026-01-01T12:03:18.646+00:00,413,replay,sample/replay,engine/SID807,decoded CSV,100%,1.9685043361214545,0.0,0.71,CLIMBING,↑,1271.0,29.825808000000002,4,lugging,53.0,,21.0,18.0,20.0,18.0,20.0,18.0,53.0,2.0,53.0,cold,1007.0,22.0,42.0,-20.0,543.0,547.0,-4.0,985.0,9.0,52.0,28.61025641025641,13.58775641025641,-0.5468065908648491,-0.055758754606807535,easing,10.600000000000001,24.0,256.0,241.0,-15.0,18.0,20.0,2.0,0.0,0.0,0.0,77.0,77.0,0.0,14.5,3.6,234.0,9.0,320.006065,621.992371,10294.874728,940.0,164.0,14.855072463768115,0.0,0.0,0.0,0.0,74.90486483800436,62.0,80.9272792022792,68.0,93.0,64.9904761904762,67.6,50.0,66.0,96.0,lugging
2026-01-01T12:03:19.104+00:00,414,replay,sample/replay,engine/SID807,decoded CSV,100%,2.183406377229253,0.0,0.71,CLIMBING,↑,1265.0,29.825808000000002,4,lugging,53.0,,21.0,18.0,20.0,18.0,20.0,18.0,53.0,2.0,53.0,cold,1002.0,17.0,38.0,-21.0,539.0,538.0,1.0,985.0,9.0,52.0,28.241025641025637,13.413525641025641,0.0,0.0,steady,9.9,24.0,253.0,247.0,-6.0,18.0,19.0,1.0,0.0,0.0,0.0,77.0,77.0,0.0,14.5,3.6,234.0,9.0,320.006065,621.992371,10294.874728,940.0,164.0,14.855072463768115,0.18000000000000682,-0.6299999999999955,0.2699999999999818,0.17000000000001592,75.01577718147485,62.0,81.24522792022792,68.0,93.0,64.9904761904762,67.6,50.0,66.0,96.0,lugging
2026-01-01T12:03:19.643+00:00,415,replay,sample/replay,engine/SID807,decoded CSV,100%,1.855287451398442,0.0,0.71,CLIMBING,↑,1268.0,29.825808000000002,4,lugging,54.0,,21.0,18.0,20.0,18.0,20.0,18.0,54.0,2.0,54.0,cold,996.0,10.0,34.0,-24.0,526.0,523.0,3.0,986.0,9.0,52.0,27.754871794871796,12.949038461538462,0.0,0.0,steady,9.0,24.0,250.0,249.0,-1.0,18.0,19.0,1.0,0.0,0.0,0.0,77.0,77.0,0.0,14.5,3.6,235.0,9.0,320.006065,621.992371,10294.874728,940.0,164.0,14.855072463768115,0.9499999999999886,-3.2900000000000205,1.4300000000000068,0.910000000000025,75.3691761081296,62.0,81.65830484330483,69.0,93.0,65.30476190476189,68.8,50.0,66.0,96.0,lugging
2026-01-01T12:03:20.096+00:00,416,replay,sample/replay,engine/SID807,decoded CSV,100%,2.207505184155956,0.0,0.71,CLIMBING,↑,1264.0,29.825808000000002,4,lugging,54.0,,21.0,18.0,20.0,18.0,20.0,18.0,54.0,2.0,54.0,cold,993.0,7.0,33.0,-26.0,522.0,520.0,2.0,986.0,9.0,52.0,27.686410256410255,12.783076923076923,0.0,0.0,steady,8.9,24.0,247.0,248.0,1.0,18.0,17.0,-1.0,0.0,0.0,0.0,77.0,77.0,0.0,14.5,3.6,235.0,9.0,320.006065,621.992371,10294.874728,940.0,164.0,14.855072463768115,1.1399999999999864,-3.9499999999999886,1.7099999999999795,1.089999999999975,75.3870763764659,62.0,81.70961894586894,69.0,93.0,65.30476190476189,68.8,50.0,66.0,96.0,lugging
2026-01-01T12:03:20.515+00:00,417,replay,sample/replay,engine/SID807,decoded CSV,100%,2.386635355491282,0.0,0.71,CLIMBING,↑,1262.0,29.825808000000002,4,lugging,54.0,,21.0,18.0,20.0,18.0,20.0,18.0,54.0,2.0,54.0,cold,993.0,7.0,32.0,-25.0,518.0,518.0,0.0,986.0,9.0,51.0,27.197692307692304,12.671858974358972,0.0,0.0,steady,8.6,24.0,246.0,249.0,3.0,18.0,17.0,-1.0,0.0,0.0,0.0,77.0,77.0,0.0,14.5,3.6,235.0,9.0,320.006065,621.992371,10294.874728,940.0,164.0,14.855072463768115,1.4300000000000068,-4.949999999999989,2.1499999999999773,1.3700000000000045,75.55051555356788,62.0,82.17814458689458,69.0,93.0,65.30476190476189,68.8,50.0,66.0,96.0,lugging
2026-01-01T12:03:20.992+00:00,418,replay,sample/replay,engine/SID807,decoded CSV,100%,2.0964360670830913,0.0,0.71,CLIMBING,↑,1242.0,29.825808000000002,4,coasting,54.0,,21.0,18.0,20.0,18.0,20.0,18.0,54.0,2.0,54.0,cold,992.0,6.0,30.0,-24.0,507.0,504.0,3.0,986.0,8.0,0.0,8.926666666666666,11.945,0.0,0.0,steady,7.800000000000001,24.0,243.0,242.0,-1.0,19.0,18.0,-1.0,0.0,0.0,0.0,77.0,77.0,0.0,14.5,3.6,236.0,8.0,320.006065,621.992371,10294.874728,940.0,164.0,14.855072463768115,2.1899999999999977,-7.610000000000014,3.3000000000000114,2.1000000000000227,85.79571669537755,87.25,95.54772119341564,69.0,84.0,88.16190476190475,68.8,98.0,90.0,96.0,grumbling
2026-01-01T12:03:21.583+00:00,419,replay,sample/replay,engine/SID807,decoded CSV,100%,1.6920471479736037,0.0,0.71,CLIMBING,↑,1248.0,29.825808000000002,4,coasting,54.0,,21.0,18.0,20.0,18.0,20.0,18.0,54.0,2.0,54.0,cold,985.0,0.0,15.0,-15.0,411.0,416.0,-5.0,985.0,14.0,0.0,5.04,12.65,0.0,0.0,steady,0.0,23.0,407.0,360.0,-47.0,0.0,0.0,0.0,0.0,0.0,0.0,85.0,82.0,-3.0,14.600000000000001,3.6,236.0,14.0,320.006065,621.992371,10294.874728,940.0,164.0,14.855072463768115,9.680000000000007,-33.51999999999998,14.560000000000002,9.279999999999973,86.05813953488372,87.625,96.0,69.0,84.0,88.16190476190475,68.8,98.0,90.0,96.0,grumbling
2026-01-01T12:03:22.099+00:00,420,replay,sample/replay,engine/SID807,decoded CSV,100%,1.9379843743430205,0.0,0.71,CLIMBING,↑,1241.0,29.204437,4,coasting,54.0,,21.0,18.0,20.0,18.0,20.0,18.0,54.0,2.0,54.0,cold,998.0,12.0,14.0,-2.0,417.0,420.0,-3.0,986.0,15.0,0.0,5.056666666666667,13.354166666666666,-0.5383288263269937,-0.054894263211901495,easing,0.0,23.0,407.0,373.0,-34.0,0.0,0.0,0.0,0.0,0.0,0.0,85.0,83.0,-2.0,14.600000000000001,3.6,236.0,15.0,320.006065,621.992371,10294.874728,940.0,164.0,14.855072463768115,9.680000000000007,-33.51999999999998,14.560000000000002,9.279999999999973,85.93604651162792,87.1875,96.0,69.0,84.0,88.16190476190475,68.8,98.0,90.0,96.0,grumbling
2026-01-01T12:03:22.552+00:00,421,replay,sample/replay,engine/SID807,decoded CSV,100%,2.207505184155956,0.0,0.71,CLIMBING,↑,1230.0,29.204437,4,coasting,54.0,,21.0,18.0,21.0,18.0,21.0,18.0,54.0,3.0,54.0,cold,1003.0,17.0,14.0,3.0,413.0,417.0,-4.0,986.0,15.0,0.0,5.036666666666667,12.999166666666666,0.0,0.0,steady,0.0,23.0,406.0,363.0,-43.0,0.0,0.0,0.0,0.0,0.0,0.0,85.0,83.0,-2.0,14.600000000000001,3.6,237.0,15.0,320.006065,621.992371,10294.874728,940.0,164.0,14.855072463768115,9.680000000000007,-33.51999999999998,14.560000000000002,9.279999999999973,85.74418604651164,86.5,96.0,69.0,84.0,88.16190476190475,68.8,98.0,90.0,96.0,grumbling
2026-01-01T12:03:23.006+00:00,422,replay,sample/replay,engine/SID807,decoded CSV,100%,2.202643190313694,0.0,0.71,CLIMBING,↑,1221.0,28.583066,4,coasting,55.0,,21.0,18.0,20.0,18.0,20.0,18.0,55.0,2.0,55.0,warming,1006.0,19.0,13.0,6.0,414.0,415.0,-1.0,987.0,15.0,0.0,5.013333333333334,13.159166666666664,-0.6118451413524316,-0.06239084104688468,easing,0.0,23.0,405.0,367.0,-38.0,0.0,0.0,0.0,0.0,0.0,0.0,85.0,84.0,-1.0,14.700000000000001,3.6,237.0,15.0,320.006065,621.992371,10294.874728,940.0,164.0,14.855072463768115,9.680000000000007,-33.51999999999998,14.560000000000002,9.279999999999973,85.79651162790698,85.9375,96.0,70.0,84.0,88.47619047619048,70.0,98.0,90.0,96.0,fine
2026-01-01T12:03:23.473+00:00,423,replay,sample/replay,engine/SID807,decoded CSV,100%,2.1413275881433984,0.0,0.71,CLIMBING,↑,1210.0,28.583066,4,coasting,55.0,,21.0,18.0,20.0,18.0,20.0,18.0,55.0,2.0,55.0,warming,1009.0,24.0,15.0,9.0,407.0,412.0,-5.0,985.0,14.0,0.0,5.013333333333333,13.721666666666668,0.0,0.0,steady,0.0,23.0,405.0,382.0,-23.0,0.0,0.0,0.0,0.0,0.0,0.0,85.0,84.0,-1.0,14.700000000000001,3.6,238.0,14.0,320.006065,621.992371,10294.874728,940.0,164.0,14.855072463768115,9.680000000000007,-33.51999999999998,14.560000000000002,9.279999999999973,85.6046511627907,85.25,96.0,70.0,84.0,88.47619047619048,70.0,98.0,90.0,96.0,fine
2026-01-01T12:03:23.928+00:00,424,replay,sample/replay,engine/SID807,decoded CSV,100%,2.197802566327536,0.0,0.71,CLIMBING,↑,1194.0,28.583066,4,coasting,55.0,,21.0,18.0,20.0,18.0,20.0,18.0,55.0,2.0,55.0,warming,1009.0,23.0,14.0,9.0,406.0,411.0,-5.0,986.0,14.0,0.0,4.996666666666666,13.27,0.0,0.0,steady,0.0,23.0,404.0,372.0,-32.0,0.0,0.0,0.0,0.0,0.0,0.0,85.0,84.0,-1.0,14.700000000000001,3.6,238.0,14.0,320.006065,621.992371,10294.874728,940.0,164.0,14.855072463768115,9.680000000000007,-33.51999999999998,14.560000000000002,9.279999999999973,85.32558139534885,84.25,96.0,70.0,84.0,88.47619047619048,70.0,98.0,90.0,96.0,fine
2026-01-01T12:03:24.425+00:00,425,replay,sample/replay,engine/SID807,decoded CSV,100%,2.012072519547206,0.0,0.71,CLIMBING,↑,1161.0,27.340324,N,braking,55.0,,21.0,18.0,20.0,18.0,20.0,18.0,55.0,2.0,55.0,warming,1008.0,22.0,14.0,8.0,407.0,408.0,-1.0,986.0,14.0,0.0,4.976666666666667,13.0,-1.1178177205890323,-0.1139856852838668,braking/down,0.0,23.0,402.0,368.0,-34.0,0.0,0.0,0.0,0.0,0.0,0.0,85.0,84.0,-1.0,14.700000000000001,3.6,239.0,14.0,320.006065,621.992371,10294.874728,940.0,164.0,14.855072463768115,9.680000000000007,-33.51999999999998,14.560000000000002,9.279999999999973,75.62790697674419,72.0,78.0,70.0,84.0,86.33333333333333,70.0,92.0,90.0,96.0,fine
2026-01-01T12:03:24.924+00:00,426,replay,sample/replay,engine/SID807,decoded CSV,100%,2.004007724951958,0.0,0.71,CLIMBING,↑,846.0,26.097582,N,braking,55.0,,21.0,18.0,20.0,18.0,20.0,18.0,55.0,2.0,55.0,warming,1013.0,27.0,14.0,13.0,394.0,366.0,28.0,986.0,11.0,0.0,4.546666666666667,12.696666666666665,-1.1133372805333688,-0.11352880754726322,braking/down,0.0,22.0,234.0,388.0,154.0,0.0,0.0,0.0,0.0,0.0,0.0,83.0,84.0,1.0,14.700000000000001,3.6,239.0,11.0,320.006065,621.992371,10294.874728,940.0,164.0,14.855072463768115,9.680000000000007,-33.51999999999998,14.560000000000002,9.279999999999973,74.92248062015503,72.0,78.0,70.0,79.66666666666667,85.2985347985348,70.0,92.0,85.65384615384616,96.0,fine
2026-01-01T12:03:25.405+00:00,427,replay,sample/replay,engine/SID807,decoded CSV,100%,2.0790023098351393,0.0,0.71,CLIMBING,↑,796.0,24.85484,N,braking,55.0,,21.0,18.0,20.0,18.0,20.0,18.0,55.0,2.0,55.0,warming,1004.0,18.0,14.0,4.0,297.0,295.0,2.0,986.0,7.0,0.0,5.800256410256409,8.673589743589742,-1.1550009259120668,-0.11777731701570535,braking/down,4.1000000000000005,23.0,226.0,264.0,38.0,12.0,12.0,0.0,0.0,0.0,0.0,77.0,83.0,6.0,14.600000000000001,3.6,240.0,7.0,320.006065,621.992371,10294.874728,940.0,164.0,14.855072463768115,5.550000000000011,-19.25,8.360000000000014,5.319999999999993,75.62790697674419,72.0,78.0,70.0,84.0,86.33333333333333,70.0,92.0,90.0,96.0,fine
2026-01-01T12:03:25.924+00:00,428,replay,sample/replay,engine/SID807,decoded CSV,100%,1.9267820753347507,0.0,0.71,CLIMBING,↑,789.0,22.990727,N,braking,55.0,,21.0,18.0,20.0,18.0,20.0,18.0,55.0,2.0,55.0,warming,996.0,10.0,14.0,-4.0,291.0,296.0,-5.0,986.0,6.0,0.0,5.845384615384615,7.826217948717949,-1.6056512326955157,-0.16373085943676136,braking/down,4.2,23.0,226.0,245.0,19.0,15.0,15.0,0.0,0.0,0.0,0.0,77.0,81.0,4.0,14.600000000000001,3.6,240.0,6.0,320.006065,621.992371,10294.874728,940.0,164.0,14.855072463768115,5.4599999999999795,-18.910000000000025,8.20999999999998,5.230000000000018,75.62790697674419,72.0,78.0,70.0,84.0,86.33333333333333,70.0,92.0,90.0,96.0,fine
2026-01-01T12:03:26.353+00:00,429,replay,sample/replay,engine/SID807,decoded CSV,100%,2.331002869915681,0.0,0.71,CLIMBING,↑,778.0,21.747985,N,braking,55.0,,21.0,18.0,20.0,18.0,20.0,18.0,55.0,2.0,55.0,warming,990.0,5.0,15.0,-10.0,295.0,295.0,0.0,985.0,6.0,0.0,5.964102564102564,7.397435897435898,-1.295001193755187,-0.13205337130979358,braking/down,4.5,23.0,227.0,232.0,5.0,16.0,16.0,0.0,0.0,0.0,0.0,77.0,79.0,2.0,14.5,3.6,240.0,6.0,320.006065,621.992371,10294.874728,940.0,164.0,14.855072463768115,5.4599999999999795,-18.910000000000025,8.20999999999998,5.230000000000018,75.62790697674419,72.0,78.0,70.0,84.0,86.33333333333333,70.0,92.0,90.0,96.0,fine
2026-01-01T12:03:26.843+00:00,430,replay,sample/replay,engine/SID807,decoded CSV,100%,2.040816286810733,0.0,0.71,CLIMBING,↑,1037.0,19.883872,5,braking,56.0,,21.0,18.0,20.0,18.0,20.0,18.0,56.0,2.0,56.0,warming,986.0,0.0,14.0,-14.0,299.0,285.0,14.0,986.0,6.0,0.0,4.156666666666666,6.55,-1.7006797128592943,-0.17342106762852702,braking/down,0.0,23.0,376.0,236.0,-140.0,0.0,13.0,13.0,0.0,0.0,0.0,85.0,82.0,-3.0,14.600000000000001,3.6,241.0,6.0,320.006065,621.992371,10294.874728,940.0,164.0,14.855072463768115,9.680000000000007,-33.51999999999998,14.560000000000002,9.279999999999973,82.26007751937985,74.4375,96.0,70.9,80.83333333333333,85.79065934065933,70.9,92.0,86.73076923076923,96.0,fine
2026-01-01T12:03:27.289+00:00,431,replay,sample/replay,engine/SID807,decoded CSV,100%,2.242151967754696,0.0,0.71,CLIMBING,↑,1805.0,18.019759,5,braking,56.0,,21.0,18.0,20.0,18.0,20.0,18.0,56.0,2.0,56.0,warming,962.0,-24.0,14.0,-38.0,292.0,309.0,-17.0,986.0,15.0,0.0,4.316666666666666,13.338333333333333,-1.8684593950722403,-0.19052983384460956,braking/down,0.0,23.0,430.0,350.0,-80.0,0.0,0.0,0.0,0.0,0.0,0.0,100.0,92.0,-8.0,14.5,3.6,241.0,15.0,320.006065,621.992371,10294.874728,940.0,164.0,14.855072463768115,9.680000000000007,-33.51999999999998,14.560000000000002,9.279999999999973,88.23488372093024,94.0,96.0,70.9,84.0,86.56904761904762,70.9,92.0,90.0,96.0,fine
2026-01-01T12:03:27.732+00:00,432,replay,sample/replay,engine/SID807,decoded CSV,100%,2.2573371595133893,0.0,0.71,CLIMBING,↑,1529.0,16.155646,N,braking,56.0,,21.0,18.0,20.0,18.0,20.0,18.0,56.0,2.0,56.0,warming,1015.0,30.0,15.0,15.0,552.0,528.0,24.0,985.0,19.0,0.0,5.786666666666667,16.076666666666664,-1.881113717622873,-0.1918202156315228,braking/down,0.0,23.0,431.0,388.0,-43.0,0.0,0.0,0.0,0.0,0.0,0.0,100.0,99.0,-1.0,14.5,3.6,241.0,19.0,320.006065,621.992371,10294.874728,940.0,164.0,14.855072463768115,0.0,0.0,0.0,0.0,75.81627906976745,72.0,78.0,70.9,84.0,86.56904761904762,70.9,92.0,90.0,96.0,fine
2026-01-01T12:03:28.188+00:00,433,replay,sample/replay,engine/SID807,decoded CSV,100%,2.1929820250203518,0.0,0.71,CLIMBING,↑,1312.0,13.670162,2,braking,56.0,,21.0,18.0,21.0,18.0,21.0,18.0,56.0,3.0,56.0,warming,1052.0,66.0,14.0,52.0,494.0,477.0,17.0,986.0,18.0,0.0,5.4366666666666665,16.166666666666668,-2.4366459406270513,-0.24846873709442588,braking/down,0.0,23.0,418.0,404.0,-14.0,0.0,0.0,0.0,0.0,0.0,0.0,98.0,100.0,2.0,14.5,3.6,242.0,18.0,320.006065,621.992371,10294.874728,940.0,164.0,14.855072463768115,9.680000000000007,-33.51999999999998,14.560000000000002,9.279999999999973,87.57209302325582,91.625,96.0,70.9,84.0,86.56904761904762,70.9,92.0,90.0,96.0,fine
2026-01-01T12:03:28.632+00:00,434,replay,sample/replay,engine/SID807,decoded CSV,100%,2.2522522232263724,0.0,0.71,CLIMBING,↑,1254.0,13.048791,2,coasting,56.0,,21.0,18.0,21.0,18.0,21.0,18.0,56.0,3.0,56.0,warming,1055.0,70.0,15.0,55.0,458.0,441.0,17.0,985.0,16.0,0.0,5.206666666666666,15.125,-0.6256254240093301,-0.06379603881135047,easing,0.0,23.0,409.0,386.0,-23.0,0.0,0.0,0.0,0.0,0.0,0.0,88.0,94.0,6.0,14.600000000000001,3.6,243.0,16.0,320.006065,621.992371,10294.874728,940.0,164.0,14.855072463768115,9.680000000000007,-33.51999999999998,14.560000000000002,9.279999999999973,86.56046511627908,88.0,96.0,70.9,84.0,88.71190476190476,70.9,98.0,90.0,96.0,fine
2026-01-01T12:03:29.119+00:00,435,replay,sample/replay,engine/SID807,decoded CSV,100%,2.053388138601976,0.0,0.71,CLIMBING,↑,1238.0,12.42742,2,decelerating,56.0,,21.0,18.0,20.0,18.0,20.0,18.0,56.0,2.0,56.0,warming,1049.0,64.0,30.0,34.0,424.0,400.0,24.0,985.0,14.0,26.0,15.106410256410257,13.493076923076924,-0.5703854175924908,-0.0581631257965249,easing,2.4000000000000004,23.0,239.0,328.0,89.0,20.0,8.0,-12.0,0.0,0.0,0.0,77.0,80.0,3.0,14.600000000000001,3.6,243.0,14.0,320.006065,621.992371,10294.874728,940.0,164.0,14.855072463768115,7.3799999999999955,-25.560000000000002,11.100000000000023,7.069999999999993,85.37115584763356,87.0,91.71842454099398,70.9,87.58333333333333,85.85737833594976,70.9,92.0,87.01098901098902,96.0,fine
2026-01-01T12:03:29.573+00:00,436,replay,sample/replay,engine/SID807,decoded CSV,100%,2.202643190313694,0.0,0.71,CLIMBING,↑,1291.0,12.42742,2,cruise,56.0,,21.0,18.0,20.0,18.0,20.0,18.0,56.0,2.0,56.0,warming,1009.0,24.0,333.0,-309.0,478.0,490.0,-12.0,985.0,13.0,34.0,23.647948717948715,15.999615384615385,0.0,0.0,steady,7.5,24.0,452.0,346.0,-106.0,0.0,0.0,0.0,0.0,0.0,0.0,90.0,84.0,-6.0,14.600000000000001,3.6,244.0,13.0,320.006065,621.992371,10294.874728,940.0,164.0,14.855072463768115,2.2900000000000205,-7.939999999999998,3.4499999999999886,2.1999999999999886,78.32392044325185,80.9375,87.33301638176637,70.9,64.08333333333334,81.07787212787213,70.9,92.0,66.93706293706293,96.0,fine
2026-01-01T12:03:30.033+00:00,437,replay,sample/replay,engine/SID807,decoded CSV,100%,2.173912863199577,0.0,0.715,CLIMBING,↑,1335.0,13.670162,2,lugging,56.0,,21.0,18.0,20.0,18.0,20.0,18.0,56.0,2.0,56.0,warming,1058.0,73.0,611.0,-538.0,847.0,812.0,35.0,985.0,16.0,42.0,37.028461538461535,27.55179487179487,1.2077289948017282,0.12315408368828584,pulling,22.200000000000003,24.0,569.0,412.0,-157.0,0.0,0.0,0.0,0.0,0.0,0.0,100.0,95.0,-5.0,14.600000000000001,3.6,245.0,16.0,320.006065,621.992371,10294.874728,940.0,164.0,14.855072463768115,0.0,0.0,0.0,0.0,67.36135037765851,62.0,76.87942663817664,70.9,51.60666666666667,64.33406593406593,70.9,50.0,59.613076923076925,96.0,lugging
2026-01-01T12:03:30.487+00:00,438,replay,sample/replay,engine/SID807,decoded CSV,100%,2.202643190313694,0.0,0.715,CLIMBING,↑,1393.0,14.291533,2,lugging,56.0,,21.0,18.0,21.0,18.0,21.0,18.0,56.0,3.0,56.0,warming,1127.0,142.0,689.0,-547.0,876.0,874.0,2.0,985.0,18.0,43.0,40.56794871794872,32.20961538461539,0.6118451413524316,0.06239084104688468,gaining,27.0,25.0,600.0,446.0,-154.0,0.0,0.0,0.0,0.0,0.0,0.0,100.0,100.0,0.0,14.5,3.6,245.0,18.0,320.006065,621.992371,10294.874728,940.0,164.0,14.855072463768115,0.0,0.0,0.0,0.0,66.45841656728285,62.0,74.02968304843304,70.9,52.166666666666664,64.46282051282051,70.9,50.0,60.15384615384615,96.0,lugging
2026-01-01T12:03:30.918+00:00,439,replay,sample/replay,engine/SID807,decoded CSV,100%,2.3201856456524563,0.0,0.715,CLIMBING,↑,1479.0,14.912904000000001,2,lugging,56.0,,21.0,18.0,21.0,18.0,21.0,18.0,56.0,3.0,56.0,warming,1215.0,229.0,725.0,-496.0,919.0,915.0,4.0,986.0,22.0,44.0,42.32051282051282,36.539679487179484,0.6444958132896412,0.0657202830007843,gaining,29.0,25.0,620.0,487.0,-133.0,0.0,0.0,0.0,0.0,0.0,0.0,100.0,100.0,0.0,14.5,3.6,246.0,22.0,320.006065,621.992371,10294.874728,940.0,164.0,14.855072463768115,0.0,0.0,0.0,0.0,66.2950332935798,62.0,72.65131766381766,70.9,54.11666666666667,64.89505494505495,70.9,50.0,61.96923076923077,96.0,lugging
2026-01-01T12:03:31.442+00:00,440,replay,sample/replay,engine/SID807,decoded CSV,100%,1.908397203586289,0.0,0.715,CLIMBING,↑,1612.0,16.155646,2,accelerating,56.0,,21.0,18.0,22.0,18.0,22.0,18.0,56.0,4.0,56.0,warming,1374.0,388.0,791.0,-403.0,984.0,1004.0,-20.0,986.0,27.0,44.0,45.26615384615384,44.871153846153845,1.0602203406522197,0.10811238706920506,pulling,33.4,25.0,648.0,570.0,-78.0,0.0,0.0,0.0,0.0,0.0,0.0,100.0,100.0,0.0,14.5,3.5,247.0,27.0,320.006065,621.992371,10294.874728,940.0,164.0,14.855072463768115,0.0,0.0,0.0,0.0,73.2227832438879,85.375,70.45553418803419,70.9,61.306666666666665,80.85476190476192,70.9,92.0,66.0,96.0,fine
2026-01-01T12:03:31.896+00:00,441,replay,sample/replay,engine/SID807,decoded CSV,100%,2.202643190313694,0.0,0.721,CLIMBING,↑,1747.0,17.398388,2,accelerating,57.0,,21.0,18.0,22.0,18.0,22.0,18.0,57.0,4.0,57.0,warming,1559.0,574.0,834.0,-260.0,1081.0,1083.0,-2.0,985.0,35.0,44.0,45.953589743589745,50.861089743589744,1.2236902827048632,0.12478168209376936,pulling,32.7,25.0,645.0,625.0,-20.0,0.0,0.0,0.0,0.0,0.0,0.0,96.0,100.0,4.0,14.5,3.6,249.0,35.0,320.006065,621.992371,10294.874728,940.0,164.0,14.855072463768115,0.0,0.0,0.0,0.0,78.06433189226796,93.8125,70.34019586894587,71.8,75.67333333333333,83.52380952380953,71.8,92.0,76.22,96.0,fine
2026-01-01T12:03:32.460+00:00,442,replay,sample/replay,engine/SID807,decoded CSV,100%,1.7730492376525413,0.0,0.721,CLIMBING,↑,1888.0,19.262501,2,accelerating,57.0,,21.0,18.0,22.0,18.0,22.0,18.0,57.0,4.0,57.0,warming,1751.0,766.0,923.0,-157.0,1160.0,1153.0,7.0,985.0,44.0,44.0,47.22948717948717,57.75198717948718,1.4775405742613834,0.15066720789070515,pulling,32.1,26.0,662.0,703.0,41.0,0.0,0.0,0.0,0.0,0.0,0.0,93.0,96.0,3.0,14.5,3.5,250.0,44.0,320.006065,621.992371,10294.874728,940.0,164.0,14.855072463768115,0.0,0.0,0.0,0.0,79.53003548830584,94.0,69.97099062203229,71.8,85.14666666666666,86.00367965367965,71.8,92.0,86.63545454545455,96.0,fine
2026-01-01T12:03:32.948+00:00,443,replay,sample/replay,engine/SID807,decoded CSV,100%,2.049180680274768,0.0,0.721,CLIMBING,↑,1645.0,19.883872,N,clutch,57.0,,21.0,18.0,22.0,18.0,22.0,18.0,57.0,4.0,57.0,warming,1718.0,732.0,14.0,718.0,1037.0,1020.0,17.0,986.0,44.0,16.0,19.195128205128206,41.9726282051282,0.5692166795298459,0.05804394768140455,gaining,11.8,23.0,456.0,549.0,93.0,0.0,3.0,3.0,0.0,0.0,0.0,100.0,80.0,-20.0,14.5,3.6,254.0,44.0,320.006065,621.992371,10294.874728,940.0,164.0,14.855072463768115,0.0,0.0,0.0,0.0,64.50465116279071,48.0,78.0,71.8,54.5,80.81575091575091,71.8,92.0,64.84615384615384,96.0,fine
2026-01-01T12:03:33.463+00:00,444,replay,sample/replay,engine/SID807,decoded CSV,100%,1.9417480762161896,0.0,0.721,CLIMBING,↑,1199.0,19.883872,N,cruise,57.0,,21.0,18.0,20.0,18.0,20.0,18.0,57.0,2.0,57.0,warming,1402.0,417.0,110.0,307.0,692.0,720.0,-28.0,985.0,31.0,33.0,25.55897435897436,30.114807692307693,0.0,0.0,steady,14.8,25.0,310.0,443.0,133.0,17.0,16.0,-1.0,0.0,0.0,0.0,81.0,85.0,4.0,14.200000000000001,3.6,256.0,31.0,320.006065,621.992371,10294.874728,940.0,164.0,14.855072463768115,0.0,0.0,0.0,0.0,65.72558139534884,48.0,78.0,71.8,61.99999999999999,80.86237096237097,71.8,92.0,65.04195804195805,96.0,fine
2026-01-01T12:03:33.925+00:00,445,replay,sample/replay,engine/SID807,decoded CSV,100%,2.1645015479141216,0.0,0.721,CLIMBING,↑,1214.0,20.505243,3,accelerating,57.0,,21.0,18.0,19.0,18.0,19.0,18.0,57.0,1.0,57.0,warming,1242.0,256.0,371.0,-115.0,811.0,771.0,40.0,986.0,18.0,34.0,32.439743589743586,30.46807692307692,0.6012502439636919,0.06131046218267114,gaining,24.5,24.0,472.0,402.0,-70.0,0.0,0.0,0.0,0.0,0.0,0.0,94.0,89.0,-5.0,14.5,3.6,259.0,18.0,320.006065,621.992371,10294.874728,940.0,164.0,14.855072463768115,0.0,0.0,0.0,0.0,77.61876242297754,76.125,79.67711894586894,71.8,83.25,86.17206127206126,71.8,92.0,87.34265734265735,96.0,fine
2026-01-01T12:03:34.404+00:00,446,replay,sample/replay,engine/SID807,decoded CSV,100%,2.087682273208725,0.0,0.721,CLIMBING,↑,1243.0,20.505243,3,cruise,57.0,,21.0,18.0,20.0,18.0,20.0,18.0,57.0,2.0,57.0,warming,1208.0,222.0,378.0,-156.0,802.0,806.0,-4.0,986.0,18.0,34.0,33.89692307692307,31.466923076923074,0.0,0.0,steady,27.5,24.0,477.0,412.0,-65.0,0.0,0.0,0.0,0.0,0.0,0.0,96.0,91.0,-5.0,14.5,3.6,259.0,18.0,320.006065,621.992371,10294.874728,940.0,164.0,14.855072463768115,0.0,0.0,0.0,0.0,77.17724855893461,77.9375,78.36144586894586,71.8,80.25,85.37619047619049,71.8,92.0,84.0,96.0,fine
2026-01-01T12:03:34.872+00:00,447,replay,sample/replay,engine/SID807,decoded CSV,100%,2.1367524328377825,0.0,0.721,CLIMBING,↑,1271.0,21.126614,3,accelerating,57.0,,21.0,18.0,20.0,18.0,20.0,18.0,57.0,2.0,57.0,warming,1201.0,215.0,354.0,-139.0,810.0,816.0,-6.0,986.0,18.0,16.0,26.615897435897438,30.95173076923077,0.5935421588271838,0.060524456244199984,gaining,25.400000000000002,24.0,465.0,419.0,-46.0,0.0,0.0,0.0,0.0,0.0,0.0,96.0,93.0,-3.0,14.5,3.6,261.0,18.0,320.006065,621.992371,10294.874728,940.0,164.0,14.855072463768115,0.0,0.0,0.0,0.0,80.73808636453987,79.6875,85.38029202279202,71.8,84.08333333333333,85.74415584415584,71.8,92.0,85.54545454545455,96.0,fine
2026-01-01T12:03:35.345+00:00,448,replay,sample/replay,engine/SID807,decoded CSV,100%,2.1141646832057566,0.0,0.721,CLIMBING,↑,1272.0,21.126614,3,coasting,57.0,,21.0,18.0,20.0,18.0,20.0,18.0,57.0,2.0,57.0,warming,1139.0,154.0,15.0,139.0,647.0,422.0,225.0,985.0,16.0,0.0,5.253076923076923,18.318076923076926,0.0,0.0,steady,2.4000000000000004,18.0,407.0,374.0,-33.0,0.0,0.0,0.0,0.0,0.0,0.0,85.0,88.0,3.0,14.5,3.6,262.0,16.0,320.006065,621.992371,10294.874728,940.0,164.0,14.855072463768115,7.470000000000027,-25.889999999999986,11.240000000000009,7.170000000000016,84.17325581395349,89.125,96.0,71.8,66.25,84.8694423223835,71.8,98.0,72.8716577540107,96.0,fine
2026-01-01T12:03:35.823+00:00,449,replay,sample/replay,engine/SID807,decoded CSV,100%,2.092050534770961,0.0,0.721,CLIMBING,↑,1235.0,20.505243,3,coasting,57.0,,21.0,18.0,20.0,18.0,20.0,18.0,57.0,2.0,57.0,warming,1076.0,91.0,15.0,76.0,520.0,429.0,91.0,985.0,16.0,0.0,4.976666666666667,15.712499999999999,-0.5811249687613151,-0.05925825524122052,easing,0.0,22.0,407.0,383.0,-24.0,0.0,0.0,0.0,0.0,0.0,0.0,85.0,88.0,3.0,14.5,3.6,264.0,16.0,320.006065,621.992371,10294.874728,940.0,164.0,14.855072463768115,9.680000000000007,-33.51999999999998,14.560000000000002,9.279999999999973,86.2953488372093,86.8125,96.0,71.8,83.25,88.70952380952382,71.8,98.0,89.0,96.0,fine
2026-01-01T12:03:36.287+00:00,450,replay,sample/replay,engine/SID807,decoded CSV,100%,2.15517247580745,0.0,0.721,CLIMBING,↑,1213.0,20.505243,3,coasting,57.0,,21.0,18.0,20.0,18.0,20.0,18.0,57.0,2.0,57.0,warming,1047.0,62.0,15.0,47.0,475.0,425.0,50.0,985.0,15.0,0.0,5.1,14.518333333333334,0.0,0.0,steady,0.0,23.0,405.0,374.0,-31.0,0.0,0.0,0.0,0.0,0.0,0.0,85.0,87.0,2.0,14.600000000000001,3.6,265.0,15.0,320.006065,621.992371,10294.874728,940.0,164.0,14.855072463768115,9.680000000000007,-33.51999999999998,14.560000000000002,9.279999999999973,86.03372093023256,85.4375,96.0,71.8,84.0,88.94761904761906,71.8,98.0,90.0,96.0,fine
2026-01-01T12:03:36.758+00:00,451,replay,sample/replay,engine/SID807,decoded CSV,100%,2.1231424482806274,0.0,0.721,CLIMBING,↑,1190.0,19.883872,3,coasting,57.0,,21.0,18.0,20.0,18.0,20.0,18.0,57.0,2.0,57.0,warming,1031.0,46.0,15.0,31.0,429.0,416.0,13.0,985.0,15.0,0.0,5.04,13.568333333333335,-0.5897616087309191,-0.06013894742148635,easing,0.0,23.0,404.0,366.0,-38.0,0.0,0.0,0.0,0.0,0.0,0.0,85.0,86.0,1.0,14.600000000000001,3.6,265.0,15.0,320.006065,621.992371,10294.874728,940.0,164.0,14.855072463768115,9.680000000000007,-33.51999999999998,14.560000000000002,9.279999999999973,85.6325581395349,84.0,96.0,71.8,84.0,88.94761904761906,71.8,98.0,90.0,96.0,fine
2026-01-01T12:03:37.275+00:00,452,replay,sample/replay,engine/SID807,decoded CSV,100%,1.934236126643163,0.0,0.721,CLIMBING,↑,1168.0,19.262501,3,coasting,57.0,,21.0,18.0,20.0,18.0,20.0,18.0,57.0,2.0,57.0,warming,1025.0,40.0,15.0,25.0,398.0,410.0,-12.0,985.0,15.0,0.0,5.0,13.563333333333333,-0.5372876467324796,-0.05478809244058671,easing,0.0,23.0,402.0,376.0,-26.0,0.0,0.0,0.0,0.0,0.0,0.0,85.0,86.0,1.0,14.700000000000001,3.6,266.0,15.0,320.006065,621.992371,10294.874728,940.0,164.0,14.855072463768115,9.680000000000007,-33.51999999999998,14.560000000000002,9.279999999999973,85.24883720930232,82.625,96.0,71.8,84.0,88.94761904761906,71.8,98.0,90.0,96.0,fine
2026-01-01T12:03:37.756+00:00,453,replay,sample/replay,engine/SID807,decoded CSV,100%,2.0790012793308024,0.0,0.721,CLIMBING,↑,1152.0,19.262501,3,coasting,57.0,,21.0,18.0,20.0,18.0,20.0,18.0,57.0,2.0,57.0,warming,1018.0,33.0,15.0,18.0,387.0,403.0,-16.0,985.0,14.0,0.0,4.953333333333333,13.057500000000001,0.0,0.0,steady,0.0,23.0,401.0,369.0,-32.0,0.0,0.0,0.0,0.0,0.0,0.0,85.0,86.0,1.0,14.700000000000001,3.6,268.0,14.0,320.006065,621.992371,10294.874728,940.0,164.0,14.855072463768115,9.680000000000007,-33.51999999999998,14.560000000000002,9.279999999999973,84.96976744186047,81.625,96.0,71.8,84.0,88.94761904761906,71.8,98.0,90.0,96.0,fine
2026-01-01T12:03:38.214+00:00,454,replay,sample/replay,engine/SID807,decoded CSV,100%,2.183406377229253,0.0,0.721,CLIMBING,↑,1135.0,19.262501,3,coasting,57.0,,21.0,18.0,21.0,18.0,21.0,18.0,57.0,3.0,57.0,warming,1016.0,31.0,15.0,16.0,391.0,399.0,-8.0,985.0,14.0,0.0,4.926666666666667,13.031666666666668,0.0,0.0,steady,0.0,23.0,400.0,370.0,-30.0,0.0,0.0,0.0,0.0,0.0,0.0,85.0,86.0,1.0,14.700000000000001,3.6,268.0,14.0,320.006065,621.992371,10294.874728,940.0,164.0,14.855072463768115,9.680000000000007,-33.51999999999998,14.560000000000002,9.279999999999973,84.6732558139535,80.5625,96.0,71.8,84.0,88.94761904761906,71.8,98.0,90.0,96.0,fine
2026-01-01T12:03:38.657+00:00,455,replay,sample/replay,engine/SID807,decoded CSV,100%,2.2573371595133893,0.0,0.721,CLIMBING,↑,1118.0,18.64113,3,coasting,57.0,,21.0,18.0,21.0,18.0,21.0,18.0,57.0,3.0,57.0,warming,1012.0,27.0,15.0,12.0,391.0,395.0,-4.0,985.0,14.0,0.0,4.8999999999999995,13.020833333333332,-0.627037905874291,-0.06394007187717426,easing,0.0,23.0,399.0,373.0,-26.0,0.0,0.0,0.0,0.0,0.0,0.0,85.0,86.0,1.0,14.700000000000001,3.6,268.0,14.0,320.006065,621.992371,10294.874728,940.0,164.0,14.855072463768115,9.680000000000007,-33.51999999999998,14.560000000000002,9.279999999999973,84.37674418604651,79.5,96.0,71.8,84.0,88.94761904761906,71.8,98.0,90.0,96.0,fine
2026-01-01T12:03:39.136+00:00,456,replay,sample/replay,engine/SID807,decoded CSV,100%,2.087682273208725,0.0,0.721,CLIMBING,↑,1103.0,18.64113,3,coasting,58.0,,21.0,18.0,21.0,18.0,21.0,18.0,58.0,3.0,58.0,warming,1011.0,25.0,14.0,11.0,389.0,389.0,0.0,986.0,13.0,0.0,4.85,12.474166666666665,0.0,0.0,steady,0.0,23.0,397.0,361.0,-36.0,0.0,0.0,0.0,0.0,0.0,0.0,85.0,85.0,0.0,14.700000000000001,3.6,270.0,13.0,320.006065,621.992371,10294.874728,940.0,164.0,14.855072463768115,9.680000000000007,-33.51999999999998,14.560000000000002,9.279999999999973,84.30348837209303,78.5625,96.0,72.7,84.0,89.18333333333334,72.7,98.0,90.0,96.0,fine
2026-01-01T12:03:39.602+00:00,457,replay,sample/replay,engine/SID807,decoded CSV,100%,2.145922377882127,0.0,0.721,CLIMBING,↑,1081.0,18.019759,3,coasting,58.0,,21.0,18.0,21.0,18.0,21.0,18.0,58.0,3.0,58.0,warming,1010.0,25.0,15.0,10.0,376.0,374.0,2.0,985.0,12.0,0.0,4.990769230769231,11.607435897435897,-0.5960893649959015,-0.06078419898700387,easing,0.6000000000000001,23.0,379.0,336.0,-43.0,0.0,1.0,1.0,0.0,0.0,0.0,85.0,85.0,0.0,14.700000000000001,3.6,271.0,12.0,320.006065,621.992371,10294.874728,940.0,164.0,14.855072463768115,9.389999999999986,-32.51999999999998,14.120000000000005,9.0,83.91976744186047,77.1875,96.0,72.7,84.0,89.18333333333334,72.7,98.0,90.0,96.0,fine
2026-01-01T12:03:40.042+00:00,458,replay,sample/replay,engine/SID807,decoded CSV,100%,2.272728208668361,0.0,0.721,CLIMBING,↑,1064.0,18.019759,3,coasting,58.0,,21.0,18.0,21.0,18.0,21.0,18.0,58.0,3.0,58.0,warming,1007.0,21.0,14.0,7.0,376.0,381.0,-5.0,986.0,12.0,0.0,4.796666666666667,12.415833333333333,0.0,0.0,steady,0.0,23.0,395.0,367.0,-28.0,0.0,0.0,0.0,0.0,0.0,0.0,85.0,85.0,0.0,14.700000000000001,3.6,271.0,12.0,320.006065,621.992371,10294.874728,940.0,164.0,14.855072463768115,9.680000000000007,-33.51999999999998,14.560000000000002,9.279999999999973,83.62325581395349,76.125,96.0,72.7,84.0,89.18333333333334,72.7,98.0,90.0,96.0,fine
2026-01-01T12:03:40.547+00:00,459,replay,sample/replay,engine/SID807,decoded CSV,100%,1.9801975710581627,0.0,0.721,CLIMBING,↑,1044.0,17.398388,3,coasting,58.0,,21.0,18.0,21.0,18.0,21.0,18.0,58.0,3.0,58.0,warming,1007.0,21.0,14.0,7.0,379.0,375.0,4.0,986.0,12.0,0.0,4.756666666666667,12.294166666666666,-0.5500547106757108,-0.05608997065009058,easing,0.0,23.0,393.0,365.0,-28.0,0.0,0.0,0.0,0.0,0.0,0.0,85.0,85.0,0.0,14.700000000000001,3.6,272.0,12.0,320.006065,621.992371,10294.874728,940.0,164.0,14.855072463768115,9.680000000000007,-33.51999999999998,14.560000000000002,9.279999999999973,83.27441860465116,74.875,96.0,72.7,84.0,89.18333333333334,72.7,98.0,90.0,96.0,fine
2026-01-01T12:03:40.990+00:00,460,replay,sample/replay,engine/SID807,decoded CSV,100%,2.257335944635233,0.0,0.721,CLIMBING,↑,1051.0,17.398388,3,cruise,58.0,,21.0,18.0,21.0,18.0,21.0,18.0,58.0,3.0,58.0,warming,1006.0,21.0,16.0,5.0,372.0,370.0,2.0,985.0,12.0,18.0,11.043333333333333,11.858333333333333,0.0,0.0,steady,0.0,23.0,223.0,354.0,131.0,0.0,0.0,0.0,0.0,0.0,0.0,77.0,85.0,8.0,14.700000000000001,3.6,273.0,12.0,320.006065,621.992371,10294.874728,940.0,164.0,14.855072463768115,9.680000000000007,-33.51999999999998,14.560000000000002,9.279999999999973,81.9545425997703,75.3125,94.04413323045267,72.7,79.33333333333333,86.06978021978023,72.7,92.0,85.92307692307692,96.0,fine
2026-01-01T12:03:41.597+00:00,461,replay,sample/replay,engine/SID807,decoded CSV,100%,1.6474467996521522,0.0,0.721,CLIMBING,↑,1056.0,17.398388,3,cruise,58.0,,21.0,18.0,21.0,18.0,21.0,18.0,58.0,3.0,58.0,warming,1005.0,20.0,30.0,-10.0,511.0,508.0,3.0,985.0,9.0,19.0,18.145641025641027,15.739807692307693,0.0,0.0,steady,14.8,23.0,266.0,281.0,15.0,12.0,12.0,0.0,0.0,0.0,0.0,77.0,77.0,0.0,14.600000000000001,3.6,274.0,9.0,320.006065,621.992371,10294.874728,940.0,164.0,14.855072463768115,0.0,0.0,0.0,0.0,81.3802736919985,75.625,89.97011791706235,72.7,84.0,87.0404761904762,72.7,92.0,90.0,96.0,fine
2026-01-01T12:03:42.088+00:00,462,replay,sample/replay,engine/SID807,decoded CSV,100%,2.0366601388849097,0.0,0.721,CLIMBING,↑,1051.0,17.398388,3,coasting,58.0,,21.0,18.0,21.0,18.0,21.0,18.0,58.0,3.0,58.0,warming,1002.0,17.0,15.0,2.0,498.0,484.0,14.0,985.0,7.0,0.0,9.685641025641026,13.748974358974358,0.0,0.0,steady,10.9,23.0,393.0,272.0,-121.0,0.0,17.0,17.0,0.0,0.0,0.0,85.0,76.0,-9.0,14.600000000000001,3.6,274.0,7.0,320.006065,621.992371,10294.874728,940.0,164.0,14.855072463768115,0.0,0.0,0.0,0.0,82.76862963515096,75.3125,94.93896050965495,72.7,82.41666666666667,88.75293040293039,72.7,98.0,88.1923076923077,96.0,fine
2026-01-01T12:03:42.555+00:00,463,replay,sample/replay,engine/SID807,decoded CSV,100%,2.1413275881433984,0.0,0.721,CLIMBING,↑,1047.0,17.398388,3,braking,58.0,,21.0,18.0,21.0,18.0,21.0,18.0,58.0,3.0,58.0,warming,991.0,6.0,15.0,-9.0,422.0,412.0,10.0,985.0,11.0,0.0,5.013333333333333,12.265833333333333,0.0,0.0,steady,0.0,23.0,394.0,363.0,-31.0,0.0,0.0,0.0,0.0,0.0,0.0,85.0,81.0,-4.0,14.600000000000001,3.6,274.0,11.0,320.006065,621.992371,10294.874728,940.0,164.0,14.855072463768115,9.680000000000007,-33.51999999999998,14.560000000000002,9.279999999999973,83.32674418604651,75.0625,96.0,72.7,84.0,87.0404761904762,72.7,92.0,90.0,96.0,fine
2026-01-01T12:03:43.055+00:00,464,replay,sample/replay,engine/SID807,decoded CSV,100%,2.0,0.0,0.721,CLIMBING,↑,984.0,16.777017,3,braking,58.0,,21.0,18.0,21.0,18.0,21.0,18.0,58.0,3.0,58.0,warming,996.0,11.0,15.0,-4.0,392.0,368.0,24.0,985.0,12.0,0.0,4.72,12.389166666666668,-0.5555553836799999,-0.056650883194566945,easing,0.0,23.0,390.0,375.0,-15.0,0.0,0.0,0.0,0.0,0.0,0.0,85.0,82.0,-3.0,14.600000000000001,3.6,275.0,12.0,320.006065,621.992371,10294.874728,940.0,164.0,14.855072463768115,9.680000000000007,-33.51999999999998,14.560000000000002,9.279999999999973,82.22790697674418,71.125,96.0,72.7,84.0,87.0404761904762,72.7,92.0,90.0,96.0,fine
2026-01-01T12:03:43.519+00:00,465,replay,sample/replay,engine/SID807,decoded CSV,100%,2.155171368408937,0.0,0.721,CLIMBING,↑,926.0,15.534275000000001,3,braking,58.0,,21.0,18.0,21.0,18.0,21.0,18.0,58.0,3.0,58.0,warming,999.0,14.0,15.0,-1.0,362.0,334.0,28.0,985.0,11.0,0.0,4.493333333333333,11.820833333333333,-1.1973170564725775,-0.1220923614560097,braking/down,0.0,23.0,381.0,369.0,-12.0,0.0,0.0,0.0,0.0,0.0,0.0,85.0,82.0,-3.0,14.600000000000001,3.6,276.0,11.0,320.006065,621.992371,10294.874728,940.0,164.0,14.855072463768115,9.680000000000007,-33.51999999999998,14.560000000000002,9.279999999999973,81.21627906976745,67.5,96.0,72.7,84.0,87.0404761904762,72.7,92.0,90.0,96.0,fine
2026-01-01T12:03:43.969+00:00,466,replay,sample/replay,engine/SID807,decoded CSV,100%,2.222223164123181,0.0,0.721,CLIMBING,↑,855.0,14.291533,3,braking,58.0,,21.0,18.0,21.0,18.0,21.0,18.0,58.0,3.0,58.0,warming,1000.0,15.0,15.0,0.0,326.0,289.0,37.0,985.0,10.0,0.0,4.3510256410256405,11.293525641025642,-1.234568042567039,-0.12589090490300348,braking/down,0.8,22.0,261.0,359.0,98.0,5.0,2.0,-3.0,0.0,0.0,0.0,83.0,83.0,0.0,14.600000000000001,3.6,277.0,10.0,320.006065,621.992371,10294.874728,940.0,164.0,14.855072463768115,8.910000000000025,-30.850000000000023,13.399999999999977,8.54000000000002,79.9779069767442,63.0625,96.0,72.7,84.0,87.0313186813187,72.7,92.0,89.96153846153847,96.0,fine
2026-01-01T12:03:44.461+00:00,467,replay,sample/replay,engine/SID807,decoded CSV,100%,2.0325198997091487,0.0,0.721,CLIMBING,↑,806.0,13.670162,3,braking,58.0,,21.0,18.0,21.0,18.0,21.0,18.0,58.0,3.0,58.0,warming,996.0,11.0,15.0,-4.0,282.0,289.0,-7.0,985.0,7.0,0.0,5.270256410256411,8.051923076923076,-0.5645886863600755,-0.05757202371452796,easing,2.8000000000000003,23.0,218.0,266.0,48.0,14.0,13.0,-1.0,0.0,0.0,0.0,79.0,82.0,3.0,14.600000000000001,3.6,277.0,7.0,320.006065,621.992371,10294.874728,940.0,164.0,14.855072463768115,7.089999999999975,-24.560000000000002,10.670000000000016,6.800000000000011,79.12325581395349,60.0,96.0,72.7,84.0,87.0404761904762,72.7,92.0,90.0,96.0,fine
2026-01-01T12:03:44.953+00:00,468,replay,sample/replay,engine/SID807,decoded CSV,100%,2.0325208846494736,0.0,0.721,CLIMBING,↑,774.0,13.048791,3,braking,58.0,,21.0,18.0,21.0,18.0,21.0,18.0,58.0,3.0,58.0,warming,991.0,6.0,15.0,-9.0,302.0,298.0,4.0,985.0,6.0,0.0,5.791794871794872,7.905961538461537,-0.5645889599545256,-0.05757205161339761,easing,4.0,23.0,219.0,249.0,30.0,16.0,15.0,-1.0,0.0,0.0,0.0,77.0,80.0,3.0,14.600000000000001,3.6,277.0,6.0,320.006065,621.992371,10294.874728,940.0,164.0,14.855072463768115,5.939999999999998,-20.579999999999984,8.930000000000007,5.689999999999998,78.56511627906977,58.0,96.0,72.7,84.0,87.0404761904762,72.7,92.0,90.0,96.0,fine
2026-01-01T12:03:45.445+00:00,469,replay,sample/replay,engine/SID807,decoded CSV,100%,2.0325198997091487,0.0,0.721,CLIMBING,↑,765.0,12.42742,3,braking,58.0,,21.0,18.0,21.0,18.0,21.0,18.0,58.0,3.0,58.0,warming,988.0,2.0,14.0,-12.0,304.0,303.0,1.0,986.0,6.0,0.0,5.968974358974359,7.4439743589743586,-0.5645886863600755,-0.05757202371452796,easing,4.4,23.0,221.0,234.0,13.0,16.0,16.0,0.0,0.0,0.0,0.0,77.0,77.0,0.0,14.3,3.6,277.0,6.0,320.006065,621.992371,10294.874728,940.0,164.0,14.855072463768115,5.550000000000011,-19.25,8.360000000000014,5.319999999999993,78.40813953488373,57.4375,96.0,72.7,84.0,87.0404761904762,72.7,92.0,90.0,96.0,fine
2026-01-01T12:03:45.887+00:00,470,replay,sample/replay,engine/SID807,decoded CSV,100%,2.2624438880144475,0.0,0.721,CLIMBING,↑,812.0,12.42742,N,braking,59.0,,21.0,18.0,21.0,18.0,21.0,18.0,59.0,3.0,59.0,warming,983.0,-2.0,15.0,-17.0,295.0,315.0,-20.0,985.0,6.0,0.0,7.135897435897436,7.5300641025641015,0.0,0.0,steady,7.2,23.0,225.0,209.0,-16.0,17.0,16.0,-1.0,0.0,0.0,0.0,80.0,77.0,-3.0,14.5,3.6,278.0,6.0,320.006065,621.992371,10294.874728,940.0,164.0,14.855072463768115,2.769999999999982,-9.600000000000023,4.170000000000016,2.660000000000025,76.38139534883722,72.0,78.0,73.6,84.0,87.27619047619046,73.6,92.0,90.0,96.0,fine
2026-01-01T12:03:46.338+00:00,471,replay,sample/replay,engine/SID807,decoded CSV,100%,2.2172950221264083,0.0,0.721,CLIMBING,↑,786.0,12.42742,N,clutch,59.0,,21.0,18.0,21.0,18.0,21.0,18.0,59.0,3.0,59.0,warming,985.0,0.0,15.0,-15.0,310.0,303.0,7.0,985.0,5.0,6.0,7.963589743589743,7.56025641025641,0.0,0.0,steady,4.1000000000000005,23.0,219.0,240.0,21.0,16.0,15.0,-1.0,0.0,0.0,0.0,77.0,79.0,2.0,14.5,3.6,278.0,5.0,320.006065,621.992371,10294.874728,940.0,164.0,14.855072463768115,5.839999999999975,-20.24000000000001,8.79000000000002,5.600000000000023,76.38139534883722,72.0,78.0,73.6,84.0,87.27619047619046,73.6,92.0,90.0,96.0,fine
2026-01-01T12:03:46.770+00:00,472,replay,sample/replay,engine/SID807,decoded CSV,100%,2.3148139563120194,0.0,0.721,CLIMBING,↑,1158.0,12.42742,3,cruise,59.0,,21.0,18.0,21.0,18.0,21.0,18.0,59.0,3.0,59.0,warming,971.0,-14.0,39.0,-53.0,392.0,409.0,-17.0,985.0,10.0,18.0,15.99102564102564,12.10602564102564,0.0,0.0,steady,11.200000000000001,24.0,239.0,242.0,3.0,14.0,15.0,1.0,0.0,0.0,0.0,77.0,77.0,0.0,14.5,3.6,279.0,10.0,320.006065,621.992371,10294.874728,940.0,164.0,14.855072463768115,0.0,0.0,0.0,0.0,83.74338676594007,82.0,91.10437539569483,73.6,84.0,87.27619047619046,73.6,92.0,90.0,96.0,fine
2026-01-01T12:03:47.263+00:00,473,replay,sample/replay,engine/SID807,decoded CSV,100%,2.0283974403615064,0.0,0.721,CLIMBING,↑,1253.0,12.42742,2,lugging,59.0,,21.0,18.0,21.0,18.0,21.0,18.0,59.0,3.0,59.0,warming,983.0,-2.0,64.0,-66.0,482.0,517.0,-35.0,985.0,10.0,39.0,23.926410256410254,12.825576923076923,0.0,0.0,steady,10.200000000000001,24.0,273.0,247.0,-26.0,14.0,15.0,1.0,0.0,0.0,0.0,77.0,76.0,-1.0,14.5,3.6,279.0,10.0,320.006065,621.992371,10294.874728,940.0,164.0,14.855072463768115,0.0,0.0,0.0,0.0,77.67021591134963,62.0,85.49461894586895,73.6,93.0,66.56190476190474,73.6,50.0,66.0,96.0,lugging
2026-01-01T12:03:47.717+00:00,474,replay,sample/replay,engine/SID807,decoded CSV,100%,2.202643190313694,0.0,0.721,CLIMBING,↑,1337.0,13.670162,2,lugging,59.0,,21.0,18.0,21.0,18.0,21.0,18.0,59.0,3.0,59.0,warming,998.0,13.0,685.0,-672.0,830.0,809.0,21.0,985.0,15.0,46.0,40.221538461538465,25.868205128205126,1.2236902827048632,0.12478168209376936,pulling,24.6,25.0,597.0,372.0,-225.0,0.0,0.0,0.0,0.0,0.0,0.0,100.0,91.0,-9.0,14.5,3.6,280.0,15.0,320.006065,621.992371,10294.874728,940.0,164.0,14.855072463768115,0.0,0.0,0.0,0.0,66.09743192208308,62.0,74.14997150997151,73.6,46.22,63.86245421245421,73.6,50.0,54.66230769230769,96.0,lugging
2026-01-01T12:03:48.171+00:00,475,replay,sample/replay,engine/SID807,decoded CSV,100%,2.202643190313694,0.0,0.727,CLIMBING,↑,1443.0,14.291533,2,lugging,59.0,,21.0,18.0,21.0,18.0,21.0,18.0,59.0,3.0,59.0,warming,1071.0,85.0,734.0,-649.0,868.0,877.0,-9.0,986.0,18.0,50.0,43.257179487179485,30.204679487179487,0.6118451413524316,0.06239084104688468,gaining,26.400000000000002,25.0,629.0,421.0,-208.0,0.0,0.0,0.0,0.0,0.0,0.0,100.0,95.0,-5.0,14.5,3.6,280.0,18.0,320.006065,621.992371,10294.874728,940.0,164.0,14.855072463768115,0.0,0.0,0.0,0.0,65.53134143311468,62.0,71.71673433048431,73.6,47.95666666666667,64.24999999999999,73.6,50.0,56.29,96.0,lugging
2026-01-01T12:03:48.655+00:00,476,replay,sample/replay,engine/SID807,decoded CSV,100%,2.066115840895981,0.0,0.727,CLIMBING,↑,1577.0,15.534275000000001,2,accelerating,59.0,,21.0,18.0,22.0,18.0,22.0,18.0,59.0,4.0,59.0,warming,1186.0,200.0,930.0,-730.0,966.0,957.0,9.0,986.0,23.0,51.0,46.869743589743585,36.42807692307693,1.147841778716294,0.11704728716904285,pulling,28.400000000000002,25.0,719.0,486.0,-233.0,0.0,0.0,0.0,0.0,0.0,0.0,100.0,100.0,0.0,14.5,3.6,281.0,23.0,320.006065,621.992371,10294.874728,940.0,164.0,14.855072463768115,0.0,0.0,0.0,0.0,70.53431728836769,83.1875,69.66082067109845,73.6,46.77333333333333,79.00641025641026,73.6,92.0,55.26692307692308,96.0,fine
2026-01-01T12:03:49.072+00:00,477,replay,sample/replay,engine/SID807,decoded CSV,100%,2.3980812166778636,0.0,0.727,CLIMBING,↑,1714.0,17.398388,2,accelerating,59.0,,21.0,18.0,22.0,18.0,22.0,18.0,59.0,4.0,59.0,warming,1358.0,373.0,1133.0,-760.0,1049.0,1049.0,0.0,985.0,29.0,51.0,51.50923076923077,45.28006410256411,1.9984003956409069,0.20378012834565393,pulling,33.2,26.0,786.0,569.0,-217.0,0.0,0.0,0.0,0.0,0.0,0.0,100.0,100.0,0.0,14.5,3.6,283.0,29.0,320.006065,621.992371,10294.874728,940.0,164.0,14.855072463768115,0.0,0.0,0.0,0.0,72.24384297908523,91.75,66.77657209559987,73.6,48.776666666666664,79.45897435897436,73.6,92.0,57.167692307692306,96.0,fine
2026-01-01T12:03:49.614+00:00,478,replay,sample/replay,engine/SID807,decoded CSV,100%,1.8450190734927718,0.0,0.727,CLIMBING,↑,1945.0,19.262501,2,accelerating,59.0,,21.0,18.0,23.0,18.0,23.0,18.0,59.0,5.0,59.0,warming,1665.0,680.0,1276.0,-596.0,1170.0,1173.0,-3.0,985.0,44.0,26.0,46.015897435897436,57.69839743589745,1.537515418906792,0.1567829400362807,pulling,35.800000000000004,26.0,847.0,695.0,-152.0,0.0,0.0,0.0,0.0,0.0,0.0,100.0,100.0,0.0,14.5,3.6,284.0,44.0,320.006065,621.992371,10294.874728,940.0,164.0,14.855072463768115,0.0,0.0,0.0,0.0,76.08959799244683,94.0,73.18862535612536,73.6,54.803333333333335,80.79468864468862,73.6,92.0,62.777692307692305,96.0,fine
2026-01-01T12:03:50.104+00:00,479,replay,sample/replay,engine/SID807,decoded CSV,100%,2.040816286810733,0.0,0.727,CLIMBING,↑,1679.0,19.883872,N,clutch,59.0,,21.0,18.0,23.0,18.0,23.0,18.0,59.0,5.0,59.0,warming,1613.0,627.0,14.0,613.0,972.0,909.0,63.0,986.0,44.0,30.0,18.666666666666668,33.26416666666667,0.5668932376197647,0.05780702254284233,gaining,0.0,22.0,448.0,493.0,45.0,0.0,0.0,0.0,0.0,0.0,0.0,100.0,99.0,-1.0,14.600000000000001,3.6,285.0,44.0,320.006065,621.992371,10294.874728,940.0,164.0,14.855072463768115,0.0,0.0,0.0,0.0,65.18662790697674,48.0,78.0,73.6,56.375,81.33781512605042,73.6,92.0,65.05882352941177,96.0,fine
2026-01-01T12:03:50.574+00:00,480,replay,sample/replay,engine/SID807,decoded CSV,100%,2.127659444951436,0.0,0.727,CLIMBING,↑,1241.0,21.126614,N,accelerating,59.0,,21.0,18.0,21.0,18.0,21.0,18.0,59.0,3.0,59.0,warming,1318.0,333.0,441.0,-108.0,857.0,827.0,30.0,985.0,25.0,42.0,37.732307692307685,27.492307692307687,1.1820326592803707,0.12053378669376094,pulling,27.8,25.0,506.0,244.0,-262.0,0.0,4.0,4.0,0.0,0.0,0.0,94.0,95.0,1.0,14.5,3.6,286.0,25.0,320.006065,621.992371,10294.874728,940.0,164.0,14.855072463768115,0.0,0.0,0.0,0.0,66.04877062214271,48.0,75.09625356125356,73.6,67.89333333333335,75.13692336235191,73.6,69.16352527472527,73.2697902097902,96.0,fine
2026-01-01T12:03:51.033+00:00,481,replay,sample/replay,engine/SID807,decoded CSV,100%,2.1786487123841543,0.0,0.727,CLIMBING,↑,1339.0,21.747985,3,lugging,59.0,,21.0,18.0,20.0,18.0,20.0,18.0,59.0,2.0,59.0,warming,1345.0,359.0,643.0,-284.0,860.0,851.0,9.0,986.0,22.0,41.0,41.293076923076924,39.07807692307692,0.6051800106562583,0.0617111868636342,gaining,32.300000000000004,25.0,583.0,486.0,-97.0,0.0,0.0,0.0,0.0,0.0,0.0,100.0,100.0,0.0,14.5,3.6,287.0,22.0,320.006065,621.992371,10294.874728,940.0,164.0,14.855072463768115,0.0,0.0,0.0,0.0,69.13624304313257,62.0,72.81545227920228,73.6,67.74666666666667,66.56190476190474,73.6,50.0,66.0,96.0,lugging
2026-01-01T12:03:51.652+00:00,482,replay,sample/replay,engine/SID807,decoded CSV,100%,1.6155089948133363,0.0,0.731,CLIMBING,↑,1389.0,22.990727,3,lugging,59.0,,21.0,18.0,21.0,18.0,21.0,18.0,59.0,3.0,59.0,warming,1373.0,388.0,608.0,-220.0,896.0,898.0,-2.0,985.0,26.0,36.0,39.50641025641026,41.205576923076926,0.897504719452014,0.09152001136494257,pulling,32.300000000000004,25.0,576.0,519.0,-57.0,0.0,0.0,0.0,0.0,0.0,0.0,98.0,100.0,2.0,14.5,3.6,288.0,26.0,320.006065,621.992371,10294.874728,940.0,164.0,14.855072463768115,0.0,0.0,0.0,0.0,71.29395622142714,62.0,74.52711894586893,73.6,77.33333333333333,66.56190476190474,73.6,50.0,66.0,96.0,lugging
2026-01-01T12:03:52.114+00:00,483,replay,sample/replay,engine/SID807,decoded CSV,100%,2.1645026649217036,0.0,0.731,CLIMBING,↑,1380.0,23.612098,3,coasting,59.0,,21.0,18.0,21.0,18.0,21.0,18.0,59.0,3.0,59.0,warming,1369.0,384.0,30.0,354.0,887.0,870.0,17.0,985.0,28.0,0.0,16.943589743589744,34.87775641025641,0.6012505542434797,0.06131049382240416,gaining,22.3,24.0,233.0,457.0,224.0,60.0,2.0,-58.0,0.0,0.0,0.0,0.0,83.0,83.0,14.5,3.6,289.0,28.0,320.006065,621.992371,10294.874728,940.0,164.0,14.855072463768115,0.0,0.0,0.0,0.0,80.76495616069259,94.0,91.43842988287433,73.6,44.416666666666664,77.37276057276057,73.6,92.0,48.405594405594414,96.0,fine
2026-01-01T12:03:52.581+00:00,484,replay,sample/replay,engine/SID807,decoded CSV,100%,2.1413275881433984,0.0,0.731,CLIMBING,↑,1406.0,23.612098,3,coasting,59.0,,21.0,18.0,20.0,18.0,20.0,18.0,59.0,2.0,59.0,warming,1096.0,111.0,15.0,96.0,584.0,470.0,114.0,985.0,24.0,0.0,5.788461538461538,16.53096153846154,0.0,0.0,steady,1.4000000000000001,22.0,417.0,355.0,-62.0,0.0,0.0,0.0,0.0,0.0,0.0,0.0,0.0,0.0,14.5,3.6,289.0,24.0,320.006065,621.992371,10294.874728,940.0,164.0,14.855072463768115,8.430000000000007,-29.189999999999998,12.680000000000007,8.079999999999984,88.20988372093024,94.0,96.0,73.6,80.375,88.53669467787115,73.6,98.0,86.29411764705883,96.0,fine
2026-01-01T12:03:53.012+00:00,485,replay,sample/replay,engine/SID807,decoded CSV,100%,2.3201856456524563,0.0,0.731,CLIMBING,↑,1399.0,23.612098,3,cruise,59.0,,21.0,18.0,20.0,18.0,20.0,18.0,59.0,2.0,59.0,warming,1025.0,39.0,23.0,16.0,458.0,461.0,-3.0,986.0,20.0,13.0,11.38923076923077,16.09839743589744,0.0,0.0,steady,3.3000000000000003,24.0,225.0,379.0,154.0,3.0,0.0,-3.0,0.0,0.0,0.0,85.0,77.0,-8.0,14.5,3.6,290.0,20.0,320.006065,621.992371,10294.874728,940.0,164.0,14.855072463768115,6.610000000000014,-22.899999999999977,9.949999999999989,6.339999999999975,87.0422780151947,94.0,94.03341919911364,73.6,77.41666666666667,85.88424908424908,73.6,92.0,84.15384615384616,96.0,fine
2026-01-01T12:03:53.448+00:00,486,replay,sample/replay,engine/SID807,decoded CSV,100%,2.2935774097358967,0.0,0.731,CLIMBING,↑,1441.0,23.612098,3,cruise,59.0,,21.0,18.0,20.0,18.0,20.0,18.0,59.0,2.0,59.0,warming,1027.0,41.0,65.0,-24.0,477.0,491.0,-14.0,986.0,14.0,25.0,16.863076923076925,13.339743589743591,0.0,0.0,steady,5.0,24.0,272.0,280.0,8.0,12.0,13.0,1.0,0.0,0.0,0.0,78.0,81.0,3.0,14.5,3.6,290.0,14.0,320.006065,621.992371,10294.874728,940.0,164.0,14.855072463768115,0.8000000000000114,-2.7799999999999727,1.2099999999999795,0.7599999999999909,88.51564066675502,94.0,90.98483657803102,73.6,93.0,87.27619047619046,73.6,92.0,90.0,96.0,fine
2026-01-01T12:03:53.894+00:00,487,replay,sample/replay,engine/SID807,decoded CSV,100%,2.242151967754696,0.0,0.731,CLIMBING,↑,1451.0,24.233469,3,accelerating,59.0,,21.0,18.0,21.0,18.0,21.0,18.0,59.0,3.0,59.0,warming,1031.0,47.0,75.0,-28.0,680.0,671.0,9.0,984.0,13.0,25.0,21.393846153846155,19.032179487179484,0.6228197983574135,0.06350994461486986,gaining,13.4,24.0,281.0,306.0,25.0,13.0,13.0,0.0,0.0,0.0,0.0,79.0,80.0,1.0,14.5,3.6,291.0,13.0,320.006065,621.992371,10294.874728,940.0,164.0,14.855072463768115,0.0,0.0,0.0,0.0,86.83963813246758,90.9375,88.63029597974042,73.6,93.0,87.27619047619046,73.6,92.0,90.0,96.0,fine
2026-01-01T12:03:54.345+00:00,488,replay,sample/replay,engine/SID807,decoded CSV,100%,2.2172950221264083,0.0,0.731,CLIMBING,↑,1486.0,24.85484,3,accelerating,59.0,,21.0,18.0,21.0,18.0,21.0,18.0,59.0,3.0,59.0,warming,1034.0,49.0,71.0,-22.0,679.0,674.0,5.0,985.0,14.0,25.0,21.373846153846156,18.01301282051282,0.6159150933745954,0.06280586065318895,gaining,13.4,24.0,278.0,275.0,-3.0,16.0,16.0,0.0,0.0,0.0,0.0,79.0,79.0,0.0,14.5,3.6,291.0,14.0,320.006065,621.992371,10294.874728,940.0,164.0,14.855072463768115,0.0,0.0,0.0,0.0,87.45170208595596,93.125,88.63487931307375,73.6,93.0,87.27619047619046,73.6,92.0,90.0,96.0,fine
2026-01-01T12:03:54.795+00:00,489,replay,sample/replay,engine/SID807,decoded CSV,100%,2.222223164123181,0.0,0.731,CLIMBING,↑,1485.0,24.85484,3,coasting,59.0,,21.0,18.0,21.0,18.0,21.0,18.0,59.0,3.0,59.0,warming,1037.0,51.0,64.0,-13.0,686.0,675.0,11.0,986.0,12.0,0.0,12.214358974358976,17.66852564102564,0.0,0.0,steady,12.5,24.0,271.0,273.0,2.0,18.0,18.0,0.0,0.0,0.0,0.0,78.0,79.0,1.0,14.5,3.6,291.0,12.0,320.006065,621.992371,10294.874728,940.0,164.0,14.855072463768115,0.0,0.0,0.0,0.0,88.12249690805893,94.0,94.05782446976892,73.6,84.0,87.27619047619046,73.6,92.0,90.0,96.0,fine
2026-01-01T12:03:55.278+00:00,490,replay,sample/replay,engine/SID807,decoded CSV,100%,2.070393203047216,0.0,0.731,CLIMBING,↑,1497.0,24.85484,3,coasting,59.0,,21.0,18.0,21.0,18.0,21.0,18.0,59.0,3.0,59.0,warming,1013.0,28.0,15.0,13.0,501.0,498.0,3.0,985.0,15.0,0.0,6.89051282051282,16.00051282051282,0.0,0.0,steady,3.0,24.0,425.0,368.0,-57.0,0.0,1.0,1.0,0.0,0.0,0.0,100.0,95.0,-5.0,14.5,3.6,291.0,15.0,320.006065,621.992371,10294.874728,940.0,164.0,14.855072463768115,0.0,0.0,0.0,0.0,88.80000000000001,94.0,96.0,73.6,84.0,89.4190476190476,73.6,98.0,90.0,96.0,fine
2026-01-01T12:03:55.761+00:00,491,replay,sample/replay,engine/SID807,decoded CSV,100%,2.070393203047216,0.0,0.731,CLIMBING,↑,1485.0,24.85484,3,coasting,59.0,,21.0,18.0,21.0,18.0,21.0,18.0,59.0,3.0,59.0,warming,1049.0,64.0,15.0,49.0,501.0,505.0,-4.0,985.0,21.0,0.0,5.633333333333333,17.131666666666668,0.0,0.0,steady,0.0,23.0,425.0,414.0,-11.0,0.0,0.0,0.0,0.0,0.0,0.0,100.0,100.0,0.0,14.5,3.6,292.0,21.0,320.006065,621.992371,10294.874728,940.0,164.0,14.855072463768115,9.480000000000018,-32.85000000000002,14.269999999999982,9.089999999999975,88.80000000000001,94.0,96.0,73.6,84.0,89.4190476190476,73.6,98.0,90.0,96.0,fine
2026-01-01T12:03:56.296+00:00,492,replay,sample/replay,engine/SID807,decoded CSV,100%,1.8691585786333313,0.0,0.731,CLIMBING,↑,1465.0,24.233469,3,coasting,59.0,,21.0,18.0,21.0,18.0,21.0,18.0,59.0,3.0,59.0,warming,1072.0,86.0,14.0,72.0,498.0,506.0,-8.0,986.0,21.0,0.0,5.63,17.636666666666667,-0.5192105556557018,-0.052944742155139814,easing,0.0,23.0,423.0,420.0,-3.0,0.0,0.0,0.0,0.0,0.0,0.0,99.0,100.0,1.0,14.600000000000001,3.6,292.0,21.0,320.006065,621.992371,10294.874728,940.0,164.0,14.855072463768115,9.680000000000007,-33.51999999999998,14.560000000000002,9.279999999999973,88.80000000000001,94.0,96.0,73.6,84.0,89.4190476190476,73.6,98.0,90.0,96.0,fine
2026-01-01T12:03:56.767+00:00,493,replay,sample/replay,engine/SID807,decoded CSV,100%,2.1231424482806274,0.0,0.731,CLIMBING,↑,1449.0,24.233469,3,coasting,60.0,,21.0,18.0,21.0,18.0,21.0,18.0,60.0,3.0,60.0,warming,1083.0,99.0,16.0,83.0,493.0,500.0,-7.0,984.0,21.0,0.0,5.609999999999999,17.466666666666665,0.0,0.0,steady,0.0,23.0,422.0,412.0,-10.0,0.0,0.0,0.0,0.0,0.0,0.0,99.0,100.0,1.0,14.600000000000001,3.6,292.0,21.0,320.006065,621.992371,10294.874728,940.0,164.0,14.855072463768115,9.680000000000007,-33.51999999999998,14.560000000000002,9.279999999999973,88.98837209302327,94.0,96.0,74.5,84.0,89.65476190476188,74.5,98.0,90.0,96.0,fine
2026-01-01T12:03:57.204+00:00,494,replay,sample/replay,engine/SID807,decoded CSV,100%,2.2883293296837652,0.0,0.731,CLIMBING,↑,1440.0,24.233469,3,coasting,60.0,,21.0,18.0,21.0,18.0,21.0,18.0,60.0,3.0,60.0,warming,1083.0,97.0,14.0,83.0,499.0,496.0,3.0,986.0,21.0,0.0,5.5633333333333335,17.780833333333334,0.0,0.0,steady,0.0,23.0,421.0,421.0,0.0,0.0,0.0,0.0,0.0,0.0,0.0,99.0,100.0,1.0,14.700000000000001,3.6,292.0,21.0,320.006065,621.992371,10294.874728,940.0,164.0,14.855072463768115,9.680000000000007,-33.51999999999998,14.560000000000002,9.279999999999973,88.98837209302327,94.0,96.0,74.5,84.0,89.65476190476188,74.5,98.0,90.0,96.0,fine
2026-01-01T12:03:57.662+00:00,495,replay,sample/replay,engine/SID807,decoded CSV,100%,2.183406377229253,0.0,0.731,CLIMBING,↑,1421.0,23.612098,3,coasting,60.0,,21.0,18.0,21.0,18.0,21.0,18.0,60.0,3.0,60.0,warming,1083.0,97.0,14.0,83.0,488.0,491.0,-3.0,986.0,21.0,0.0,5.529999999999999,17.231666666666666,-0.6065015838154781,-0.0618459498213435,easing,0.0,23.0,419.0,410.0,-9.0,0.0,0.0,0.0,0.0,0.0,0.0,98.0,99.0,1.0,14.700000000000001,3.6,292.0,21.0,320.006065,621.992371,10294.874728,940.0,164.0,14.855072463768115,9.680000000000007,-33.51999999999998,14.560000000000002,9.279999999999973,88.98837209302327,94.0,96.0,74.5,84.0,89.65476190476188,74.5,98.0,90.0,96.0,fine
2026-01-01T12:03:58.146+00:00,496,replay,sample/replay,engine/SID807,decoded CSV,100%,2.066115840895981,0.0,0.731,CLIMBING,↑,1422.0,23.612098,3,coasting,60.0,,21.0,18.0,21.0,18.0,21.0,18.0,60.0,3.0,60.0,warming,1080.0,94.0,14.0,80.0,496.0,491.0,5.0,986.0,21.0,0.0,5.529999999999999,17.125833333333333,0.0,0.0,steady,0.0,23.0,419.0,407.0,-12.0,0.0,0.0,0.0,0.0,0.0,0.0,98.0,99.0,1.0,14.700000000000001,3.6,292.0,21.0,320.006065,621.992371,10294.874728,940.0,164.0,14.855072463768115,9.680000000000007,-33.51999999999998,14.560000000000002,9.279999999999973,88.98837209302327,94.0,96.0,74.5,84.0,89.65476190476188,74.5,98.0,90.0,96.0,fine
2026-01-01T12:03:58.620+00:00,497,replay,sample/replay,engine/SID807,decoded CSV,100%,2.109704743222172,0.0,0.731,CLIMBING,↑,1394.0,22.990727,3,coasting,60.0,,21.0,18.0,21.0,18.0,21.0,18.0,60.0,3.0,60.0,warming,1076.0,91.0,15.0,76.0,499.0,490.0,9.0,985.0,20.0,0.0,5.533333333333333,16.9275,-0.5860289140361546,-0.05975831849165155,easing,0.0,23.0,417.0,405.0,-12.0,0.0,0.0,0.0,0.0,0.0,0.0,98.0,99.0,1.0,14.700000000000001,3.6,292.0,20.0,320.006065,621.992371,10294.874728,940.0,164.0,14.855072463768115,9.680000000000007,-33.51999999999998,14.560000000000002,9.279999999999973,88.98837209302327,94.0,96.0,74.5,84.0,89.65476190476188,74.5,98.0,90.0,96.0,fine
2026-01-01T12:03:59.068+00:00,498,replay,sample/replay,engine/SID807,decoded CSV,100%,2.232143085221878,0.0,0.731,CLIMBING,↑,1385.0,22.990727,3,coasting,60.0,,21.0,18.0,21.0,18.0,21.0,18.0,60.0,3.0,60.0,warming,1074.0,89.0,15.0,74.0,492.0,485.0,7.0,985.0,20.0,0.0,5.5,16.3675,0.0,0.0,steady,0.0,23.0,416.0,393.0,-23.0,0.0,0.0,0.0,0.0,0.0,0.0,98.0,98.0,0.0,14.700000000000001,3.6,292.0,20.0,320.006065,621.992371,10294.874728,940.0,164.0,14.855072463768115,9.680000000000007,-33.51999999999998,14.560000000000002,9.279999999999973,88.98837209302327,94.0,96.0,74.5,84.0,89.65476190476188,74.5,98.0,90.0,96.0,fine
2026-01-01T12:03:59.535+00:00,499,replay,sample/replay,engine/SID807,decoded CSV,100%,2.1413275881433984,0.0,0.731,CLIMBING,↑,1397.0,22.990727,3,cruise,60.0,,21.0,18.0,21.0,18.0,21.0,18.0,60.0,3.0,60.0,warming,1070.0,84.0,14.0,70.0,490.0,480.0,10.0,986.0,20.0,13.0,10.006666666666668,16.648333333333333,0.0,0.0,steady,0.0,23.0,415.0,402.0,-13.0,0.0,0.0,0.0,0.0,0.0,0.0,98.0,99.0,1.0,14.700000000000001,3.6,292.0,20.0,320.006065,621.992371,10294.874728,940.0,164.0,14.855072463768115,9.680000000000007,-33.51999999999998,14.560000000000002,9.279999999999973,88.61102677289693,94.0,94.9182767489712,74.5,84.0,87.51190476190474,74.5,92.0,90.0,96.0,fine
2026-01-01T12:04:00.015+00:00,500,replay,sample/replay,engine/SID807,decoded CSV,100%,2.083333250549108,0.0,0.731,CLIMBING,↑,1398.0,22.990727,3,cruise,60.0,,21.0,18.0,21.0,18.0,21.0,18.0,60.0,3.0,60.0,warming,1054.0,69.0,44.0,25.0,477.0,477.0,0.0,985.0,15.0,21.0,14.70205128205128,13.505384615384616,0.0,0.0,steady,4.2,23.0,243.0,284.0,41.0,31.0,22.0,-9.0,0.0,0.0,0.0,77.0,75.0,-2.0,14.700000000000001,3.6,292.0,15.0,320.006065,621.992371,10294.874728,940.0,164.0,14.855072463768115,5.75,-19.910000000000025,8.649999999999977,5.509999999999991,89.11591148766537,94.0,92.16561293130738,74.5,93.0,87.51190476190474,74.5,92.0,90.0,96.0,fine
2026-01-01T12:04:00.513+00:00,501,replay,sample/replay,engine/SID807,decoded CSV,100%,2.0080315440135887,0.0,0.731,CLIMBING,↑,1420.0,23.612098,3,accelerating,60.0,,21.0,18.0,21.0,18.0,21.0,18.0,60.0,3.0,60.0,warming,1026.0,41.0,57.0,-16.0,604.0,606.0,-2.0,985.0,11.0,24.0,19.699743589743587,14.628910256410256,0.557786367438006,0.05687838022545987,gaining,11.5,24.0,261.0,227.0,-34.0,23.0,29.0,6.0,0.0,0.0,0.0,77.0,75.0,-2.0,14.600000000000001,3.6,292.0,11.0,320.006065,621.992371,10294.874728,940.0,164.0,14.855072463768115,0.0,0.0,0.0,0.0,88.16635933600567,94.0,89.44356342988287,74.5,93.0,87.51190476190474,74.5,92.0,90.0,96.0,fine
2026-01-01T12:04:00.966+00:00,502,replay,sample/replay,engine/SID807,decoded CSV,100%,2.2075063459891715,0.0,0.731,CLIMBING,↑,1456.0,24.233469,3,accelerating,60.0,,21.0,18.0,21.0,18.0,21.0,18.0,60.0,3.0,60.0,warming,1019.0,34.0,88.0,-54.0,738.0,716.0,22.0,985.0,13.0,24.0,22.435384615384613,19.542884615384615,0.6131960175110245,0.06252859207894892,gaining,15.9,24.0,304.0,289.0,-15.0,15.0,16.0,1.0,0.0,0.0,0.0,80.0,78.0,-2.0,14.600000000000001,3.6,292.0,13.0,320.006065,621.992371,10294.874728,940.0,164.0,14.855072463768115,0.0,0.0,0.0,0.0,86.79670294176107,91.25,87.71721509971509,74.5,93.0,87.51190476190474,74.5,92.0,90.0,96.0,fine
2026-01-01T12:04:01.605+00:00,503,replay,sample/replay,engine/SID807,decoded CSV,100%,1.5649447924956748,0.0,0.731,CLIMBING,↑,1455.0,24.233469,3,coasting,60.0,,21.0,18.0,21.0,18.0,21.0,18.0,60.0,3.0,60.0,warming,1023.0,38.0,15.0,23.0,506.0,487.0,19.0,985.0,18.0,0.0,6.821025641025641,17.264358974358974,0.0,0.0,steady,3.4000000000000004,23.0,420.0,396.0,-24.0,0.0,0.0,0.0,0.0,0.0,0.0,99.0,96.0,-3.0,14.600000000000001,3.6,292.0,18.0,320.006065,621.992371,10294.874728,940.0,164.0,14.855072463768115,5.4599999999999795,-18.920000000000016,8.20999999999998,5.220000000000027,88.98837209302327,94.0,96.0,74.5,84.0,89.65476190476188,74.5,98.0,90.0,96.0,fine
2026-01-01T12:04:02.113+00:00,504,replay,sample/replay,engine/SID807,decoded CSV,100%,1.9685043361214545,0.0,0.731,CLIMBING,↑,1450.0,24.233469,3,coasting,60.0,,21.0,18.0,21.0,18.0,21.0,18.0,60.0,3.0,60.0,warming,1044.0,60.0,16.0,44.0,502.0,495.0,7.0,984.0,20.0,0.0,5.576666666666666,16.0925,0.0,0.0,steady,0.0,23.0,421.0,391.0,-30.0,0.0,0.0,0.0,0.0,0.0,0.0,99.0,96.0,-3.0,14.600000000000001,3.6,292.0,20.0,320.006065,621.992371,10294.874728,940.0,164.0,14.855072463768115,9.680000000000007,-33.51999999999998,14.560000000000002,9.279999999999973,88.98837209302327,94.0,96.0,74.5,84.0,89.65476190476188,74.5,98.0,90.0,96.0,fine
2026-01-01T12:04:02.602+00:00,505,replay,sample/replay,engine/SID807,decoded CSV,100%,2.0449894320616866,0.0,0.731,CLIMBING,↑,1441.0,24.233469,3,coasting,60.0,,21.0,18.0,22.0,18.0,22.0,18.0,60.0,4.0,60.0,warming,1051.0,65.0,14.0,51.0,499.0,500.0,-1.0,986.0,21.0,0.0,5.59,16.350833333333334,0.0,0.0,steady,0.0,23.0,421.0,397.0,-24.0,0.0,0.0,0.0,0.0,0.0,0.0,99.0,96.0,-3.0,14.600000000000001,3.6,292.0,21.0,320.006065,621.992371,10294.874728,940.0,164.0,14.855072463768115,9.680000000000007,-33.51999999999998,14.560000000000002,9.279999999999973,88.98837209302327,94.0,96.0,74.5,84.0,89.65476190476188,74.5,98.0,90.0,96.0,fine
2026-01-01T12:04:03.043+00:00,506,replay,sample/replay,engine/SID807,decoded CSV,100%,2.2675737746041493,0.0,0.731,CLIMBING,↑,1423.0,23.612098,3,coasting,60.0,,21.0,18.0,21.0,18.0,21.0,18.0,60.0,3.0,60.0,warming,1056.0,71.0,15.0,56.0,493.0,498.0,-5.0,985.0,21.0,0.0,5.586666666666666,16.313333333333333,-0.629881409186457,-0.06423002852008147,easing,0.0,23.0,420.0,396.0,-24.0,0.0,0.0,0.0,0.0,0.0,0.0,99.0,97.0,-2.0,14.600000000000001,3.6,292.0,21.0,320.627436,621.992371,10294.874728,940.0,164.0,14.855072463768115,9.680000000000007,-33.51999999999998,14.560000000000002,9.279999999999973,88.98837209302327,94.0,96.0,74.5,84.0,89.65476190476188,74.5,98.0,90.0,96.0,fine
2026-01-01T12:04:03.551+00:00,507,replay,sample/replay,engine/SID807,decoded CSV,100%,1.9685043361214545,0.0,0.731,CLIMBING,↑,1411.0,23.612098,3,coasting,61.0,,21.0,18.0,22.0,18.0,22.0,18.0,61.0,4.0,61.0,warming,1060.0,75.0,15.0,60.0,492.0,492.0,0.0,985.0,20.0,0.0,5.546666666666666,16.708333333333332,0.0,0.0,steady,0.0,23.0,419.0,406.0,-13.0,0.0,0.0,0.0,0.0,0.0,0.0,98.0,99.0,1.0,14.700000000000001,3.6,292.0,20.0,320.627436,621.992371,10294.874728,940.0,164.0,14.855072463768115,9.680000000000007,-33.51999999999998,14.560000000000002,9.279999999999973,89.17674418604652,94.0,96.0,75.4,84.0,89.89047619047618,75.4,98.0,90.0,96.0,fine
2026-01-01T12:04:04.032+00:00,508,replay,sample/replay,engine/SID807,decoded CSV,100%,2.0790023098351393,0.0,0.731,CLIMBING,↑,1403.0,23.612098,3,coasting,61.0,,21.0,18.0,22.0,18.0,22.0,18.0,61.0,4.0,61.0,warming,1065.0,79.0,14.0,65.0,484.0,490.0,-6.0,986.0,21.0,0.0,5.523333333333333,16.395,0.0,0.0,steady,0.0,23.0,418.0,398.0,-20.0,0.0,0.0,0.0,0.0,0.0,0.0,98.0,99.0,1.0,14.700000000000001,3.6,292.0,21.0,320.627436,621.992371,10294.874728,940.0,164.0,14.855072463768115,9.680000000000007,-33.51999999999998,14.560000000000002,9.279999999999973,89.17674418604652,94.0,96.0,75.4,84.0,89.89047619047618,75.4,98.0,90.0,96.0,fine
2026-01-01T12:04:04.498+00:00,509,replay,sample/replay,engine/SID807,decoded CSV,100%,2.145922377882127,0.0,0.731,CLIMBING,↑,1401.0,22.990727,3,coasting,61.0,,21.0,18.0,22.0,18.0,22.0,18.0,61.0,4.0,61.0,warming,1067.0,81.0,14.0,67.0,485.0,486.0,-1.0,986.0,20.0,0.0,5.496666666666666,16.690833333333334,-0.5960893649959015,-0.06078419898700387,easing,0.0,23.0,417.0,405.0,-12.0,0.0,0.0,0.0,0.0,0.0,0.0,98.0,99.0,1.0,14.700000000000001,3.6,292.0,20.0,320.627436,621.992371,10294.874728,940.0,164.0,14.855072463768115,9.680000000000007,-33.51999999999998,14.560000000000002,9.279999999999973,89.17674418604652,94.0,96.0,75.4,84.0,89.89047619047618,75.4,98.0,90.0,96.0,fine
2026-01-01T12:04:04.966+00:00,510,replay,sample/replay,engine/SID807,decoded CSV,100%,2.1367524328377825,0.0,0.731,CLIMBING,↑,1383.0,22.990727,3,coasting,61.0,,21.0,18.0,22.0,18.0,22.0,18.0,61.0,4.0,61.0,warming,1065.0,79.0,14.0,65.0,489.0,487.0,2.0,986.0,20.0,0.0,5.503333333333333,16.549166666666665,0.0,0.0,steady,0.0,23.0,416.0,403.0,-13.0,0.0,0.0,0.0,0.0,0.0,0.0,98.0,99.0,1.0,14.700000000000001,3.6,292.0,20.0,320.627436,621.992371,10294.874728,940.0,164.0,14.855072463768115,9.680000000000007,-33.51999999999998,14.560000000000002,9.279999999999973,89.17674418604652,94.0,96.0,75.4,84.0,89.89047619047618,75.4,98.0,90.0,96.0,fine
2026-01-01T12:04:05.442+00:00,511,replay,sample/replay,engine/SID807,decoded CSV,100%,2.1008400246632966,0.0,0.731,CLIMBING,↑,1366.0,22.990727,3,coasting,61.0,,21.0,18.0,21.0,18.0,21.0,18.0,61.0,3.0,61.0,warming,1065.0,80.0,15.0,65.0,485.0,484.0,1.0,985.0,20.0,0.0,5.493333333333333,16.520000000000003,0.0,0.0,steady,0.0,23.0,416.0,404.0,-12.0,0.0,0.0,0.0,0.0,0.0,0.0,98.0,99.0,1.0,14.700000000000001,3.6,292.0,20.0,320.627436,621.992371,10294.874728,940.0,164.0,14.855072463768115,9.680000000000007,-33.51999999999998,14.560000000000002,9.279999999999973,89.17674418604652,94.0,96.0,75.4,84.0,89.89047619047618,75.4,98.0,90.0,96.0,fine
2026-01-01T12:04:05.885+00:00,512,replay,sample/replay,engine/SID807,decoded CSV,100%,2.257335944635233,0.0,0.731,CLIMBING,↑,1365.0,22.990727,3,coasting,61.0,,21.0,18.0,22.0,18.0,22.0,18.0,61.0,4.0,61.0,warming,1063.0,77.0,14.0,63.0,478.0,481.0,-3.0,986.0,20.0,0.0,5.463333333333333,16.795,0.0,0.0,steady,0.0,23.0,415.0,414.0,-1.0,0.0,0.0,0.0,0.0,0.0,0.0,97.0,99.0,2.0,14.700000000000001,3.6,292.0,20.0,320.627436,621.992371,10294.874728,940.0,164.0,14.855072463768115,9.680000000000007,-33.51999999999998,14.560000000000002,9.279999999999973,89.17674418604652,94.0,96.0,75.4,84.0,89.89047619047618,75.4,98.0,90.0,96.0,fine
2026-01-01T12:04:06.335+00:00,513,replay,sample/replay,engine/SID807,decoded CSV,100%,2.2222219867471074,0.0,0.731,CLIMBING,↑,1347.0,22.369356,3,coasting,61.0,,21.0,18.0,22.0,18.0,22.0,18.0,61.0,4.0,61.0,warming,1061.0,76.0,15.0,61.0,475.0,479.0,-4.0,985.0,20.0,0.0,5.46,16.023333333333333,-0.6172836942347104,-0.06294541910180443,easing,0.0,23.0,413.0,396.0,-17.0,0.0,0.0,0.0,0.0,0.0,0.0,97.0,98.0,1.0,14.700000000000001,3.6,291.0,20.0,320.627436,621.992371,10294.874728,940.0,164.0,14.855072463768115,9.680000000000007,-33.51999999999998,14.560000000000002,9.279999999999973,89.12441860465117,93.8125,96.0,75.4,84.0,89.89047619047618,75.4,98.0,90.0,96.0,fine
2026-01-01T12:04:06.802+00:00,514,replay,sample/replay,engine/SID807,decoded CSV,100%,2.1413275881433984,0.0,0.731,CLIMBING,↑,1340.0,22.369356,3,braking,61.0,,21.0,18.0,22.0,18.0,22.0,18.0,61.0,4.0,61.0,warming,1059.0,75.0,16.0,59.0,476.0,475.0,1.0,984.0,19.0,0.0,5.443333333333333,15.6525,0.0,0.0,steady,0.0,23.0,413.0,387.0,-26.0,0.0,0.0,0.0,0.0,0.0,0.0,97.0,99.0,2.0,14.700000000000001,3.6,291.0,19.0,320.627436,621.992371,10294.874728,940.0,164.0,14.855072463768115,9.680000000000007,-33.51999999999998,14.560000000000002,9.279999999999973,89.00232558139535,93.375,96.0,75.4,84.0,87.74761904761904,75.4,92.0,90.0,96.0,fine
2026-01-01T12:04:07.246+00:00,515,replay,sample/replay,engine/SID807,decoded CSV,100%,2.2522522232263724,0.0,0.731,CLIMBING,↑,1287.0,21.747985,3,braking,61.0,,21.0,18.0,22.0,18.0,22.0,18.0,61.0,4.0,61.0,warming,1056.0,71.0,15.0,56.0,471.0,465.0,6.0,985.0,18.0,0.0,5.366666666666666,15.600833333333332,-0.6256254240093301,-0.06379603881135047,easing,0.0,23.0,411.0,393.0,-18.0,0.0,0.0,0.0,0.0,0.0,0.0,92.0,97.0,5.0,14.700000000000001,3.6,291.0,18.0,320.627436,621.992371,10294.874728,940.0,164.0,14.855072463768115,9.680000000000007,-33.51999999999998,14.560000000000002,9.279999999999973,88.07790697674419,90.0625,96.0,75.4,84.0,87.74761904761904,75.4,92.0,90.0,96.0,fine
2026-01-01T12:04:07.721+00:00,516,replay,sample/replay,engine/SID807,decoded CSV,100%,2.105263580575959,0.0,0.731,CLIMBING,↑,1192.0,19.883872,3,braking,61.0,,21.0,18.0,22.0,18.0,22.0,18.0,61.0,4.0,61.0,warming,1049.0,64.0,15.0,49.0,451.0,445.0,6.0,985.0,17.0,0.0,5.2333333333333325,14.434166666666666,-1.754385774381611,-0.17889756179547664,braking/down,0.0,23.0,405.0,377.0,-28.0,0.0,0.0,0.0,0.0,0.0,0.0,85.0,91.0,6.0,14.700000000000001,3.6,290.0,17.0,320.627436,621.992371,10294.874728,940.0,164.0,14.855072463768115,9.680000000000007,-33.51999999999998,14.560000000000002,9.279999999999973,86.42093023255815,84.125,96.0,75.4,84.0,87.74761904761904,75.4,92.0,90.0,96.0,fine
2026-01-01T12:04:08.183+00:00,517,replay,sample/replay,engine/SID807,decoded CSV,100%,2.1645026649217036,0.0,0.731,CLIMBING,↑,1089.0,18.64113,3,braking,61.0,,21.0,18.0,22.0,18.0,22.0,18.0,61.0,4.0,61.0,warming,1035.0,50.0,15.0,35.0,421.0,413.0,8.0,985.0,15.0,0.0,5.02,13.7325,-1.2025011084869595,-0.12262098764480832,braking/down,0.0,23.0,399.0,379.0,-20.0,0.0,0.0,0.0,0.0,0.0,0.0,85.0,87.0,2.0,14.700000000000001,3.6,290.0,15.0,320.627436,621.992371,10294.874728,940.0,164.0,14.855072463768115,9.680000000000007,-33.51999999999998,14.560000000000002,9.279999999999973,84.62441860465118,77.6875,96.0,75.4,84.0,87.74761904761904,75.4,92.0,90.0,96.0,fine
2026-01-01T12:04:08.685+00:00,518,replay,sample/replay,engine/SID807,decoded CSV,100%,1.9920315016425707,0.0,0.731,CLIMBING,↑,996.0,16.777017,N,braking,61.0,,21.0,18.0,22.0,18.0,22.0,18.0,61.0,4.0,61.0,warming,1027.0,42.0,15.0,27.0,383.0,374.0,9.0,985.0,12.0,0.0,5.413846153846154,10.314679487179486,-1.660025737796527,-0.1692755158791766,braking/down,1.7000000000000002,23.0,217.0,289.0,72.0,18.0,13.0,-5.0,0.0,0.0,0.0,81.0,83.0,2.0,14.600000000000001,3.6,290.0,12.0,320.627436,621.992371,10294.874728,940.0,164.0,14.855072463768115,8.050000000000011,-27.879999999999995,12.110000000000014,7.7099999999999795,76.75813953488372,72.0,78.0,75.4,84.0,87.74761904761904,75.4,92.0,90.0,96.0,fine
2026-01-01T12:04:09.139+00:00,519,replay,sample/replay,engine/SID807,decoded CSV,100%,2.202643190313694,0.0,0.731,CLIMBING,↑,839.0,14.912904000000001,N,braking,61.0,,21.0,18.0,22.0,18.0,22.0,18.0,61.0,4.0,61.0,warming,1010.0,24.0,14.0,10.0,343.0,335.0,8.0,986.0,8.0,0.0,4.99,8.470833333333335,-1.8355354240572945,-0.187172523140654,braking/down,1.3,23.0,220.0,273.0,53.0,0.0,11.0,11.0,0.0,0.0,0.0,81.0,79.0,-2.0,14.700000000000001,3.6,289.0,8.0,320.627436,621.992371,10294.874728,940.0,164.0,14.855072463768115,8.430000000000007,-29.189999999999998,12.680000000000007,8.079999999999984,76.75813953488372,72.0,78.0,75.4,84.0,87.74761904761904,75.4,92.0,90.0,96.0,fine
2026-01-01T12:04:09.575+00:00,520,replay,sample/replay,engine/SID807,decoded CSV,100%,2.2935774097358967,0.0,0.731,CLIMBING,↑,787.0,13.670162,N,braking,61.0,,21.0,18.0,22.0,18.0,22.0,18.0,61.0,4.0,61.0,warming,1000.0,14.0,14.0,0.0,301.0,311.0,-10.0,986.0,7.0,0.0,6.060769230769231,7.887435897435898,-1.2742092778656082,-0.12993318593664588,braking/down,4.5,23.0,215.0,240.0,25.0,15.0,16.0,1.0,0.0,0.0,0.0,77.0,78.0,1.0,14.600000000000001,3.6,289.0,7.0,320.627436,621.992371,10294.874728,940.0,164.0,14.855072463768115,5.4599999999999795,-18.910000000000025,8.20999999999998,5.230000000000018,76.75813953488372,72.0,78.0,75.4,84.0,87.74761904761904,75.4,92.0,90.0,96.0,fine
2026-01-01T12:04:10.074+00:00,521,replay,sample/replay,engine/SID807,decoded CSV,100%,2.0040086824526258,0.0,0.731,CLIMBING,↑,779.0,12.42742,N,braking,61.0,,21.0,18.0,21.0,18.0,21.0,18.0,61.0,3.0,61.0,warming,991.0,6.0,15.0,-9.0,313.0,309.0,4.0,985.0,6.0,0.0,5.98051282051282,7.532179487179487,-1.1133378124780196,-0.1135288617905217,braking/down,4.3,23.0,215.0,234.0,19.0,18.0,16.0,-2.0,0.0,0.0,0.0,77.0,75.0,-2.0,14.5,3.6,289.0,6.0,320.627436,621.992371,10294.874728,940.0,164.0,14.855072463768115,5.649999999999977,-19.579999999999984,8.5,5.420000000000016,76.75813953488372,72.0,78.0,75.4,84.0,87.74761904761904,75.4,92.0,90.0,96.0,fine
2026-01-01T12:04:10.542+00:00,522,replay,sample/replay,engine/SID807,decoded CSV,100%,2.1367524328377825,0.0,0.731,CLIMBING,↑,779.0,10.563307,3,braking,61.0,,21.0,18.0,21.0,18.0,21.0,18.0,61.0,3.0,61.0,warming,988.0,2.0,14.0,-12.0,308.0,310.0,-2.0,986.0,6.0,0.0,6.015641025641026,6.983141025641025,-1.7806264764815511,-0.18157336873259994,braking/down,4.4,23.0,215.0,221.0,6.0,20.0,19.0,-1.0,0.0,0.0,0.0,77.0,75.0,-2.0,14.600000000000001,3.6,289.0,6.0,320.627436,621.992371,10294.874728,940.0,164.0,14.855072463768115,5.550000000000011,-19.25,8.360000000000014,5.319999999999993,79.21744186046513,58.3125,96.0,75.4,84.0,87.74761904761904,75.4,92.0,90.0,96.0,fine
2026-01-01T12:04:10.984+00:00,523,replay,sample/replay,engine/SID807,decoded CSV,100%,2.2624426676332865,0.0,0.731,CLIMBING,↑,787.0,9.320565,N,braking,61.0,,21.0,18.0,22.0,18.0,22.0,18.0,61.0,4.0,61.0,warming,987.0,2.0,15.0,-13.0,308.0,312.0,-4.0,985.0,6.0,0.0,6.115897435897437,6.947564102564102,-1.256912204271013,-0.12816937529849776,braking/down,4.6000000000000005,23.0,217.0,218.0,1.0,21.0,21.0,0.0,0.0,0.0,0.0,77.0,75.0,-2.0,14.3,3.6,289.0,6.0,320.627436,621.992371,10294.874728,940.0,164.0,14.855072463768115,5.360000000000014,-18.579999999999984,8.069999999999993,5.139999999999986,76.75813953488372,72.0,78.0,75.4,84.0,87.74761904761904,75.4,92.0,90.0,96.0,fine
2026-01-01T12:04:11.604+00:00,524,replay,sample/replay,engine/SID807,decoded CSV,100%,1.6129035235196125,0.0,0.731,CLIMBING,↑,777.0,8.077823,N,braking,61.0,,21.0,18.0,21.0,18.0,21.0,18.0,61.0,3.0,61.0,warming,983.0,-2.0,15.0,-17.0,310.0,309.0,1.0,985.0,6.0,0.0,5.865128205128205,6.434294871794871,-0.8960572358477621,-0.09137240911501503,braking/down,4.0,23.0,215.0,211.0,-4.0,22.0,22.0,0.0,0.0,0.0,0.0,77.0,75.0,-2.0,14.5,3.6,288.0,6.0,320.627436,621.992371,10294.874728,940.0,164.0,14.855072463768115,5.649999999999977,-19.579999999999984,8.5,5.420000000000016,76.75813953488372,72.0,78.0,75.4,84.0,87.74761904761904,75.4,92.0,90.0,96.0,fine
2026-01-01T12:04:12.083+00:00,525,replay,sample/replay,engine/SID807,decoded CSV,100%,2.087682273208725,0.0,0.731,CLIMBING,↑,772.0,6.835081,N,braking,61.0,,21.0,18.0,22.0,18.0,22.0,18.0,61.0,4.0,61.0,warming,983.0,-2.0,15.0,-17.0,306.0,309.0,-3.0,985.0,5.0,0.0,5.865128205128205,6.482628205128205,-1.1598231262944088,-0.11826904460691559,braking/down,4.0,23.0,215.0,213.0,-2.0,22.0,22.0,0.0,0.0,0.0,0.0,77.0,76.0,-1.0,14.600000000000001,3.6,288.0,5.0,320.627436,621.992371,10294.874728,940.0,164.0,14.855072463768115,5.649999999999977,-19.579999999999984,8.5,5.420000000000016,76.75813953488372,72.0,78.0,75.4,84.0,87.74761904761904,75.4,92.0,90.0,96.0,fine
2026-01-01T12:04:12.600+00:00,526,replay,sample/replay,engine/SID807,decoded CSV,100%,1.934236126643163,0.0,0.731,CLIMBING,↑,768.0,5.592339,N,braking,61.0,,21.0,18.0,22.0,18.0,22.0,18.0,61.0,4.0,61.0,warming,983.0,-2.0,15.0,-17.0,306.0,309.0,-3.0,985.0,5.0,0.0,5.98051282051282,6.48551282051282,-1.0745752934649593,-0.10957618488117342,braking/down,4.3,23.0,214.0,210.0,-4.0,22.0,22.0,0.0,0.0,0.0,0.0,77.0,76.0,-1.0,14.3,3.6,287.0,5.0,320.627436,621.992371,10294.874728,940.0,164.0,14.855072463768115,5.649999999999977,-19.579999999999984,8.5,5.420000000000016,76.75813953488372,72.0,78.0,75.4,84.0,87.74761904761904,75.4,92.0,90.0,96.0,fine
2026-01-01T12:04:13.042+00:00,527,replay,sample/replay,engine/SID807,decoded CSV,100%,2.2624438880144475,0.0,0.731,CLIMBING,↑,774.0,4.970968,N,braking,61.0,,21.0,18.0,22.0,18.0,22.0,18.0,61.0,4.0,61.0,warming,982.0,-4.0,14.0,-18.0,316.0,310.0,6.0,986.0,5.0,0.0,5.90025641025641,6.43775641025641,-0.6284564411301685,-0.06408472221708418,easing,4.1000000000000005,23.0,215.0,209.0,-6.0,21.0,22.0,1.0,0.0,0.0,0.0,77.0,76.0,-1.0,14.5,3.6,287.0,5.0,320.627436,621.992371,10294.874728,940.0,164.0,14.855072463768115,5.550000000000011,-19.25,8.360000000000014,5.319999999999993,76.75813953488372,72.0,78.0,75.4,84.0,87.74761904761904,75.4,92.0,90.0,96.0,fine
2026-01-01T12:04:13.479+00:00,528,replay,sample/replay,engine/SID807,decoded CSV,100%,2.2883293296837652,0.0,0.731,CLIMBING,↑,769.0,4.349597,N,braking,61.0,,21.0,18.0,22.0,18.0,22.0,18.0,61.0,4.0,61.0,warming,982.0,-2.0,16.0,-18.0,307.0,307.0,0.0,984.0,5.0,0.0,5.900256410256411,6.41525641025641,-0.6356468393693306,-0.06481793878330834,easing,4.1000000000000005,23.0,214.0,210.0,-4.0,22.0,22.0,0.0,0.0,0.0,0.0,77.0,77.0,0.0,14.5,3.6,287.0,5.0,320.627436,621.992371,10294.874728,940.0,164.0,14.855072463768115,5.75,-19.910000000000025,8.649999999999977,5.509999999999991,76.75813953488372,72.0,78.0,75.4,84.0,87.74761904761904,75.4,92.0,90.0,96.0,fine
2026-01-01T12:04:13.951+00:00,529,replay,sample/replay,engine/SID807,decoded CSV,100%,2.1186435198655156,0.0,0.731,CLIMBING,↑,770.0,4.349597,N,braking,61.0,,21.0,18.0,22.0,18.0,22.0,18.0,61.0,4.0,61.0,warming,982.0,-3.0,15.0,-18.0,310.0,309.0,1.0,985.0,5.0,0.0,5.98051282051282,6.287179487179487,0.0,0.0,steady,4.3,23.0,215.0,204.0,-11.0,21.0,22.0,1.0,0.0,0.0,0.0,77.0,77.0,0.0,14.600000000000001,3.6,286.0,5.0,320.627436,621.992371,10294.874728,940.0,164.0,14.855072463768115,5.649999999999977,-19.579999999999984,8.5,5.420000000000016,76.75813953488372,72.0,78.0,75.4,84.0,87.74761904761904,75.4,92.0,90.0,96.0,fine
2026-01-01T12:04:14.395+00:00,530,replay,sample/replay,engine/SID807,decoded CSV,100%,2.2522522232263724,0.0,0.731,CLIMBING,↑,770.0,3.7282260000000003,N,braking,61.0,,21.0,18.0,22.0,18.0,22.0,18.0,61.0,4.0,61.0,warming,983.0,-2.0,15.0,-17.0,308.0,309.0,-1.0,985.0,5.0,0.0,5.98051282051282,6.498846153846153,-0.6256254240093301,-0.06379603881135047,easing,4.3,23.0,214.0,210.0,-4.0,21.0,22.0,1.0,0.0,0.0,0.0,77.0,77.0,0.0,14.600000000000001,3.6,286.0,5.0,320.627436,621.992371,10294.874728,940.0,164.0,14.855072463768115,5.649999999999977,-19.579999999999984,8.5,5.420000000000016,76.75813953488372,72.0,78.0,75.4,84.0,87.74761904761904,75.4,92.0,90.0,96.0,fine
2026-01-01T12:04:14.863+00:00,531,replay,sample/replay,engine/SID807,decoded CSV,100%,2.1367524328377825,0.0,0.731,CLIMBING,↑,767.0,2.485484,N,braking,62.0,,21.0,19.0,22.0,18.0,22.0,18.0,62.0,4.0,62.0,warming,982.0,-5.0,13.0,-18.0,306.0,309.0,-3.0,987.0,5.0,0.0,5.883589743589743,6.671089743589745,-1.187084317654368,-0.12104891248840001,braking/down,4.1000000000000005,23.0,214.0,217.0,3.0,21.0,22.0,1.0,0.0,0.0,0.0,76.0,76.0,0.0,14.600000000000001,3.6,286.0,5.0,320.627436,621.992371,10294.874728,940.0,164.0,14.855072463768115,5.75,-19.910000000000025,8.649999999999977,5.509999999999991,81.27209302325582,65.0,96.0,76.3,84.0,87.98333333333332,76.3,92.0,90.0,96.0,fine
2026-01-01T12:04:15.377+00:00,532,replay,sample/replay,engine/SID807,decoded CSV,100%,1.9455255228510784,0.0,0.731,CLIMBING,↑,770.0,1.8641130000000001,N,braking,62.0,,21.0,19.0,22.0,18.0,22.0,18.0,62.0,4.0,62.0,warming,982.0,-3.0,15.0,-18.0,314.0,309.0,5.0,985.0,5.0,0.0,5.865128205128205,6.573461538461538,-0.5404235891533816,-0.05510786957354261,easing,4.0,23.0,214.0,214.0,0.0,21.0,22.0,1.0,0.0,0.0,0.0,76.0,76.0,0.0,14.5,3.6,286.0,5.0,320.627436,621.992371,10294.874728,940.0,164.0,14.855072463768115,5.649999999999977,-19.579999999999984,8.5,5.420000000000016,81.27209302325582,65.0,96.0,76.3,84.0,87.98333333333332,76.3,92.0,90.0,96.0,fine
2026-01-01T12:04:15.828+00:00,533,replay,sample/replay,engine/SID807,decoded CSV,100%,2.2172950221264083,0.0,0.731,CLIMBING,↑,770.0,1.8641130000000001,N,clutch,62.0,,21.0,19.0,22.0,18.0,22.0,18.0,62.0,4.0,62.0,warming,981.0,-5.0,14.0,-19.0,308.0,309.0,-1.0,986.0,5.0,0.0,5.816666666666666,6.569999999999999,0.0,0.0,steady,3.9000000000000004,23.0,214.0,216.0,2.0,20.0,21.0,1.0,0.0,0.0,0.0,76.0,76.0,0.0,14.600000000000001,3.6,286.0,5.0,320.627436,621.992371,10294.874728,940.0,164.0,14.855072463768115,5.75,-19.910000000000025,8.649999999999977,5.509999999999991,81.27209302325582,65.0,96.0,76.3,84.0,87.98333333333332,76.3,92.0,90.0,96.0,fine
2026-01-01T12:04:16.303+00:00,534,replay,sample/replay,engine/SID807,decoded CSV,100%,2.1052625238732214,0.0,0.731,CLIMBING,↑,1430.0,1.8641130000000001,N,clutch,62.0,,21.0,19.0,22.0,18.0,22.0,18.0,62.0,4.0,62.0,warming,972.0,-13.0,318.0,-331.0,349.0,371.0,-22.0,985.0,7.0,19.0,20.146923076923073,12.532756410256411,0.0,0.0,steady,14.5,24.0,419.0,203.0,-216.0,0.0,3.0,3.0,0.0,0.0,0.0,94.0,85.0,-9.0,14.600000000000001,3.6,285.0,7.0,320.627436,621.992371,10294.874728,940.0,164.0,14.855072463768115,0.0,0.0,0.0,0.0,74.44915351211378,65.0,89.50757340139285,76.3,56.0,80.62902097902096,76.3,92.0,59.111888111888106,96.0,fine
2026-01-01T12:04:16.776+00:00,535,replay,sample/replay,engine/SID807,decoded CSV,100%,2.1141646832057566,0.0,0.731,CLIMBING,↑,1600.0,3.106855,N,clutch,62.0,,21.0,19.0,22.0,18.0,22.0,18.0,62.0,4.0,62.0,warming,1015.0,29.0,100.0,-71.0,762.0,733.0,29.0,986.0,21.0,19.0,19.34179487179487,22.047628205128206,1.1745355717410797,0.11976929652236797,pulling,11.8,24.0,268.0,383.0,115.0,6.0,4.0,-2.0,0.0,0.0,0.0,78.0,84.0,6.0,14.5,3.6,285.0,21.0,320.627436,621.992371,10294.874728,940.0,164.0,14.855072463768115,0.0,0.0,0.0,0.0,69.7062015503876,48.0,78.0,76.3,80.66666666666667,87.30567765567766,76.3,92.0,87.15384615384616,96.0,fine
2026-01-01T12:04:17.244+00:00,536,replay,sample/replay,engine/SID807,decoded CSV,100%,2.1367524328377825,0.0,0.731,CLIMBING,↑,1432.0,4.970968,N,clutch,62.0,,21.0,19.0,22.0,18.0,22.0,18.0,62.0,4.0,62.0,warming,1056.0,71.0,95.0,-24.0,770.0,763.0,7.0,985.0,17.0,19.0,20.876410256410253,21.788076923076922,1.7806264764815516,0.1815733687326,pulling,15.4,24.0,312.0,334.0,22.0,9.0,9.0,0.0,0.0,0.0,0.0,80.0,83.0,3.0,14.5,3.6,285.0,17.0,320.627436,621.992371,10294.874728,940.0,164.0,14.855072463768115,0.0,0.0,0.0,0.0,71.7139534883721,48.0,78.0,76.3,93.0,87.98333333333332,76.3,92.0,90.0,96.0,fine
2026-01-01T12:04:17.706+00:00,537,replay,sample/replay,engine/SID807,decoded CSV,100%,2.1645026649217036,0.0,0.731,CLIMBING,↑,1421.0,7.4564520000000005,1,accelerating,62.0,,21.0,19.0,22.0,18.0,22.0,18.0,62.0,4.0,62.0,warming,1070.0,85.0,216.0,-131.0,786.0,789.0,-3.0,985.0,16.0,25.0,26.244358974358974,24.313525641025638,2.40500221697392,0.24524197528961672,pulling,20.3,24.0,397.0,343.0,-54.0,1.0,4.0,3.0,0.0,0.0,0.0,89.0,86.0,-3.0,14.5,3.6,284.0,16.0,320.627436,621.992371,10294.874728,940.0,164.0,14.855072463768115,0.0,0.0,0.0,0.0,84.255457414033,89.0625,84.95231125356125,76.3,84.75,87.09588744588743,76.3,92.0,86.27272727272727,96.0,fine
2026-01-01T12:04:18.161+00:00,538,replay,sample/replay,engine/SID807,decoded CSV,100%,2.197801414686265,0.0,0.731,CLIMBING,↑,1744.0,9.320565,1,accelerating,62.0,,21.0,19.0,22.0,18.0,22.0,18.0,62.0,4.0,62.0,warming,1109.0,122.0,365.0,-243.0,927.0,917.0,10.0,987.0,24.0,27.0,29.783846153846156,31.34301282051282,1.8315006122827115,0.18676108684236836,pulling,21.200000000000003,25.0,433.0,451.0,18.0,0.0,0.0,0.0,0.0,0.0,0.0,94.0,89.0,-5.0,14.5,3.6,284.0,24.0,320.627436,621.992371,10294.874728,940.0,164.0,14.855072463768115,0.0,0.0,0.0,0.0,83.39605073544028,94.0,82.89423433048432,76.3,75.41666666666667,84.67164502164502,76.3,92.0,76.0909090909091,96.0,fine
2026-01-01T12:04:18.623+00:00,539,replay,sample/replay,engine/SID807,decoded CSV,100%,2.1645026649217036,0.0,0.731,CLIMBING,↑,2004.0,10.563307,1,accelerating,62.0,,21.0,19.0,23.0,18.0,23.0,18.0,62.0,5.0,62.0,warming,1243.0,258.0,211.0,47.0,917.0,911.0,6.0,985.0,28.0,27.0,25.973076923076924,30.45391025641026,1.2025011084869595,0.12262098764480832,pulling,15.4,25.0,311.0,405.0,94.0,9.0,7.0,-2.0,0.0,0.0,0.0,86.0,92.0,6.0,14.5,3.6,284.0,28.0,320.627436,621.992371,10294.874728,940.0,164.0,14.855072463768115,0.0,0.0,0.0,0.0,86.48891746173723,94.0,85.81045227920227,76.3,88.16666666666667,87.4521978021978,76.3,92.0,87.76923076923077,96.0,fine
2026-01-01T12:04:19.103+00:00,540,replay,sample/replay,engine/SID807,decoded CSV,100%,2.083333250549108,0.0,0.731,CLIMBING,↑,2102.0,11.184678,1,coasting,62.0,,21.0,19.0,22.0,18.0,22.0,18.0,62.0,4.0,62.0,warming,1208.0,223.0,111.0,112.0,883.0,883.0,0.0,985.0,22.0,0.0,14.22102564102564,23.04269230769231,0.5787035016710554,0.059011334316107486,gaining,12.5,25.0,257.0,250.0,-7.0,33.0,30.0,-3.0,0.0,0.0,0.0,76.0,83.0,7.0,14.5,3.6,283.0,22.0,320.627436,621.992371,10294.874728,940.0,164.0,14.855072463768115,0.0,0.0,0.0,0.0,88.34664096490648,94.0,93.54703743273188,76.3,83.0,87.89675324675324,76.3,92.0,89.63636363636364,96.0,fine
2026-01-01T12:04:19.739+00:00,541,replay,sample/replay,engine/SID807,decoded CSV,100%,1.5723272467861285,0.0,0.737,CLIMBING,↑,2118.0,11.184678,1,coasting,62.0,,21.0,19.0,22.0,18.0,22.0,18.0,62.0,4.0,62.0,warming,1166.0,181.0,22.0,159.0,599.0,608.0,-9.0,985.0,34.0,0.0,7.309230769230769,23.66423076923077,0.0,0.0,steady,2.0,24.0,478.0,442.0,-36.0,0.0,0.0,0.0,0.0,0.0,0.0,95.0,93.0,-2.0,14.5,3.6,283.0,34.0,320.627436,621.992371,10294.874728,940.0,164.0,14.855072463768115,0.0,0.0,0.0,0.0,89.0531007751938,94.0,96.0,76.3,82.08333333333333,89.60670995670996,76.3,98.0,87.81818181818181,96.0,fine
2026-01-01T12:04:20.206+00:00,542,replay,sample/replay,engine/SID807,decoded CSV,100%,2.1413275881433984,0.0,0.737,CLIMBING,↑,1622.0,11.184678,N,braking,62.0,,21.0,19.0,22.0,18.0,22.0,18.0,62.0,4.0,62.0,warming,1185.0,199.0,14.0,185.0,652.0,636.0,16.0,986.0,32.0,0.0,6.6466666666666665,22.2325,0.0,0.0,steady,0.0,24.0,454.0,451.0,-3.0,0.0,0.0,0.0,0.0,0.0,0.0,100.0,95.0,-5.0,14.5,3.6,283.0,32.0,320.627436,621.992371,10294.874728,940.0,164.0,14.855072463768115,0.0,0.0,0.0,0.0,76.28178294573644,72.0,78.0,76.3,79.91666666666667,86.90108225108226,76.3,92.0,85.45454545454545,96.0,fine
2026-01-01T12:04:20.711+00:00,543,replay,sample/replay,engine/SID807,decoded CSV,100%,1.9801975710581627,0.0,0.737,CLIMBING,↑,1133.0,9.941936,N,braking,62.0,,21.0,19.0,22.0,18.0,22.0,18.0,62.0,4.0,62.0,warming,1154.0,168.0,14.0,154.0,580.0,515.0,65.0,986.0,22.0,0.0,5.54,19.118333333333332,-1.1001094213514215,-0.11217994130018116,braking/down,0.0,22.0,411.0,438.0,27.0,0.0,0.0,0.0,0.0,0.0,0.0,97.0,100.0,3.0,14.5,3.6,283.0,22.0,320.627436,621.992371,10294.874728,940.0,164.0,14.855072463768115,9.680000000000007,-33.51999999999998,14.560000000000002,9.279999999999973,76.70232558139536,72.0,78.0,76.3,82.5,87.57207792207791,76.3,92.0,88.27272727272727,96.0,fine
2026-01-01T12:04:21.195+00:00,544,replay,sample/replay,engine/SID807,decoded CSV,100%,2.066115840895981,0.0,0.737,CLIMBING,↑,811.0,7.4564520000000005,N,braking,62.0,,21.0,19.0,22.0,18.0,22.0,18.0,62.0,4.0,62.0,warming,1094.0,109.0,15.0,94.0,516.0,351.0,165.0,985.0,12.0,0.0,4.006666666666667,14.31,-2.295683557432585,-0.2340945743380854,braking/down,0.0,19.0,281.0,376.0,95.0,0.0,0.0,0.0,0.0,0.0,0.0,83.0,91.0,8.0,14.5,3.6,282.0,12.0,320.627436,621.992371,10294.874728,940.0,164.0,14.855072463768115,9.680000000000007,-33.51999999999998,14.560000000000002,9.279999999999973,75.3186046511628,72.0,78.0,76.3,74.0,85.67240896358544,76.3,92.0,80.29411764705883,96.0,fine
2026-01-01T12:04:21.848+00:00,545,replay,sample/replay,engine/SID807,decoded CSV,100%,1.5313932952910332,0.0,0.737,CLIMBING,↑,774.0,6.835081,2,clutch,62.0,,21.0,19.0,21.0,18.0,21.0,18.0,62.0,3.0,62.0,warming,1028.0,42.0,14.0,28.0,349.0,305.0,44.0,986.0,9.0,17.0,11.663076923076922,9.903910256410256,-0.4253868948651952,-0.0433773913482377,easing,3.7,23.0,212.0,281.0,69.0,19.0,18.0,-1.0,0.0,0.0,0.0,76.0,80.0,4.0,14.5,3.6,282.0,9.0,320.627436,621.992371,10294.874728,940.0,164.0,14.855072463768115,6.230000000000018,-21.569999999999993,9.370000000000005,5.970000000000027,78.42894816029506,58.0,93.44965139284584,76.3,84.0,87.98333333333332,76.3,92.0,90.0,96.0,fine
2026-01-01T12:04:22.341+00:00,546,replay,sample/replay,engine/SID807,decoded CSV,100%,2.028398421310471,0.0,0.737,CLIMBING,↑,1264.0,6.835081,2,clutch,62.0,,21.0,19.0,21.0,18.0,21.0,18.0,62.0,3.0,62.0,warming,1007.0,21.0,220.0,-199.0,295.0,312.0,-17.0,986.0,9.0,38.0,21.773589743589742,10.981923076923076,0.0,0.0,steady,5.4,23.0,404.0,270.0,-134.0,0.0,7.0,7.0,0.0,0.0,0.0,93.0,84.0,-9.0,14.600000000000001,3.6,281.0,9.0,320.627436,621.992371,10294.874728,940.0,164.0,14.855072463768115,4.2099999999999795,-14.589999999999975,6.339999999999975,4.0400000000000205,80.26702569071756,79.25,87.82436253561254,76.3,70.91666666666666,84.36028971028972,76.3,92.0,74.78321678321679,96.0,fine
2026-01-01T12:04:22.805+00:00,547,replay,sample/replay,engine/SID807,decoded CSV,100%,2.15517247580745,0.0,0.737,CLIMBING,↑,1667.0,8.077823,1,accelerating,62.0,,21.0,19.0,22.0,18.0,22.0,18.0,62.0,4.0,62.0,warming,1035.0,50.0,705.0,-655.0,570.0,590.0,-20.0,985.0,23.0,39.0,36.934615384615384,28.149615384615387,1.1973176716937843,0.12209242419111362,pulling,25.700000000000003,25.0,616.0,422.0,-194.0,0.0,0.0,0.0,0.0,0.0,0.0,100.0,93.0,-7.0,14.5,3.6,280.0,23.0,320.627436,621.992371,10294.874728,940.0,164.0,14.855072463768115,0.0,0.0,0.0,0.0,76.88455997813557,94.0,76.55884971509971,76.3,48.99333333333333,80.18260073260072,76.3,92.0,57.23692307692308,96.0,fine
2026-01-01T12:04:23.286+00:00,548,replay,sample/replay,engine/SID807,decoded CSV,100%,2.0790012793308024,0.0,0.737,CLIMBING,↑,1967.0,9.941936,1,accelerating,62.0,,21.0,19.0,23.0,18.0,23.0,18.0,62.0,5.0,62.0,warming,1233.0,248.0,762.0,-514.0,963.0,970.0,-7.0,985.0,29.0,41.0,41.38794871794872,39.019615384615385,1.7325005301147518,0.17666588795508678,pulling,27.0,26.0,612.0,514.0,-98.0,0.0,0.0,0.0,0.0,0.0,0.0,100.0,100.0,0.0,14.600000000000001,3.6,280.0,29.0,320.627436,621.992371,10294.874728,940.0,164.0,14.855072463768115,0.0,0.0,0.0,0.0,77.30711811767044,94.0,74.05551638176638,76.3,56.95333333333333,81.93131868131867,76.3,92.0,64.58153846153846,96.0,fine
2026-01-01T12:04:23.731+00:00,549,replay,sample/replay,engine/SID807,decoded CSV,100%,2.247191348351027,0.0,0.737,CLIMBING,↑,2295.0,11.806049,1,coasting,62.0,,21.0,19.0,24.0,18.0,24.0,18.0,62.0,6.0,62.0,warming,1484.0,498.0,954.0,-456.0,1187.0,1183.0,4.0,986.0,46.0,0.0,29.147179487179486,47.092179487179486,1.8726588776032966,0.19095806188691314,pulling,23.8,26.0,612.0,582.0,-30.0,0.0,0.0,0.0,0.0,0.0,0.0,96.0,99.0,3.0,14.5,3.6,280.0,46.0,320.627436,621.992371,10294.874728,940.0,164.0,14.855072463768115,0.0,0.0,0.0,0.0,82.9365858068862,94.0,88.30487931307376,76.3,61.0,82.26904761904761,76.3,92.0,66.0,96.0,fine
2026-01-01T12:04:24.211+00:00,550,replay,sample/replay,engine/SID807,decoded CSV,100%,2.083333250549108,0.0,0.737,CLIMBING,↑,2274.0,13.048791,N,clutch,62.0,,21.0,19.0,24.0,18.0,24.0,18.0,62.0,6.0,62.0,warming,1424.0,438.0,37.0,401.0,929.0,839.0,90.0,986.0,51.0,39.0,21.43,31.173333333333332,1.1574070033421109,0.11802266863221497,pulling,0.0,21.0,245.0,476.0,231.0,0.0,0.0,0.0,0.0,0.0,0.0,77.0,89.0,12.0,14.5,3.6,279.0,51.0,320.627436,621.992371,10294.874728,940.0,164.0,14.855072463768115,0.0,0.0,0.0,0.0,62.76046511627907,48.0,78.0,76.3,38.0,78.24836242189184,76.3,92.0,49.113122171945705,96.0,fine
2026-01-01T12:04:24.715+00:00,551,replay,sample/replay,engine/SID807,decoded CSV,100%,1.984127186863892,0.0,0.737,CLIMBING,↑,1503.0,14.912904000000001,N,accelerating,62.0,,21.0,19.0,23.0,18.0,23.0,18.0,62.0,5.0,62.0,warming,1443.0,458.0,715.0,-257.0,1014.0,995.0,19.0,985.0,34.0,41.0,41.661538461538456,45.9023717948718,1.653438810852134,0.16860383625928674,pulling,28.5,26.0,609.0,621.0,12.0,0.0,0.0,0.0,0.0,0.0,0.0,97.0,93.0,-4.0,14.600000000000001,3.6,279.0,34.0,320.627436,621.992371,10294.874728,940.0,164.0,14.855072463768115,0.0,0.0,0.0,0.0,67.19436990657921,48.0,73.56830484330484,76.3,74.73333333333333,82.56733409447696,76.3,86.77762637362638,75.08636363636364,96.0,fine
2026-01-01T12:04:25.207+00:00,552,replay,sample/replay,engine/SID807,decoded CSV,100%,2.0325198997091487,0.0,0.743,CLIMBING,↑,1703.0,16.777017,2,accelerating,62.0,,21.0,19.0,23.0,18.0,23.0,18.0,62.0,5.0,62.0,warming,1528.0,543.0,766.0,-223.0,1073.0,1039.0,34.0,985.0,39.0,42.0,44.54948717948718,49.701153846153844,1.6937660590802266,0.17271607114358387,pulling,33.4,25.0,645.0,606.0,-39.0,0.0,0.0,0.0,0.0,0.0,0.0,95.0,96.0,1.0,14.5,3.6,277.0,39.0,320.627436,621.992371,10294.874728,940.0,164.0,14.855072463768115,0.0,0.0,0.0,0.0,79.71617148678196,94.0,71.10391381766381,76.3,78.07666666666667,85.31190476190477,76.3,92.0,78.78,96.0,fine
2026-01-01T12:04:25.678+00:00,553,replay,sample/replay,engine/SID807,decoded CSV,100%,2.1231424482806274,0.0,0.743,CLIMBING,↑,1888.0,19.262501,2,accelerating,62.0,,21.0,19.0,24.0,18.0,24.0,18.0,62.0,6.0,62.0,warming,1667.0,682.0,835.0,-153.0,1138.0,1135.0,3.0,985.0,46.0,42.0,45.225641025641025,54.17647435897436,2.3590464349236764,0.2405557896859454,pulling,31.700000000000003,25.0,642.0,653.0,11.0,0.0,0.0,0.0,0.0,0.0,0.0,94.0,95.0,1.0,14.5,3.6,277.0,46.0,320.627436,621.992371,10294.874728,940.0,164.0,14.855072463768115,0.0,0.0,0.0,0.0,80.84171635857683,94.0,71.28625356125356,76.3,84.6,87.02121212121212,76.3,92.0,85.9590909090909,96.0,fine
2026-01-01T12:04:26.132+00:00,554,replay,sample/replay,engine/SID807,decoded CSV,100%,2.202643190313694,0.0,0.743,CLIMBING,↑,2069.0,21.126614,2,accelerating,62.0,,21.0,18.0,24.0,18.0,24.0,18.0,62.0,6.0,62.0,warming,1807.0,822.0,893.0,-71.0,1223.0,1216.0,7.0,985.0,57.0,42.0,45.687948717948714,57.809615384615384,1.8355354240572945,0.187172523140654,pulling,29.6,26.0,623.0,678.0,55.0,2.0,1.0,-1.0,0.0,0.0,0.0,91.0,93.0,2.0,14.5,3.6,277.0,57.0,320.627436,621.992371,10294.874728,940.0,164.0,14.855072463768115,0.0,0.0,0.0,0.0,82.30744757503479,94.0,71.56801638176637,76.3,93.0,87.98333333333332,76.3,92.0,90.0,96.0,fine
2026-01-01T12:04:26.613+00:00,555,replay,sample/replay,engine/SID807,decoded CSV,100%,2.0790023098351393,0.0,0.743,CLIMBING,↑,2233.0,22.369356,2,accelerating,62.0,,21.0,18.0,25.0,18.0,25.0,18.0,62.0,7.0,62.0,warming,1900.0,914.0,932.0,-18.0,1256.0,1262.0,-6.0,986.0,58.0,42.0,45.96153846153846,57.32403846153846,1.1550009259120668,0.11777731701570535,pulling,28.5,26.0,604.0,615.0,11.0,6.0,6.0,0.0,0.0,0.0,0.0,89.0,90.0,1.0,14.5,3.6,275.0,58.0,320.627436,621.992371,10294.874728,940.0,164.0,14.855072463768115,0.0,0.0,0.0,0.0,82.37004820115285,94.0,71.7474715099715,76.3,93.0,87.84047619047618,76.3,91.6,90.0,96.0,fine
2026-01-01T12:04:27.055+00:00,556,replay,sample/replay,engine/SID807,decoded CSV,100%,2.2624438880144475,0.0,0.743,CLIMBING,↑,2247.0,23.612098,N,clutch,62.0,,21.0,18.0,24.0,18.0,24.0,18.0,62.0,6.0,62.0,warming,1903.0,919.0,526.0,393.0,1273.0,1279.0,-6.0,984.0,57.0,0.0,26.8148717948718,54.3673717948718,1.256912882260337,0.12816944443416836,pulling,27.200000000000003,26.0,425.0,543.0,118.0,12.0,10.0,-2.0,0.0,0.0,0.0,88.0,88.0,0.0,14.5,3.6,274.0,57.0,320.627436,621.992371,10294.874728,940.0,164.0,14.855072463768115,0.0,0.0,0.0,0.0,65.70426356589147,48.0,78.0,76.3,56.083333333333336,81.10447409733123,76.3,91.45714285714286,61.92307692307692,96.0,fine
2026-01-01T12:04:27.556+00:00,557,replay,sample/replay,engine/SID807,decoded CSV,100%,1.9960073229219162,0.0,0.743,CLIMBING,↑,1879.0,24.233469,N,accelerating,62.0,,21.0,18.0,22.0,18.0,22.0,18.0,62.0,4.0,62.0,warming,1445.0,458.0,185.0,273.0,866.0,656.0,210.0,987.0,51.0,38.0,23.189999999999998,32.595,0.5544463070569874,0.056537788853174877,gaining,5.2,20.0,280.0,498.0,218.0,13.0,3.0,-10.0,0.0,0.0,0.0,77.0,78.0,1.0,14.5,3.6,273.0,51.0,320.627436,621.992371,10294.874728,940.0,164.0,14.855072463768115,0.0,0.0,0.0,0.0,62.150000000000006,48.0,78.0,76.3,34.25000000000001,76.74230545364999,76.3,92.0,42.78768290532996,96.0,fine
2026-01-01T12:04:28.001+00:00,558,replay,sample/replay,engine/SID807,decoded CSV,100%,2.247191348351027,0.0,0.743,CLIMBING,↑,1565.0,25.476211,3,accelerating,62.0,,21.0,18.0,22.0,18.0,22.0,18.0,62.0,4.0,62.0,warming,1407.0,421.0,638.0,-217.0,946.0,971.0,-25.0,986.0,30.0,39.0,40.99307692307692,44.57557692307692,1.2484392517355312,0.12730537459127544,pulling,31.0,26.0,593.0,583.0,-10.0,0.0,0.0,0.0,0.0,0.0,0.0,97.0,92.0,-5.0,14.5,3.6,272.0,30.0,320.627436,621.992371,10294.874728,940.0,164.0,14.855072463768115,0.0,0.0,0.0,0.0,80.50471203538065,94.0,73.59461894586894,76.3,77.58333333333333,85.23441558441559,76.3,92.0,78.45454545454545,96.0,fine
2026-01-01T12:04:28.446+00:00,559,replay,sample/replay,engine/SID807,decoded CSV,100%,2.247191348351027,0.0,0.743,CLIMBING,↑,1601.0,26.718953,3,accelerating,62.0,,21.0,18.0,23.0,18.0,23.0,18.0,62.0,5.0,62.0,warming,1469.0,484.0,623.0,-139.0,1029.0,1026.0,3.0,985.0,35.0,31.0,38.259743589743586,47.19891025641026,1.2484392517355312,0.12730537459127544,pulling,31.0,25.0,583.0,607.0,24.0,0.0,0.0,0.0,0.0,0.0,0.0,95.0,92.0,-3.0,14.5,3.6,271.0,35.0,320.627436,621.992371,10294.874728,940.0,164.0,14.855072463768115,0.0,0.0,0.0,0.0,82.53087482607833,94.0,76.36961894586894,76.3,84.08333333333333,86.92272727272729,76.3,92.0,85.54545454545455,96.0,fine
2026-01-01T12:04:28.914+00:00,560,replay,sample/replay,engine/SID807,decoded CSV,100%,2.1367513442880175,0.0,0.743,CLIMBING,↑,1659.0,27.340324,3,accelerating,62.0,,21.0,18.0,23.0,18.0,23.0,18.0,62.0,5.0,62.0,warming,1417.0,431.0,268.0,163.0,930.0,929.0,1.0,986.0,28.0,31.0,30.024615384615384,34.535448717948725,0.5935418564523426,0.06052442541054719,gaining,20.5,25.0,385.0,413.0,28.0,11.0,11.0,0.0,0.0,0.0,0.0,91.0,92.0,1.0,14.5,3.6,270.0,28.0,320.627436,621.992371,10294.874728,940.0,164.0,14.855072463768115,0.0,0.0,0.0,0.0,84.22174021069371,94.0,82.15009971509971,76.3,82.08333333333333,86.40324675324675,76.3,92.0,83.36363636363636,96.0,fine
2026-01-01T12:04:29.362+00:00,561,replay,sample/replay,engine/SID807,decoded CSV,100%,2.232143085221878,0.0,0.743,CLIMBING,↑,1694.0,27.961695,3,accelerating,62.0,,21.0,18.0,23.0,18.0,23.0,18.0,62.0,5.0,62.0,warming,1320.0,335.0,250.0,85.0,939.0,933.0,6.0,985.0,23.0,31.0,29.37128205128205,30.212115384615387,0.6200395540695497,0.06322643859723247,gaining,19.200000000000003,25.0,367.0,349.0,-18.0,14.0,15.0,1.0,0.0,0.0,0.0,91.0,91.0,0.0,14.5,3.6,269.0,23.0,320.627436,621.992371,10294.874728,940.0,164.0,14.855072463768115,0.0,0.0,0.0,0.0,85.48162393162394,94.0,82.72843304843305,76.3,88.58333333333333,87.98333333333332,76.3,92.0,90.0,96.0,fine
2026-01-01T12:04:29.875+00:00,562,replay,sample/replay,engine/SID807,decoded CSV,100%,1.9493176953057103,0.0,0.743,CLIMBING,↑,1727.0,28.583066,3,accelerating,62.0,,21.0,18.0,22.0,18.0,22.0,18.0,62.0,4.0,62.0,warming,1243.0,258.0,260.0,-2.0,937.0,938.0,-1.0,985.0,21.0,31.0,29.35076923076923,27.671602564102564,0.5414769700648885,0.05521528453293311,gaining,18.8,25.0,363.0,317.0,-46.0,12.0,14.0,2.0,0.0,0.0,0.0,93.0,91.0,-2.0,14.5,3.6,268.0,21.0,320.627436,621.992371,10294.874728,940.0,164.0,14.855072463768115,0.0,0.0,0.0,0.0,86.23907771814748,94.0,82.83868945868944,76.3,93.0,87.98333333333332,76.3,92.0,90.0,96.0,fine
2026-01-01T12:04:30.349+00:00,563,replay,sample/replay,engine/SID807,decoded CSV,100%,2.109704743222172,0.0,0.743,CLIMBING,↑,1740.0,29.204437,3,coasting,62.0,,21.0,18.0,22.0,18.0,22.0,18.0,62.0,4.0,62.0,warming,1200.0,215.0,153.0,62.0,836.0,834.0,2.0,985.0,21.0,4.0,16.025897435897434,23.725897435897437,0.5860289140361546,0.05975831849165155,gaining,13.700000000000001,24.0,291.0,300.0,9.0,17.0,15.0,-2.0,0.0,0.0,0.0,84.0,91.0,7.0,14.5,3.6,268.0,21.0,320.627436,621.992371,10294.874728,940.0,164.0,14.855072463768115,0.0,0.0,0.0,0.0,88.13966981106032,94.0,92.4870534583729,76.3,84.0,87.98333333333332,76.3,92.0,90.0,96.0,fine
2026-01-01T12:04:30.793+00:00,564,replay,sample/replay,engine/SID807,decoded CSV,100%,2.2522522232263724,0.0,0.743,CLIMBING,↑,1718.0,29.204437,3,coasting,62.0,,21.0,18.0,22.0,18.0,22.0,18.0,62.0,4.0,62.0,warming,1126.0,140.0,14.0,126.0,636.0,597.0,39.0,986.0,21.0,0.0,8.198205128205128,19.824038461538464,0.0,0.0,steady,5.1000000000000005,23.0,445.0,355.0,-90.0,0.0,1.0,1.0,0.0,0.0,0.0,100.0,94.0,-6.0,14.5,3.6,267.0,21.0,320.627436,621.992371,10294.874728,940.0,164.0,14.855072463768115,0.0,0.0,0.0,0.0,89.36511627906978,94.0,96.0,76.3,84.0,90.12619047619046,76.3,98.0,90.0,96.0,fine
2026-01-01T12:04:31.232+00:00,565,replay,sample/replay,engine/SID807,decoded CSV,100%,2.2779048921440785,0.0,0.743,CLIMBING,↑,1724.0,28.583066,3,braking,62.0,,21.0,18.0,23.0,18.0,23.0,18.0,62.0,5.0,62.0,warming,1139.0,154.0,15.0,139.0,590.0,571.0,19.0,985.0,28.0,0.0,6.381025641025641,21.079358974358975,-0.6327511631708262,-0.06452266198659341,easing,0.8,23.0,445.0,434.0,-11.0,0.0,0.0,0.0,0.0,0.0,0.0,100.0,100.0,0.0,14.5,3.6,266.0,28.0,320.627436,621.992371,10294.874728,940.0,164.0,14.855072463768115,0.0,0.0,0.0,0.0,89.32441860465117,94.0,96.0,76.3,83.75,87.89675324675324,76.3,92.0,89.63636363636364,96.0,fine
2026-01-01T12:04:31.864+00:00,566,replay,sample/replay,engine/SID807,decoded CSV,100%,1.582278557416629,0.0,0.743,CLIMBING,↑,1673.0,27.961695,3,braking,62.0,,21.0,18.0,23.0,18.0,23.0,18.0,62.0,5.0,62.0,warming,1152.0,166.0,14.0,152.0,579.0,579.0,0.0,986.0,28.0,0.0,6.116666666666667,20.653333333333332,-0.439521685527116,-0.04481873886873867,easing,0.0,23.0,442.0,432.0,-10.0,0.0,0.0,0.0,0.0,0.0,0.0,100.0,100.0,0.0,14.600000000000001,3.6,265.0,28.0,320.627436,621.992371,10294.874728,940.0,164.0,14.855072463768115,0.0,0.0,0.0,0.0,89.14806201550388,94.0,96.0,76.3,82.66666666666667,87.61536796536797,76.3,92.0,88.45454545454545,96.0,fine
2026-01-01T12:04:32.323+00:00,567,replay,sample/replay,engine/SID807,decoded CSV,100%,2.1786487123841543,0.0,0.743,CLIMBING,↑,1603.0,26.718953,3,braking,63.0,,21.0,18.0,23.0,18.0,23.0,18.0,63.0,5.0,63.0,warming,1150.0,165.0,15.0,150.0,567.0,565.0,2.0,985.0,27.0,0.0,6.033333333333333,20.06083333333333,-1.2103600213125165,-0.1234223737272684,braking/down,0.0,23.0,437.0,425.0,-12.0,0.0,0.0,0.0,0.0,0.0,0.0,100.0,100.0,0.0,14.700000000000001,3.6,264.0,27.0,320.627436,621.992371,10294.874728,940.0,164.0,14.855072463768115,0.0,0.0,0.0,0.0,89.36356589147289,94.0,96.0,77.2,82.83333333333333,87.89437229437229,77.2,92.0,88.63636363636364,96.0,fine
2026-01-01T12:04:32.796+00:00,568,replay,sample/replay,engine/SID807,decoded CSV,100%,2.1141646832057566,0.0,0.743,CLIMBING,↑,1151.0,25.476211,N,braking,63.0,,21.0,18.0,23.0,18.0,23.0,18.0,63.0,5.0,63.0,warming,1141.0,156.0,15.0,141.0,538.0,520.0,18.0,985.0,22.0,0.0,5.7333333333333325,18.248333333333335,-1.1745355717410797,-0.11976929652236797,braking/down,0.0,23.0,413.0,426.0,13.0,0.0,0.0,0.0,0.0,0.0,0.0,96.0,100.0,4.0,14.600000000000001,3.6,263.0,22.0,320.627436,621.992371,10294.874728,940.0,164.0,14.855072463768115,9.680000000000007,-33.51999999999998,14.560000000000002,9.279999999999973,77.0670542635659,72.0,78.0,77.2,83.58333333333333,88.08917748917749,77.2,92.0,89.45454545454545,96.0,fine
2026-01-01T12:04:33.283+00:00,569,replay,sample/replay,engine/SID807,decoded CSV,100%,2.053388138601976,0.0,0.743,CLIMBING,↑,823.0,22.990727,N,braking,63.0,,21.0,18.0,23.0,18.0,23.0,18.0,63.0,5.0,63.0,warming,1097.0,112.0,15.0,97.0,479.0,365.0,114.0,985.0,14.0,0.0,4.25,14.565833333333332,-2.2815416703699634,-0.2326525031860996,braking/down,0.0,20.0,377.0,387.0,10.0,0.0,0.0,0.0,0.0,0.0,0.0,85.0,91.0,6.0,14.600000000000001,3.6,262.0,14.0,320.627436,621.992371,10294.874728,940.0,164.0,14.855072463768115,9.680000000000007,-33.51999999999998,14.560000000000002,9.279999999999973,76.54476744186046,72.0,78.0,77.2,80.375,87.33669467787117,77.2,92.0,86.29411764705883,96.0,fine
2026-01-01T12:04:33.737+00:00,570,replay,sample/replay,engine/SID807,decoded CSV,100%,2.202643190313694,0.0,0.743,CLIMBING,↑,784.0,20.505243,N,braking,63.0,,21.0,18.0,23.0,18.0,23.0,18.0,63.0,5.0,63.0,warming,1045.0,59.0,14.0,45.0,372.0,305.0,67.0,986.0,9.0,0.0,5.524615384615384,10.114615384615384,-2.4473805654097265,-0.24956336418753872,braking/down,3.6,22.0,208.0,276.0,68.0,19.0,17.0,-2.0,0.0,0.0,0.0,77.0,82.0,5.0,14.600000000000001,3.6,262.0,9.0,320.627436,621.992371,10294.874728,940.0,164.0,14.855072463768115,6.319999999999993,-21.910000000000025,9.509999999999991,6.060000000000002,77.13488372093023,72.0,78.0,77.2,84.0,88.21904761904761,77.2,92.0,90.0,96.0,fine
2026-01-01T12:04:34.220+00:00,571,replay,sample/replay,engine/SID807,decoded CSV,100%,2.070393203047216,0.0,0.743,CLIMBING,↑,780.0,19.262501,N,braking,63.0,,21.0,18.0,22.0,18.0,22.0,18.0,63.0,4.0,63.0,warming,1016.0,30.0,14.0,16.0,290.0,312.0,-22.0,986.0,7.0,0.0,5.9135897435897435,8.189423076923077,-1.1502180902873602,-0.11728960351265318,braking/down,4.1000000000000005,23.0,210.0,247.0,37.0,25.0,25.0,0.0,0.0,0.0,0.0,77.0,78.0,1.0,14.600000000000001,3.6,262.0,7.0,320.627436,621.992371,10294.874728,940.0,164.0,14.855072463768115,5.839999999999975,-20.24000000000001,8.79000000000002,5.600000000000023,77.13488372093023,72.0,78.0,77.2,84.0,88.21904761904761,77.2,92.0,90.0,96.0,fine
2026-01-01T12:04:34.692+00:00,572,replay,sample/replay,engine/SID807,decoded CSV,100%,2.118644590043698,0.0,0.743,CLIMBING,↑,768.0,16.777017,N,braking,63.0,,21.0,18.0,22.0,18.0,22.0,18.0,63.0,4.0,63.0,warming,1002.0,16.0,14.0,2.0,304.0,310.0,-6.0,986.0,6.0,0.0,5.823333333333333,7.0725,-2.354048816206566,-0.24004617440273346,braking/down,3.9000000000000004,23.0,208.0,223.0,15.0,29.0,29.0,0.0,0.0,0.0,0.0,77.0,78.0,1.0,14.600000000000001,3.6,261.0,6.0,320.627436,621.992371,10294.874728,940.0,164.0,14.855072463768115,6.029999999999973,-20.910000000000025,9.079999999999984,5.779999999999973,77.13488372093023,72.0,78.0,77.2,84.0,88.21904761904761,77.2,92.0,90.0,96.0,fine
2026-01-01T12:04:35.146+00:00,573,replay,sample/replay,engine/SID807,decoded CSV,100%,2.202643190313694,0.0,0.743,CLIMBING,↑,769.0,14.291533,N,braking,63.0,,21.0,18.0,22.0,18.0,22.0,18.0,63.0,4.0,63.0,warming,994.0,8.0,14.0,-6.0,311.0,310.0,1.0,986.0,5.0,0.0,5.823333333333333,6.723333333333334,-2.4473805654097283,-0.2495633641875389,braking/down,3.9000000000000004,23.0,209.0,216.0,7.0,32.0,32.0,0.0,0.0,0.0,0.0,77.0,78.0,1.0,14.5,3.6,260.0,5.0,320.627436,621.992371,10294.874728,940.0,164.0,14.855072463768115,6.029999999999973,-20.910000000000025,9.079999999999984,5.779999999999973,77.13488372093023,72.0,78.0,77.2,84.0,88.21904761904761,77.2,92.0,90.0,96.0,fine
2026-01-01T12:04:35.592+00:00,574,replay,sample/replay,engine/SID807,decoded CSV,100%,2.242151967754696,0.0,0.743,CLIMBING,↑,769.0,11.184678,N,braking,63.0,,21.0,18.0,23.0,18.0,23.0,18.0,63.0,5.0,63.0,warming,990.0,4.0,14.0,-10.0,308.0,310.0,-2.0,986.0,5.0,0.0,5.823333333333333,6.261666666666666,-3.1140989917870674,-0.3175497230743493,braking/down,3.9000000000000004,23.0,209.0,206.0,-3.0,32.0,34.0,2.0,0.0,0.0,0.0,77.0,77.0,0.0,14.600000000000001,3.6,259.0,5.0,320.627436,621.992371,10294.874728,940.0,164.0,14.855072463768115,6.029999999999973,-20.910000000000025,9.079999999999984,5.779999999999973,77.13488372093023,72.0,78.0,77.2,84.0,88.21904761904761,77.2,92.0,90.0,96.0,fine
2026-01-01T12:04:36.072+00:00,575,replay,sample/replay,engine/SID807,decoded CSV,100%,2.083333250549108,0.0,0.743,CLIMBING,↑,766.0,8.699194,N,braking,63.0,,21.0,18.0,23.0,18.0,23.0,18.0,63.0,5.0,63.0,warming,987.0,1.0,14.0,-13.0,304.0,309.0,-5.0,986.0,5.0,0.0,5.816666666666666,6.11,-2.3148140066842218,-0.23604533726442994,braking/down,3.9000000000000004,23.0,208.0,204.0,-4.0,31.0,34.0,3.0,0.0,0.0,0.0,77.0,77.0,0.0,14.600000000000001,3.6,259.0,5.0,320.627436,621.992371,10294.874728,940.0,164.0,14.855072463768115,6.029999999999973,-20.910000000000025,9.079999999999984,5.779999999999973,77.13488372093023,72.0,78.0,77.2,84.0,88.21904761904761,77.2,92.0,90.0,96.0,fine
2026-01-01T12:04:36.518+00:00,576,replay,sample/replay,engine/SID807,decoded CSV,100%,2.2421531663440533,0.0,0.743,CLIMBING,↑,769.0,5.592339,N,braking,63.0,,21.0,18.0,23.0,18.0,23.0,18.0,63.0,5.0,63.0,warming,985.0,0.0,15.0,-15.0,309.0,311.0,-2.0,985.0,5.0,0.0,5.878461538461539,6.2401282051282045,-3.1141006564939935,-0.3175498928272135,braking/down,4.0,23.0,209.0,206.0,-3.0,31.0,32.0,1.0,0.0,0.0,0.0,77.0,77.0,0.0,14.600000000000001,3.6,259.0,5.0,320.627436,621.992371,10294.874728,940.0,164.0,14.855072463768115,5.939999999999998,-20.579999999999984,8.930000000000007,5.689999999999998,77.13488372093023,72.0,78.0,77.2,84.0,88.21904761904761,77.2,92.0,90.0,96.0,fine
2026-01-01T12:04:36.986+00:00,577,replay,sample/replay,engine/SID807,decoded CSV,100%,2.1367524328377825,0.0,0.743,CLIMBING,↑,767.0,3.7282260000000003,N,braking,63.0,,21.0,18.0,23.0,18.0,23.0,18.0,63.0,5.0,63.0,warming,984.0,-2.0,14.0,-16.0,308.0,310.0,-2.0,986.0,5.0,0.0,5.823333333333333,5.97,-1.7806264764815511,-0.18157336873259994,braking/down,3.9000000000000004,23.0,209.0,200.0,-9.0,29.0,30.0,1.0,0.0,0.0,0.0,77.0,77.0,0.0,14.5,3.6,258.0,5.0,320.627436,621.992371,10294.874728,940.0,164.0,14.855072463768115,6.029999999999973,-20.910000000000025,9.079999999999984,5.779999999999973,77.13488372093023,72.0,78.0,77.2,84.0,88.21904761904761,77.2,92.0,90.0,96.0,fine
2026-01-01T12:04:37.476+00:00,578,replay,sample/replay,engine/SID807,decoded CSV,100%,2.040816286810733,0.0,0.743,CLIMBING,↑,770.0,3.7282260000000003,1,clutch,63.0,,21.0,18.0,23.0,18.0,23.0,18.0,63.0,5.0,63.0,warming,984.0,-2.0,51.0,-53.0,313.0,310.0,3.0,986.0,5.0,30.0,16.69333333333333,6.2283333333333335,0.0,0.0,steady,3.9000000000000004,23.0,353.0,206.0,-147.0,15.0,23.0,8.0,0.0,0.0,0.0,81.0,77.0,-4.0,14.5,3.6,258.0,5.0,320.627436,621.992371,10294.874728,940.0,164.0,14.855072463768115,6.029999999999973,-20.910000000000025,9.079999999999984,5.779999999999973,77.51643697961528,57.75,90.61045267489712,77.2,83.75,86.71721611721613,77.2,92.0,83.6923076923077,96.0,fine
2026-01-01T12:04:37.962+00:00,579,replay,sample/replay,engine/SID807,decoded CSV,100%,2.0576129103153797,0.0,0.743,CLIMBING,↑,866.0,3.7282260000000003,1,clutch,63.0,,21.0,19.0,23.0,18.0,23.0,18.0,63.0,5.0,63.0,warming,980.0,-5.0,157.0,-162.0,318.0,324.0,-6.0,985.0,10.0,43.0,23.01205128205128,12.084551282051283,0.0,0.0,steady,5.5,23.0,404.0,339.0,-65.0,0.0,0.0,0.0,0.0,0.0,0.0,93.0,86.0,-7.0,14.600000000000001,3.6,257.0,10.0,320.627436,621.992371,10294.874728,940.0,164.0,14.855072463768115,4.5,-15.589999999999975,6.769999999999982,4.310000000000002,74.4171971278076,54.375,86.29263176638176,77.2,79.75,86.66060606060606,77.2,92.0,83.45454545454545,96.0,fine
2026-01-01T12:04:38.441+00:00,580,replay,sample/replay,engine/SID807,decoded CSV,100%,2.087682273208725,0.0,0.743,CLIMBING,↑,1089.0,3.7282260000000003,N,clutch,63.0,,21.0,19.0,23.0,18.0,23.0,18.0,63.0,5.0,63.0,warming,982.0,-4.0,14.0,-18.0,394.0,425.0,-31.0,986.0,12.0,0.0,8.62076923076923,15.199935897435898,0.0,0.0,steady,8.4,25.0,397.0,359.0,-38.0,0.0,0.0,0.0,0.0,0.0,0.0,85.0,88.0,3.0,14.5,3.6,256.0,12.0,320.627436,621.992371,10294.874728,940.0,164.0,14.855072463768115,1.5199999999999818,-5.279999999999973,2.2900000000000205,1.4599999999999795,77.13488372093023,72.0,78.0,77.2,84.0,88.21904761904761,77.2,92.0,90.0,96.0,fine
2026-01-01T12:04:38.892+00:00,581,replay,sample/replay,engine/SID807,decoded CSV,100%,2.2172950221264083,0.0,0.743,CLIMBING,↑,830.0,3.106855,N,braking,64.0,,21.0,19.0,23.0,18.0,23.0,18.0,64.0,5.0,64.0,warming,997.0,12.0,15.0,-3.0,420.0,363.0,57.0,985.0,11.0,0.0,4.536666666666666,11.929166666666665,-0.6159150933745958,-0.062805860653189,easing,0.0,22.0,278.0,371.0,93.0,0.0,0.0,0.0,0.0,0.0,0.0,83.0,87.0,4.0,14.600000000000001,3.6,256.0,11.0,320.627436,621.992371,10294.874728,940.0,164.0,14.855072463768115,9.680000000000007,-33.51999999999998,14.560000000000002,9.279999999999973,77.32325581395348,72.0,78.0,78.1,84.0,88.4547619047619,78.1,92.0,90.0,96.0,fine
2026-01-01T12:04:39.331+00:00,582,replay,sample/replay,engine/SID807,decoded CSV,100%,2.2779048921440785,0.0,0.743,CLIMBING,↑,788.0,1.8641130000000001,N,braking,64.0,,21.0,19.0,23.0,18.0,23.0,18.0,64.0,5.0,64.0,warming,1001.0,16.0,15.0,1.0,322.0,309.0,13.0,985.0,7.0,0.0,5.865128205128205,8.168461538461537,-1.2655023263416525,-0.12904532397318683,braking/down,4.0,23.0,211.0,248.0,37.0,15.0,15.0,0.0,0.0,0.0,0.0,76.0,81.0,5.0,14.5,3.6,256.0,7.0,320.627436,621.992371,10294.874728,940.0,164.0,14.855072463768115,5.649999999999977,-19.579999999999984,8.5,5.420000000000016,81.64883720930233,65.0,96.0,78.1,84.0,88.4547619047619,78.1,92.0,90.0,96.0,fine
2026-01-01T12:04:39.803+00:00,583,replay,sample/replay,engine/SID807,decoded CSV,100%,2.1186435198655156,0.0,0.743,CLIMBING,↑,780.0,0.621371,N,idle,64.0,,21.0,19.0,23.0,18.0,23.0,18.0,64.0,5.0,64.0,warming,994.0,8.0,14.0,-6.0,308.0,312.0,-4.0,986.0,6.0,0.0,5.9135897435897435,7.56775641025641,-1.1770238135600326,-0.12002302657482755,braking/down,4.1000000000000005,23.0,210.0,237.0,27.0,17.0,16.0,-1.0,0.0,0.0,0.0,76.0,78.0,2.0,14.600000000000001,3.6,255.0,6.0,320.627436,621.992371,10294.874728,940.0,164.0,14.855072463768115,5.839999999999975,-20.24000000000001,8.79000000000002,5.600000000000023,68.39302325581394,60.0,62.0,78.1,84.0,88.4547619047619,78.1,92.0,90.0,96.0,fine
2026-01-01T12:04:40.271+00:00,584,replay,sample/replay,engine/SID807,decoded CSV,100%,2.1367524328377825,0.0,0.743,CLIMBING,↑,772.0,0.0,N,idle,64.0,,21.0,19.0,23.0,18.0,23.0,18.0,64.0,5.0,64.0,warming,990.0,4.0,14.0,-10.0,314.0,313.0,1.0,986.0,6.0,0.0,5.727948717948717,7.23628205128205,-0.5935421588271839,-0.0605244562442,easing,3.6,23.0,207.0,234.0,27.0,19.0,19.0,0.0,0.0,0.0,0.0,76.0,75.0,-1.0,14.5,3.6,255.0,6.0,320.627436,621.992371,10294.874728,940.0,164.0,14.855072463768115,6.029999999999973,-20.910000000000025,9.079999999999984,5.779999999999973,68.39302325581394,60.0,62.0,78.1,84.0,88.4547619047619,78.1,92.0,90.0,96.0,fine
2026-01-01T12:04:40.721+00:00,585,replay,sample/replay,engine/SID807,decoded CSV,100%,2.2222219867471074,0.0,0.743,CLIMBING,↑,769.0,0.0,N,idle,64.0,,21.0,19.0,23.0,18.0,23.0,18.0,64.0,5.0,64.0,warming,987.0,1.0,14.0,-13.0,308.0,311.0,-3.0,986.0,6.0,0.0,5.714615384615384,6.6212820512820505,0.0,0.0,steady,3.6,23.0,207.0,220.0,13.0,20.0,21.0,1.0,0.0,0.0,0.0,76.0,75.0,-1.0,14.5,3.6,254.0,6.0,320.627436,621.992371,10294.874728,940.0,164.0,14.855072463768115,6.029999999999973,-20.910000000000025,9.079999999999984,5.779999999999973,68.39302325581394,60.0,62.0,78.1,84.0,88.4547619047619,78.1,92.0,90.0,96.0,fine
2026-01-01T12:04:41.212+00:00,586,replay,sample/replay,engine/SID807,decoded CSV,100%,2.0366601388849097,0.0,0.743,CLIMBING,↑,765.0,0.0,N,idle,64.0,,21.0,19.0,23.0,18.0,23.0,18.0,64.0,5.0,64.0,warming,986.0,0.0,14.0,-14.0,314.0,311.0,3.0,986.0,5.0,0.0,5.791538461538461,6.646538461538461,0.0,0.0,steady,3.8000000000000003,23.0,205.0,218.0,13.0,22.0,22.0,0.0,0.0,0.0,0.0,76.0,75.0,-1.0,14.600000000000001,3.6,253.0,5.0,320.627436,621.992371,10294.874728,940.0,164.0,14.855072463768115,9.519999999999982,-33.68000000000001,14.399999999999977,9.759999999999991,68.39302325581394,60.0,62.0,78.1,84.0,88.4547619047619,78.1,92.0,90.0,96.0,fine
2026-01-01T12:04:41.800+00:00,587,replay,sample/replay,engine/SID807,decoded CSV,100%,1.700680101092711,0.0,0.743,CLIMBING,↑,1382.0,0.0,N,idle,64.0,,21.0,19.0,23.0,18.0,23.0,18.0,64.0,5.0,64.0,warming,980.0,-6.0,331.0,-337.0,355.0,369.0,-14.0,986.0,10.0,29.0,23.109743589743584,11.496410256410256,0.0,0.0,steady,12.8,24.0,421.0,196.0,-225.0,0.0,10.0,10.0,0.0,0.0,0.0,94.0,87.0,-7.0,14.5,3.6,253.0,10.0,320.627436,621.992371,10294.874728,940.0,164.0,14.855072463768115,0.0,0.0,0.0,0.0,58.03815623136554,41.95061538461539,62.0,78.1,51.33333333333333,80.04198420626992,78.1,92.0,54.66633366633367,96.0,fine
2026-01-01T12:04:42.264+00:00,588,replay,sample/replay,engine/SID807,decoded CSV,100%,2.15517247580745,0.0,0.743,CLIMBING,↑,1652.0,1.242742,N,accelerating,64.0,,21.0,19.0,23.0,18.0,23.0,18.0,64.0,5.0,64.0,warming,1011.0,25.0,634.0,-609.0,745.0,731.0,14.0,986.0,21.0,31.0,34.01846153846154,28.09096153846154,1.1973176716937837,0.12209242419111356,pulling,24.8,25.0,586.0,411.0,-175.0,0.0,0.0,0.0,0.0,0.0,0.0,100.0,92.0,-8.0,14.5,3.6,253.0,21.0,320.627436,621.992371,10294.874728,940.0,164.0,14.855072463768115,0.0,0.0,0.0,0.0,70.42056549393759,65.0,79.54984330484331,78.1,50.276666666666664,80.93058608058608,78.1,92.0,58.39846153846154,96.0,fine
2026-01-01T12:04:42.753+00:00,589,replay,sample/replay,engine/SID807,decoded CSV,100%,2.0449894320616866,0.0,0.748,CLIMBING,↑,1404.0,4.349597,N,accelerating,64.0,,21.0,19.0,24.0,18.0,24.0,18.0,64.0,6.0,64.0,warming,1183.0,198.0,810.0,-612.0,1071.0,1031.0,40.0,985.0,26.0,33.0,40.174615384615386,37.24211538461538,2.840262221376439,0.2896261436246261,pulling,29.6,24.0,676.0,493.0,-183.0,0.0,0.0,0.0,0.0,0.0,0.0,100.0,95.0,-5.0,14.5,3.6,252.0,26.0,320.627436,621.992371,10294.874728,940.0,164.0,14.855072463768115,0.0,0.0,0.0,0.0,64.36343594712781,48.0,75.67718304843305,78.1,50.51,76.75640031397172,78.1,80.12253626373627,58.683076923076925,96.0,fine
2026-01-01T12:04:43.223+00:00,590,replay,sample/replay,engine/SID807,decoded CSV,100%,2.127659444951436,0.0,0.748,CLIMBING,↑,1466.0,7.4564520000000005,1,lugging,64.0,,21.0,19.0,25.0,18.0,25.0,18.0,64.0,7.0,64.0,warming,1299.0,313.0,687.0,-374.0,893.0,898.0,-5.0,986.0,24.0,37.0,40.5348717948718,38.580705128205125,2.955081648200928,0.30133446673440245,pulling,32.4,24.0,601.0,475.0,-126.0,0.0,0.0,0.0,0.0,0.0,0.0,100.0,100.0,0.0,14.5,3.6,251.0,24.0,320.627436,621.992371,10294.874728,940.0,164.0,14.855072463768115,0.0,0.0,0.0,0.0,68.9361722321606,62.0,73.99080484330484,78.1,58.21333333333333,66.86373626373626,78.1,50.0,62.31769230769231,96.0,lugging
2026-01-01T12:04:43.670+00:00,591,replay,sample/replay,engine/SID807,decoded CSV,100%,2.2371375249152865,0.0,0.748,CLIMBING,↑,1916.0,9.941936,1,accelerating,64.0,,21.0,19.0,24.0,18.0,24.0,18.0,64.0,6.0,64.0,warming,1378.0,392.0,983.0,-591.0,1064.0,1057.0,7.0,986.0,33.0,37.0,43.23948717948718,43.84698717948718,2.485707591998475,0.253471633228317,pulling,28.200000000000003,26.0,753.0,553.0,-200.0,0.0,0.0,0.0,0.0,0.0,0.0,100.0,100.0,0.0,14.5,3.6,251.0,33.0,320.627436,621.992371,10294.874728,940.0,164.0,14.855072463768115,0.0,0.0,0.0,0.0,76.47083233949515,94.0,73.88683048433047,78.1,49.86333333333333,80.87032967032967,78.1,92.0,58.145384615384614,96.0,fine
2026-01-01T12:04:44.128+00:00,592,replay,sample/replay,engine/SID807,decoded CSV,100%,2.1834052406256768,0.0,0.748,CLIMBING,↑,2121.0,11.806049,1,accelerating,64.0,,21.0,19.0,25.0,18.0,25.0,18.0,64.0,7.0,64.0,warming,1626.0,641.0,532.0,109.0,1202.0,1186.0,16.0,985.0,51.0,12.0,28.766410256410257,50.039743589743594,1.8195038042770804,0.1855377528796358,pulling,23.200000000000003,25.0,437.0,616.0,179.0,4.0,2.0,-2.0,0.0,0.0,0.0,89.0,92.0,3.0,14.3,3.6,250.0,51.0,320.627436,621.992371,10294.874728,940.0,164.0,14.855072463768115,0.0,0.0,0.0,0.0,84.69502211290002,94.0,85.88795227920227,78.1,74.66666666666666,85.95559440559441,78.1,92.0,79.50349650349649,96.0,fine
2026-01-01T12:04:44.583+00:00,593,replay,sample/replay,engine/SID807,decoded CSV,100%,2.197802566327536,0.0,0.748,CLIMBING,↑,2222.0,11.806049,1,coasting,64.0,,21.0,19.0,25.0,18.0,25.0,18.0,64.0,7.0,64.0,warming,1380.0,394.0,23.0,371.0,694.0,687.0,7.0,986.0,41.0,0.0,8.76897435897436,25.92980769230769,0.0,0.0,steady,4.4,24.0,481.0,357.0,-124.0,0.0,23.0,23.0,0.0,0.0,0.0,89.0,79.0,-10.0,14.5,3.6,250.0,41.0,320.627436,621.992371,10294.874728,940.0,164.0,14.855072463768115,0.0,0.0,0.0,0.0,86.03615725359911,93.21428571428571,96.0,78.1,62.583333333333336,85.00404595404596,78.1,98.0,66.50699300699301,96.0,fine
2026-01-01T12:04:45.050+00:00,594,replay,sample/replay,engine/SID807,decoded CSV,100%,2.1413275881433984,0.0,0.748,CLIMBING,↑,2181.0,11.806049,1,coasting,64.0,,21.0,19.0,23.0,18.0,23.0,18.0,64.0,5.0,64.0,warming,1260.0,274.0,23.0,251.0,639.0,630.0,9.0,986.0,41.0,0.0,7.619743589743591,26.219743589743587,0.0,0.0,steady,2.4000000000000004,24.0,481.0,452.0,-29.0,0.0,0.0,0.0,0.0,0.0,0.0,89.0,87.0,-2.0,14.5,3.6,249.0,41.0,320.627436,621.992371,10294.874728,940.0,164.0,14.855072463768115,0.0,0.0,0.0,0.0,88.18178294573646,94.0,96.0,78.1,74.41666666666667,88.08679653679654,78.1,98.0,79.45454545454545,96.0,fine
2026-01-01T12:04:45.493+00:00,595,replay,sample/replay,engine/SID807,decoded CSV,100%,2.257335944635233,0.0,0.748,CLIMBING,↑,1865.0,11.184678,N,braking,64.0,,21.0,19.0,24.0,18.0,24.0,18.0,64.0,6.0,64.0,warming,1225.0,239.0,15.0,224.0,664.0,659.0,5.0,986.0,38.0,0.0,6.8100000000000005,24.426666666666666,-0.627037568408241,-0.06394003746521401,easing,0.0,24.0,472.0,468.0,-4.0,0.0,0.0,0.0,0.0,0.0,0.0,99.0,92.0,-7.0,14.5,3.6,249.0,38.0,320.627436,621.992371,10294.874728,940.0,164.0,14.855072463768115,0.0,0.0,0.0,0.0,76.12945736434108,72.0,78.0,78.1,76.66666666666667,86.52835497835497,78.1,92.0,81.9090909090909,96.0,fine
2026-01-01T12:04:45.945+00:00,596,replay,sample/replay,engine/SID807,decoded CSV,100%,2.2123898566587106,0.0,0.748,CLIMBING,↑,1379.0,9.941936,N,braking,64.0,,21.0,19.0,24.0,19.0,24.0,19.0,64.0,5.0,64.0,warming,1199.0,213.0,14.0,199.0,618.0,583.0,35.0,986.0,28.0,0.0,6.1433333333333335,21.541666666666664,-1.2291050956657699,-0.1253338393504173,braking/down,0.0,23.0,430.0,454.0,24.0,0.0,0.0,0.0,0.0,0.0,0.0,100.0,100.0,0.0,14.5,3.6,248.0,28.0,320.627436,621.992371,10294.874728,940.0,164.0,14.855072463768115,0.0,0.0,0.0,0.0,76.46860465116278,72.0,78.0,78.1,78.75,87.06948051948054,78.1,92.0,84.18181818181819,96.0,fine
2026-01-01T12:04:46.367+00:00,597,replay,sample/replay,engine/SID807,decoded CSV,100%,2.3696686320195073,0.0,0.748,CLIMBING,↑,998.0,6.835081,N,braking,64.0,,21.0,19.0,24.0,19.0,24.0,19.0,64.0,5.0,64.0,warming,1150.0,164.0,14.0,150.0,551.0,452.0,99.0,986.0,20.0,0.0,4.970000000000001,16.758333333333333,-3.2912054151401455,-0.335609552205916,braking/down,0.0,21.0,398.0,394.0,-4.0,0.0,0.0,0.0,0.0,0.0,0.0,85.0,93.0,8.0,14.5,3.6,248.0,20.0,320.627436,621.992371,10294.874728,940.0,164.0,14.855072463768115,11.480000000000018,-34.68000000000001,12.839999999999975,10.360000000000014,76.84844961240309,72.0,78.0,78.1,81.08333333333333,87.667901706137,78.1,92.0,86.69518716577541,96.0,fine
2026-01-01T12:04:46.815+00:00,598,replay,sample/replay,engine/SID807,decoded CSV,100%,2.232143085221878,0.0,0.748,CLIMBING,↑,814.0,5.592339,N,braking,64.0,,21.0,19.0,23.0,18.0,23.0,18.0,64.0,5.0,64.0,warming,1082.0,97.0,15.0,82.0,487.0,294.0,193.0,985.0,12.0,0.0,5.661282051282052,15.361282051282053,-1.2400791081390994,-0.12645287719446494,braking/down,4.9,20.0,214.0,364.0,150.0,5.0,2.0,-3.0,0.0,0.0,0.0,76.0,85.0,9.0,14.3,3.6,248.0,12.0,320.627436,621.992371,10294.874728,940.0,164.0,14.855072463768115,6.019999999999982,-18.189999999999998,6.730000000000018,5.430000000000007,74.47441860465115,72.0,78.0,78.1,66.5,84.39798534798534,78.1,92.0,72.96153846153847,96.0,fine
2026-01-01T12:04:47.271+00:00,599,replay,sample/replay,engine/SID807,decoded CSV,100%,2.1929820250203518,0.0,0.748,CLIMBING,↑,775.0,4.349597,N,braking,64.0,,21.0,19.0,23.0,18.0,23.0,18.0,64.0,5.0,64.0,warming,1032.0,47.0,15.0,32.0,353.0,311.0,42.0,985.0,8.0,0.0,5.763076923076923,8.963910256410257,-1.2183229703135248,-0.12423436854721284,braking/down,3.7,23.0,206.0,253.0,47.0,20.0,19.0,-1.0,0.0,0.0,0.0,76.0,81.0,5.0,14.600000000000001,3.6,248.0,8.0,320.627436,621.992371,10294.874728,940.0,164.0,14.855072463768115,7.3799999999999955,-22.319999999999993,8.259999999999991,6.660000000000025,77.32325581395348,72.0,78.0,78.1,84.0,88.4547619047619,78.1,92.0,90.0,96.0,fine
2026-01-01T12:04:47.753+00:00,600,replay,sample/replay,engine/SID807,decoded CSV,100%,2.074688312298587,0.0,0.748,CLIMBING,↑,776.0,3.106855,N,braking,64.0,,21.0,19.0,23.0,19.0,23.0,19.0,64.0,4.0,64.0,warming,1013.0,27.0,14.0,13.0,299.0,314.0,-15.0,986.0,7.0,0.0,5.926923076923076,7.861923076923077,-1.1526042613554535,-0.11753292524516053,braking/down,4.1000000000000005,23.0,207.0,238.0,31.0,26.0,25.0,-1.0,0.0,0.0,0.0,76.0,78.0,2.0,14.5,3.6,247.0,7.0,320.627436,621.992371,10294.874728,940.0,164.0,14.855072463768115,6.930000000000007,-20.939999999999998,7.75,6.25,77.32325581395348,72.0,78.0,78.1,84.0,88.4547619047619,78.1,92.0,90.0,96.0,fine
2026-01-01T12:04:48.255+00:00,601,replay,sample/replay,engine/SID807,decoded CSV,100%,1.992032447733123,0.0,0.748,CLIMBING,↑,766.0,1.242742,N,braking,65.0,,21.0,19.0,23.0,19.0,23.0,19.0,65.0,4.0,65.0,warming,997.0,11.0,14.0,-3.0,311.0,311.0,0.0,986.0,6.0,0.0,5.7530769230769225,6.433910256410257,-1.6600265262050768,-0.16927559627447467,braking/down,3.7,23.0,206.0,209.0,3.0,30.0,30.0,0.0,0.0,0.0,0.0,76.0,77.0,1.0,14.600000000000001,3.6,247.0,6.0,320.627436,621.992371,10294.874728,940.0,164.0,14.855072463768115,7.3799999999999955,-22.319999999999993,8.259999999999991,6.660000000000025,81.83720930232559,65.0,96.0,79.0,84.0,88.69047619047619,79.0,92.0,90.0,96.0,fine
2026-01-01T12:04:48.759+00:00,602,replay,sample/replay,engine/SID807,decoded CSV,100%,1.984127186863892,0.0,0.748,CLIMBING,↑,765.0,0.0,N,idle,65.0,,21.0,19.0,23.0,18.0,23.0,18.0,65.0,5.0,65.0,warming,992.0,7.0,15.0,-8.0,311.0,310.0,1.0,985.0,5.0,0.0,5.756410256410256,6.10474358974359,-1.1022925405680886,-0.11240255750619106,braking/down,3.7,23.0,206.0,202.0,-4.0,32.0,32.0,0.0,0.0,0.0,0.0,76.0,77.0,1.0,14.600000000000001,3.6,247.0,5.0,320.627436,621.992371,10294.874728,940.0,164.0,14.855072463768115,7.3799999999999955,-22.319999999999993,8.259999999999991,6.660000000000025,68.58139534883722,60.0,62.0,79.0,84.0,88.69047619047619,79.0,92.0,90.0,96.0,fine
2026-01-01T12:04:49.223+00:00,603,replay,sample/replay,engine/SID807,decoded CSV,100%,2.155171368408937,0.0,0.748,CLIMBING,↑,767.0,0.0,N,idle,65.0,,21.0,19.0,23.0,18.0,23.0,18.0,65.0,5.0,65.0,warming,988.0,2.0,14.0,-12.0,308.0,311.0,-3.0,986.0,5.0,0.0,5.676153846153846,5.774487179487179,0.0,0.0,steady,3.5,23.0,205.0,198.0,-7.0,33.0,33.0,0.0,0.0,0.0,0.0,76.0,77.0,1.0,14.5,3.6,247.0,5.0,320.627436,621.992371,10294.874728,940.0,164.0,14.855072463768115,7.269999999999982,-21.980000000000018,8.129999999999995,6.560000000000002,68.58139534883722,60.0,62.0,79.0,84.0,88.69047619047619,79.0,92.0,90.0,96.0,fine
2026-01-01T12:04:49.814+00:00,604,replay,sample/replay,engine/SID807,decoded CSV,100%,1.692047830571886,0.0,0.748,CLIMBING,↑,766.0,0.0,N,idle,65.0,,21.0,20.0,23.0,18.0,23.0,18.0,65.0,5.0,65.0,warming,986.0,0.0,14.0,-14.0,308.0,310.0,-2.0,986.0,5.0,0.0,5.784871794871794,5.744038461538461,0.0,0.0,steady,3.8000000000000003,23.0,205.0,195.0,-10.0,34.0,34.0,0.0,0.0,0.0,0.0,75.0,76.0,1.0,14.600000000000001,3.6,246.0,5.0,320.627436,621.992371,10294.874728,940.0,164.0,14.855072463768115,11.699999999999989,-34.45999999999998,12.180000000000007,10.579999999999984,68.58139534883722,60.0,62.0,79.0,84.0,88.69047619047619,79.0,92.0,90.0,96.0,fine
2026-01-01T12:04:50.229+00:00,605,replay,sample/replay,engine/SID807,decoded CSV,100%,2.409638775711866,0.0,0.748,CLIMBING,↑,768.0,0.0,N,idle,65.0,,21.0,19.0,23.0,18.0,23.0,18.0,65.0,5.0,65.0,warming,986.0,-1.0,13.0,-14.0,312.0,313.0,-1.0,987.0,5.0,0.0,5.833333333333334,5.884166666666667,0.0,0.0,steady,3.9000000000000004,23.0,204.0,197.0,-7.0,34.0,35.0,1.0,0.0,0.0,0.0,76.0,76.0,0.0,14.600000000000001,3.6,246.0,5.0,320.627436,621.992371,10294.874728,940.0,164.0,14.855072463768115,12.480000000000018,-36.0,10.240000000000009,13.279999999999973,68.58139534883722,60.0,62.0,79.0,84.0,88.69047619047619,79.0,92.0,90.0,96.0,fine
2026-01-01T12:04:50.721+00:00,606,replay,sample/replay,engine/SID807,decoded CSV,100%,2.0325198997091487,0.0,0.748,CLIMBING,↑,764.0,0.0,N,idle,65.0,,21.0,19.0,23.0,19.0,23.0,19.0,65.0,4.0,65.0,warming,984.0,-2.0,14.0,-16.0,313.0,313.0,0.0,986.0,5.0,0.0,5.804871794871794,5.739871794871794,0.0,0.0,steady,3.8000000000000003,23.0,203.0,194.0,-9.0,33.0,35.0,2.0,0.0,0.0,0.0,76.0,76.0,0.0,14.600000000000001,3.6,246.0,5.0,320.627436,621.992371,10294.874728,940.0,164.0,14.855072463768115,13.180000000000007,-36.5,8.54000000000002,14.779999999999973,68.58139534883722,60.0,62.0,79.0,84.0,88.69047619047619,79.0,92.0,90.0,96.0,fine
2026-01-01T12:04:51.219+00:00,607,replay,sample/replay,engine/SID807,decoded CSV,100%,2.008032505363222,0.0,0.748,CLIMBING,↑,765.0,0.0,N,idle,65.0,,21.0,19.0,24.0,19.0,24.0,19.0,65.0,5.0,65.0,warming,983.0,-3.0,14.0,-17.0,310.0,314.0,-4.0,986.0,5.0,0.0,5.657692307692307,5.753525641025641,0.0,0.0,steady,3.4000000000000004,23.0,204.0,199.0,-5.0,32.0,32.0,0.0,0.0,0.0,0.0,76.0,76.0,0.0,14.5,3.6,245.0,5.0,320.627436,621.992371,10294.874728,940.0,164.0,14.855072463768115,14.45999999999998,-36.89999999999998,5.420000000000016,17.019999999999982,68.58139534883722,60.0,62.0,79.0,84.0,88.69047619047619,79.0,92.0,90.0,96.0,fine
2026-01-01T12:04:51.864+00:00,608,replay,sample/replay,engine/SID807,decoded CSV,100%,1.5503876427461978,0.0,0.748,CLIMBING,↑,764.0,0.0,N,idle,65.0,,21.0,20.0,24.0,18.0,24.0,18.0,65.0,6.0,65.0,warming,983.0,-3.0,14.0,-17.0,316.0,314.0,2.0,986.0,5.0,0.0,5.657692307692307,5.606025641025641,0.0,0.0,steady,3.4000000000000004,23.0,204.0,194.0,-10.0,30.0,32.0,2.0,0.0,0.0,0.0,75.0,76.0,1.0,14.600000000000001,3.6,245.0,5.0,320.627436,621.992371,10294.874728,940.0,164.0,14.855072463768115,15.639999999999986,-37.079999999999984,2.839999999999975,18.600000000000023,68.58139534883722,60.0,62.0,79.0,84.0,88.69047619047619,79.0,92.0,90.0,96.0,fine
2026-01-01T12:04:52.370+00:00,609,replay,sample/replay,engine/SID807,decoded CSV,100%,1.9762844210905246,0.0,0.748,CLIMBING,↑,764.0,0.0,N,idle,65.0,,21.0,20.0,24.0,18.0,24.0,18.0,65.0,6.0,65.0,warming,983.0,-3.0,14.0,-17.0,316.0,314.0,2.0,986.0,5.0,0.0,5.888461538461538,6.061794871794872,0.0,0.0,steady,4.0,23.0,203.0,200.0,-3.0,29.0,30.0,1.0,0.0,0.0,0.0,75.0,75.0,0.0,14.600000000000001,3.6,245.0,5.0,320.627436,621.992371,10294.874728,940.0,164.0,14.855072463768115,16.480000000000018,-37.51999999999998,1.6800000000000068,19.360000000000014,68.58139534883722,60.0,62.0,79.0,84.0,88.69047619047619,79.0,92.0,90.0,96.0,fine
2026-01-01T12:04:52.809+00:00,610,replay,sample/replay,engine/SID807,decoded CSV,100%,2.27790365502634,0.0,0.748,CLIMBING,↑,764.0,0.0,N,idle,65.0,,21.0,20.0,24.0,19.0,24.0,19.0,65.0,5.0,65.0,warming,982.0,-5.0,13.0,-18.0,314.0,313.0,1.0,987.0,5.0,0.0,5.6410256410256405,5.667692307692308,0.0,0.0,steady,3.4000000000000004,23.0,204.0,196.0,-8.0,28.0,29.0,1.0,0.0,0.0,0.0,75.0,75.0,0.0,14.600000000000001,3.6,245.0,5.0,320.627436,621.992371,10294.874728,940.0,164.0,14.855072463768115,17.45999999999998,-37.579999999999984,0.5,19.620000000000005,68.58139534883722,60.0,62.0,79.0,84.0,88.69047619047619,79.0,92.0,90.0,96.0,fine
2026-01-01T12:04:53.270+00:00,611,replay,sample/replay,engine/SID807,decoded CSV,100%,2.16919755851082,0.0,0.748,CLIMBING,↑,768.0,0.0,N,idle,65.0,,21.0,20.0,24.0,19.0,24.0,19.0,65.0,5.0,65.0,warming,982.0,-5.0,13.0,-18.0,311.0,314.0,-3.0,987.0,5.0,0.0,5.878461538461538,5.953461538461538,0.0,0.0,steady,4.0,23.0,204.0,198.0,-6.0,28.0,28.0,0.0,0.0,0.0,0.0,75.0,75.0,0.0,14.600000000000001,3.6,245.0,5.0,320.627436,621.992371,10294.874728,940.0,164.0,14.855072463768115,17.360000000000014,-37.120000000000005,0.160000000000025,19.600000000000023,68.58139534883722,60.0,62.0,79.0,84.0,88.69047619047619,79.0,92.0,90.0,96.0,fine
2026-01-01T12:04:53.705+00:00,612,replay,sample/replay,engine/SID807,decoded CSV,100%,2.298850877106442,0.0,0.748,CLIMBING,↑,768.0,0.0,N,idle,65.0,,21.0,20.0,24.0,19.0,24.0,19.0,65.0,5.0,65.0,warming,982.0,-4.0,14.0,-18.0,312.0,314.0,-2.0,986.0,5.0,0.0,5.888461538461538,6.147628205128205,0.0,0.0,steady,4.0,23.0,204.0,203.0,-1.0,28.0,27.0,-1.0,0.0,0.0,0.0,75.0,75.0,0.0,14.5,3.6,245.0,5.0,320.627436,621.992371,10294.874728,940.0,164.0,14.855072463768115,16.339999999999975,-35.420000000000016,0.8199999999999932,18.25999999999999,68.58139534883722,60.0,62.0,79.0,84.0,88.69047619047619,79.0,92.0,90.0,96.0,fine
2026-01-01T12:04:54.145+00:00,613,replay,sample/replay,engine/SID807,decoded CSV,100%,2.272726977167089,0.0,0.748,CLIMBING,↑,768.0,0.0,N,idle,65.0,,21.0,20.0,24.0,19.0,24.0,19.0,65.0,5.0,65.0,warming,983.0,-3.0,14.0,-17.0,312.0,314.0,-2.0,986.0,5.0,0.0,5.85,5.921666666666667,0.0,0.0,steady,3.9000000000000004,23.0,204.0,198.0,-6.0,28.0,27.0,-1.0,0.0,0.0,0.0,75.0,75.0,0.0,14.600000000000001,3.6,244.0,5.0,320.627436,621.992371,10294.874728,940.0,164.0,14.855072463768115,16.519999999999982,-35.0,0.12000000000000455,18.360000000000014,68.58139534883722,60.0,62.0,79.0,84.0,88.69047619047619,79.0,92.0,90.0,96.0,fine
2026-01-01T12:04:54.600+00:00,614,replay,sample/replay,engine/SID807,decoded CSV,100%,2.197802566327536,0.0,0.748,CLIMBING,↑,766.0,0.0,N,idle,65.0,,21.0,20.0,24.0,19.0,24.0,19.0,65.0,5.0,65.0,warming,983.0,-3.0,14.0,-17.0,313.0,313.0,0.0,986.0,5.0,0.0,5.804871794871794,5.9648717948717955,0.0,0.0,steady,3.8000000000000003,23.0,204.0,200.0,-4.0,27.0,27.0,0.0,0.0,0.0,0.0,75.0,75.0,0.0,14.600000000000001,3.6,244.0,5.0,320.627436,621.992371,10294.874728,940.0,164.0,14.855072463768115,16.45999999999998,-34.339999999999975,-0.8999999999999773,18.779999999999973,68.58139534883722,60.0,62.0,79.0,84.0,88.69047619047619,79.0,92.0,90.0,96.0,fine
2026-01-01T12:04:55.072+00:00,615,replay,sample/replay,engine/SID807,decoded CSV,100%,2.1186435198655156,0.0,0.748,CLIMBING,↑,763.0,0.0,N,idle,65.0,,21.0,20.0,24.0,19.0,24.0,19.0,65.0,5.0,65.0,warming,982.0,-3.0,15.0,-18.0,312.0,314.0,-2.0,985.0,5.0,0.0,5.86,6.371666666666667,0.0,0.0,steady,3.9000000000000004,23.0,203.0,210.0,7.0,27.0,26.0,-1.0,0.0,0.0,0.0,75.0,75.0,0.0,14.5,3.6,244.0,5.0,320.627436,621.992371,10294.874728,940.0,164.0,14.855072463768115,16.639999999999986,-33.68000000000001,-1.4399999999999977,18.480000000000018,68.58139534883722,60.0,62.0,79.0,84.0,88.69047619047619,79.0,92.0,90.0,96.0,fine
2026-01-01T12:04:55.519+00:00,616,replay,sample/replay,engine/SID807,decoded CSV,100%,2.2371363316823603,0.0,0.748,CLIMBING,↑,768.0,0.0,N,idle,65.0,,21.0,20.0,24.0,19.0,24.0,19.0,65.0,5.0,65.0,warming,982.0,-4.0,14.0,-18.0,313.0,315.0,-2.0,986.0,5.0,0.0,5.933589743589743,6.342756410256412,0.0,0.0,steady,4.1000000000000005,23.0,204.0,207.0,3.0,26.0,26.0,0.0,0.0,0.0,0.0,75.0,75.0,0.0,14.5,3.6,244.0,5.0,320.627436,621.992371,10294.874728,940.0,164.0,14.855072463768115,17.25999999999999,-33.860000000000014,-2.259999999999991,18.860000000000014,68.58139534883722,60.0,62.0,79.0,84.0,88.69047619047619,79.0,92.0,90.0,96.0,fine
2026-01-01T12:04:55.993+00:00,617,replay,sample/replay,engine/SID807,decoded CSV,100%,2.109704743222172,0.0,0.748,CLIMBING,↑,766.0,0.0,N,idle,65.0,,21.0,20.0,24.0,19.0,24.0,19.0,65.0,5.0,65.0,warming,982.0,-4.0,14.0,-18.0,316.0,314.0,2.0,986.0,5.0,0.0,5.888461538461538,6.399294871794871,0.0,0.0,steady,4.0,23.0,204.0,209.0,5.0,27.0,26.0,-1.0,0.0,0.0,0.0,75.0,75.0,0.0,14.600000000000001,3.6,244.0,5.0,320.627436,621.992371,10294.874728,940.0,164.0,14.855072463768115,18.160000000000025,-34.80000000000001,-3.4399999999999977,20.079999999999984,68.58139534883722,60.0,62.0,79.0,84.0,88.69047619047619,79.0,92.0,90.0,96.0,fine
2026-01-01T12:04:56.466+00:00,618,replay,sample/replay,engine/SID807,decoded CSV,100%,2.114165748863983,0.0,0.748,CLIMBING,↑,764.0,0.0,N,idle,65.0,,21.0,20.0,24.0,19.0,24.0,19.0,65.0,5.0,65.0,warming,982.0,-4.0,14.0,-18.0,312.0,314.0,-2.0,986.0,5.0,0.0,5.888461538461538,6.447628205128205,0.0,0.0,steady,4.0,23.0,204.0,211.0,7.0,27.0,27.0,0.0,0.0,0.0,0.0,75.0,75.0,0.0,14.600000000000001,3.6,244.0,5.0,320.627436,621.992371,10294.874728,940.0,164.0,14.855072463768115,19.899999999999977,-36.339999999999975,-5.3799999999999955,21.819999999999993,68.58139534883722,60.0,62.0,79.0,84.0,88.69047619047619,79.0,92.0,90.0,96.0,fine
2026-01-01T12:04:56.943+00:00,619,replay,sample/replay,engine/SID807,decoded CSV,100%,2.0964360670830913,0.0,0.748,CLIMBING,↑,765.0,0.0,N,idle,65.0,,21.0,20.0,24.0,19.0,24.0,19.0,65.0,5.0,65.0,warming,982.0,-3.0,15.0,-18.0,311.0,313.0,-2.0,985.0,5.0,0.0,5.891794871794872,6.253461538461538,0.0,0.0,steady,4.0,23.0,204.0,206.0,2.0,27.0,28.0,1.0,0.0,0.0,0.0,75.0,75.0,0.0,14.5,3.6,243.0,5.0,320.627436,621.992371,10294.874728,940.0,164.0,14.855072463768115,21.079999999999984,-37.639999999999986,-7.079999999999984,23.639999999999986,68.58139534883722,60.0,62.0,79.0,84.0,88.69047619047619,79.0,92.0,90.0,96.0,fine
2026-01-01T12:04:57.382+00:00,620,replay,sample/replay,engine/SID807,decoded CSV,100%,2.27790365502634,0.0,0.748,CLIMBING,↑,762.0,0.0,N,idle,65.0,,21.0,20.0,24.0,19.0,24.0,19.0,65.0,5.0,65.0,warming,982.0,-3.0,15.0,-18.0,313.0,314.0,-1.0,985.0,5.0,0.0,5.898461538461539,6.416794871794872,0.0,0.0,steady,4.0,23.0,204.0,210.0,6.0,27.0,28.0,1.0,0.0,0.0,0.0,75.0,75.0,0.0,14.600000000000001,3.6,243.0,5.0,320.627436,621.992371,10294.874728,940.0,164.0,14.855072463768115,22.439999999999998,-38.19999999999999,-8.680000000000007,24.439999999999998,68.58139534883722,60.0,62.0,79.0,84.0,88.69047619047619,79.0,92.0,90.0,96.0,fine
2026-01-01T12:04:57.857+00:00,621,replay,sample/replay,engine/SID807,decoded CSV,100%,2.105263580575959,0.0,0.748,CLIMBING,↑,762.0,0.0,N,idle,65.0,,21.0,20.0,24.0,19.0,24.0,19.0,65.0,5.0,65.0,warming,982.0,-4.0,14.0,-18.0,314.0,317.0,-3.0,986.0,5.0,0.0,6.023846153846153,6.426346153846154,0.0,0.0,steady,4.3,23.0,208.0,207.0,-1.0,26.0,28.0,2.0,0.0,0.0,0.0,75.0,75.0,0.0,14.600000000000001,3.6,243.0,5.0,320.627436,621.992371,10294.874728,940.0,164.0,14.855072463768115,22.04000000000002,-37.639999999999986,-8.600000000000023,24.19999999999999,68.58139534883722,60.0,62.0,79.0,84.0,88.69047619047619,79.0,92.0,90.0,96.0,fine
2026-01-01T12:04:58.321+00:00,622,replay,sample/replay,engine/SID807,decoded CSV,100%,2.15517247580745,0.0,0.748,CLIMBING,↑,949.0,0.0,N,idle,65.0,,21.0,20.0,24.0,19.0,24.0,19.0,65.0,5.0,65.0,warming,981.0,-5.0,14.0,-19.0,321.0,319.0,2.0,986.0,5.0,6.0,8.137179487179486,7.082179487179487,0.0,0.0,steady,4.3,23.0,205.0,210.0,5.0,26.0,26.0,0.0,0.0,0.0,0.0,75.0,75.0,0.0,14.5,3.6,243.0,5.0,320.627436,621.992371,10294.874728,940.0,164.0,14.855072463768115,22.519999999999982,-37.39999999999998,-10.120000000000005,25.0,68.58139534883722,60.0,62.0,79.0,84.0,88.69047619047619,79.0,92.0,90.0,96.0,fine
2026-01-01T12:04:58.781+00:00,623,replay,sample/replay,engine/SID807,decoded CSV,100%,2.173912863199577,0.0,0.748,CLIMBING,↑,1417.0,0.0,N,idle,65.0,,21.0,20.0,24.0,19.0,24.0,19.0,65.0,5.0,65.0,warming,976.0,-10.0,26.0,-36.0,542.0,507.0,35.0,986.0,10.0,13.0,12.918205128205129,12.87320512820513,0.0,0.0,steady,6.4,24.0,220.0,262.0,42.0,28.0,16.0,-12.0,0.0,0.0,0.0,75.0,76.0,1.0,14.5,3.6,243.0,10.0,320.627436,621.992371,10294.874728,940.0,164.0,14.855072463768115,7.810000000000002,-12.889999999999986,-3.5299999999999727,8.610000000000014,66.83352772808588,53.73680769230769,62.0,79.0,84.0,88.69047619047619,79.0,92.0,90.0,96.0,fine
2026-01-01T12:04:59.252+00:00,624,replay,sample/replay,engine/SID807,decoded CSV,100%,2.1231424482806274,0.0,0.748,CLIMBING,↑,1467.0,0.0,N,idle,65.0,,21.0,20.0,24.0,19.0,24.0,19.0,65.0,5.0,65.0,warming,982.0,-4.0,51.0,-55.0,667.0,651.0,16.0,986.0,11.0,17.0,16.605128205128203,14.087628205128205,0.0,0.0,steady,9.200000000000001,24.0,242.0,239.0,-3.0,22.0,22.0,0.0,0.0,0.0,0.0,75.0,75.0,0.0,14.600000000000001,3.6,243.0,11.0,320.627436,621.992371,10294.874728,940.0,164.0,14.855072463768115,0.0,0.0,0.0,0.0,65.8681932021467,50.277692307692305,62.0,79.0,84.0,88.69047619047619,79.0,92.0,90.0,96.0,fine
2026-01-01T12:04:59.725+00:00,625,replay,sample/replay,engine/SID807,decoded CSV,100%,2.1141646832057566,0.0,0.748,CLIMBING,↑,1300.0,1.8641130000000001,N,accelerating,66.0,,21.0,20.0,24.0,19.0,24.0,19.0,66.0,5.0,66.0,warming,987.0,1.0,199.0,-198.0,839.0,808.0,31.0,986.0,15.0,21.0,24.53179487179487,20.906794871794876,1.7618033576116199,0.17965394478355198,pulling,19.6,24.0,389.0,298.0,-91.0,2.0,5.0,3.0,0.0,0.0,0.0,88.0,79.0,-9.0,14.5,3.6,243.0,15.0,320.627436,621.992371,10294.874728,940.0,164.0,14.855072463768115,0.0,0.0,0.0,0.0,77.69093371099184,65.0,86.6073433048433,79.9,77.5,86.7400432900433,79.9,92.0,80.81818181818181,96.0,fine
2026-01-01T12:05:00.194+00:00,626,replay,sample/replay,engine/SID807,decoded CSV,100%,2.1321957024679112,0.0,0.754,CLIMBING,↑,1109.0,4.970968,N,accelerating,66.0,,21.0,20.0,24.0,19.0,24.0,19.0,66.0,5.0,66.0,warming,1047.0,61.0,420.0,-359.0,844.0,834.0,10.0,986.0,16.0,23.0,30.46128205128205,27.562115384615385,2.961382003913519,0.3019769242211682,pulling,27.0,24.0,492.0,389.0,-103.0,0.0,0.0,0.0,0.0,0.0,0.0,100.0,92.0,-8.0,14.5,3.6,242.0,16.0,320.627436,621.992371,10294.874728,940.0,164.0,14.855072463768115,0.0,0.0,0.0,0.0,67.12248062015505,48.0,78.0,79.9,60.166666666666664,82.51593406593408,79.9,92.0,63.07692307692308,96.0,fine
2026-01-01T12:05:00.664+00:00,627,replay,sample/replay,engine/SID807,decoded CSV,100%,2.127659444951436,0.0,0.754,CLIMBING,↑,1332.0,6.835081,1,accelerating,66.0,,21.0,20.0,25.0,19.0,25.0,19.0,66.0,6.0,66.0,warming,1082.0,95.0,434.0,-339.0,715.0,733.0,-18.0,987.0,16.0,32.0,33.077948717948715,27.449615384615388,1.773048988920556,0.18080068004064143,pulling,27.0,24.0,496.0,374.0,-122.0,0.0,0.0,0.0,0.0,0.0,0.0,100.0,94.0,-6.0,14.600000000000001,3.6,242.0,16.0,320.627436,621.992371,10294.874728,940.0,164.0,14.855072463768115,0.0,0.0,0.0,0.0,77.46631385410457,83.5,79.21343304843305,79.9,60.25000000000001,82.49262404262404,79.9,92.0,62.97902097902097,96.0,fine
2026-01-01T12:05:01.149+00:00,628,replay,sample/replay,engine/SID807,decoded CSV,100%,2.061856116076937,0.0,0.754,CLIMBING,↑,1924.0,9.941936,1,accelerating,66.0,,21.0,20.0,25.0,19.0,25.0,19.0,66.0,6.0,66.0,warming,1126.0,140.0,954.0,-814.0,871.0,895.0,-24.0,986.0,23.0,43.0,42.3925641025641,32.91006410256411,2.8636881641501937,0.2920149249896951,pulling,24.1,26.0,729.0,449.0,-280.0,0.0,0.0,0.0,0.0,0.0,0.0,100.0,92.0,-8.0,14.5,3.6,242.0,23.0,320.627436,621.992371,10294.874728,940.0,164.0,14.855072463768115,0.0,0.0,0.0,0.0,75.76470458159412,94.0,74.00570868945869,79.9,42.95666666666666,79.8194139194139,79.9,92.0,51.75153846153846,96.0,fine
2026-01-01T12:05:01.898+00:00,629,replay,sample/replay,engine/SID807,decoded CSV,100%,1.335113355449917,0.0,0.754,CLIMBING,↑,2111.0,11.806049,1,coasting,66.0,,21.0,20.0,27.0,19.0,27.0,19.0,66.0,8.0,66.0,warming,1521.0,535.0,17.0,518.0,1260.0,1215.0,45.0,986.0,41.0,0.0,16.7674358974359,44.43410256410257,1.1125941186649062,0.1134530261266494,pulling,16.2,24.0,474.0,576.0,102.0,0.0,2.0,2.0,0.0,0.0,0.0,93.0,87.0,-6.0,14.5,3.6,242.0,41.0,320.627436,621.992371,10294.874728,940.0,164.0,14.855072463768115,0.0,0.0,0.0,0.0,83.95045544015991,94.0,92.43463892845837,79.9,53.75,82.77234432234432,79.9,92.0,64.15384615384616,96.0,fine
2026-01-01T12:05:02.350+00:00,630,replay,sample/replay,engine/SID807,decoded CSV,100%,2.2123898566587106,0.0,0.754,CLIMBING,↑,2127.0,11.184678,1,coasting,66.0,,21.0,20.0,26.0,19.0,26.0,19.0,66.0,7.0,66.0,warming,1404.0,415.0,18.0,397.0,644.0,636.0,8.0,989.0,46.0,0.0,7.686666666666666,29.9625,-0.6145525478328849,-0.06266691967520865,easing,2.6,24.0,478.0,491.0,13.0,0.0,0.0,0.0,0.0,0.0,0.0,93.0,96.0,3.0,14.5,3.6,243.0,46.0,320.627436,621.992371,10294.874728,940.0,164.0,14.855072463768115,0.0,0.0,0.0,0.0,86.5779069767442,94.0,96.0,79.9,62.25,85.39805194805196,79.9,98.0,66.18181818181819,96.0,fine
2026-01-01T12:05:02.824+00:00,631,replay,sample/replay,engine/SID807,decoded CSV,100%,2.109704743222172,0.0,0.754,CLIMBING,↑,1996.0,10.563307,1,coasting,66.0,,21.0,20.0,26.0,19.0,26.0,19.0,66.0,7.0,66.0,warming,1305.0,319.0,16.0,303.0,640.0,641.0,-1.0,986.0,41.0,0.0,7.007692307692308,25.894358974358973,-0.5860289140361546,-0.05975831849165155,easing,0.8,24.0,472.0,456.0,-16.0,0.0,0.0,0.0,0.0,0.0,0.0,99.0,96.0,-3.0,14.5,3.6,243.0,41.0,320.627436,621.992371,10294.874728,940.0,164.0,14.855072463768115,0.0,0.0,0.0,0.0,87.85310077519381,94.0,96.0,79.9,70.08333333333333,87.43268398268398,79.9,98.0,74.72727272727272,96.0,fine
2026-01-01T12:05:03.326+00:00,632,replay,sample/replay,engine/SID807,decoded CSV,100%,1.9920315016425707,0.0,0.754,CLIMBING,↑,1869.0,9.941936,1,decelerating,66.0,,21.0,19.0,25.0,19.0,25.0,19.0,66.0,6.0,66.0,warming,1251.0,265.0,14.0,251.0,658.0,647.0,11.0,986.0,35.0,0.0,6.720000000000001,24.758333333333333,-0.5533419125988424,-0.05642517195972553,easing,0.0,24.0,462.0,466.0,4.0,0.0,0.0,0.0,0.0,0.0,0.0,100.0,100.0,0.0,14.5,3.6,243.0,35.0,320.627436,621.992371,10294.874728,940.0,164.0,14.855072463768115,0.0,0.0,0.0,0.0,88.55852713178297,94.0,96.0,79.9,74.41666666666667,86.41536796536798,79.9,92.0,79.45454545454545,96.0,fine
2026-01-01T12:05:03.779+00:00,633,replay,sample/replay,engine/SID807,decoded CSV,100%,2.207505184155956,0.0,0.754,CLIMBING,↑,1746.0,9.320565,1,decelerating,66.0,,21.0,19.0,25.0,19.0,25.0,19.0,66.0,6.0,66.0,warming,1219.0,232.0,13.0,219.0,635.0,622.0,13.0,987.0,33.0,0.0,6.543333333333333,23.419999999999998,-0.6131956947796756,-0.06252855916951004,easing,0.0,24.0,450.0,460.0,10.0,0.0,0.0,0.0,0.0,0.0,0.0,100.0,100.0,0.0,14.5,3.6,243.0,33.0,320.627436,621.992371,10294.874728,940.0,164.0,14.855072463768115,0.0,0.0,0.0,0.0,88.99263565891474,94.0,96.0,79.9,77.08333333333333,87.10800865800866,79.9,92.0,82.36363636363636,96.0,fine
2026-01-01T12:05:04.245+00:00,634,replay,sample/replay,engine/SID807,decoded CSV,100%,2.145923475796157,0.0,0.754,CLIMBING,↑,1648.0,8.699194,1,decelerating,66.0,,21.0,19.0,25.0,19.0,25.0,19.0,66.0,6.0,66.0,warming,1184.0,198.0,14.0,184.0,608.0,596.0,12.0,986.0,29.0,0.0,6.38,21.409166666666668,-0.5960896699719266,-0.060784230085903605,easing,0.0,24.0,441.0,435.0,-6.0,0.0,0.0,0.0,0.0,0.0,0.0,100.0,100.0,0.0,14.5,3.6,243.0,29.0,320.627436,621.992371,10294.874728,940.0,164.0,14.855072463768115,0.0,0.0,0.0,0.0,89.46744186046513,94.0,96.0,79.9,80.0,87.86558441558441,79.9,92.0,85.54545454545455,96.0,fine
2026-01-01T12:05:04.714+00:00,635,replay,sample/replay,engine/SID807,decoded CSV,100%,2.1321957024679112,0.0,0.754,CLIMBING,↑,1263.0,8.699194,N,braking,66.0,,21.0,19.0,25.0,19.0,25.0,19.0,66.0,6.0,66.0,warming,1154.0,168.0,14.0,154.0,579.0,564.0,15.0,986.0,24.0,0.0,6.016666666666667,20.1825,0.0,0.0,steady,0.0,23.0,423.0,455.0,32.0,0.0,0.0,0.0,0.0,0.0,0.0,99.0,100.0,1.0,14.5,3.6,244.0,24.0,320.627436,621.992371,10294.874728,940.0,164.0,14.855072463768115,0.0,0.0,0.0,0.0,77.45581395348837,72.0,78.0,79.9,82.5,88.51493506493506,79.9,92.0,88.27272727272727,96.0,fine
2026-01-01T12:05:05.195+00:00,636,replay,sample/replay,engine/SID807,decoded CSV,100%,2.0790023098351393,0.0,0.754,CLIMBING,↑,895.0,8.699194,N,braking,66.0,,21.0,19.0,25.0,19.0,25.0,19.0,66.0,6.0,66.0,warming,1111.0,126.0,15.0,111.0,515.0,418.0,97.0,985.0,17.0,0.0,4.753333333333333,14.941666666666665,0.0,0.0,steady,0.0,21.0,392.0,378.0,-14.0,0.0,0.0,0.0,0.0,0.0,0.0,85.0,92.0,7.0,14.5,3.6,244.0,17.0,320.627436,621.992371,10294.874728,940.0,164.0,14.855072463768115,22.579999999999984,-37.25999999999999,-10.220000000000027,24.899999999999977,77.45581395348837,72.0,78.0,79.9,82.5,88.52002801120447,79.9,92.0,88.29411764705883,96.0,fine
2026-01-01T12:05:05.634+00:00,637,replay,sample/replay,engine/SID807,decoded CSV,100%,2.2779048921440785,0.0,0.754,CLIMBING,↑,789.0,7.4564520000000005,N,braking,66.0,,21.0,19.0,25.0,19.0,25.0,19.0,66.0,6.0,66.0,warming,1063.0,77.0,14.0,63.0,430.0,303.0,127.0,986.0,11.0,0.0,5.361282051282051,12.976282051282052,-1.2655023263416525,-0.12904532397318683,braking/down,3.6,21.0,201.0,334.0,133.0,21.0,10.0,-11.0,0.0,0.0,0.0,78.0,83.0,5.0,14.5,3.6,244.0,11.0,320.627436,621.992371,10294.874728,940.0,164.0,14.855072463768115,14.75,-24.350000000000023,-6.680000000000007,16.269999999999982,76.4248062015504,72.0,78.0,79.9,76.16666666666667,87.02950872656756,79.9,92.0,82.03393665158372,96.0,fine
2026-01-01T12:05:06.086+00:00,638,replay,sample/replay,engine/SID807,decoded CSV,100%,2.2123886896793272,0.0,0.754,CLIMBING,↑,770.0,5.592339,N,braking,66.0,,21.0,19.0,25.0,19.0,25.0,19.0,66.0,6.0,66.0,warming,1025.0,39.0,14.0,25.0,318.0,314.0,4.0,986.0,7.0,0.0,5.888461538461538,8.487628205128205,-1.843656671016137,-0.18800065986000694,braking/down,4.0,23.0,204.0,247.0,43.0,27.0,26.0,-1.0,0.0,0.0,0.0,76.0,79.0,3.0,14.600000000000001,3.6,244.0,7.0,320.627436,621.992371,10294.874728,940.0,164.0,14.855072463768115,14.079999999999984,-23.24000000000001,-6.3700000000000045,15.529999999999973,77.7,72.0,78.0,79.9,84.0,88.92619047619047,79.9,92.0,90.0,96.0,fine
2026-01-01T12:05:06.521+00:00,639,replay,sample/replay,engine/SID807,decoded CSV,100%,2.298850877106442,0.0,0.754,CLIMBING,↑,772.0,3.106855,N,braking,66.0,,21.0,19.0,24.0,19.0,24.0,19.0,66.0,5.0,66.0,warming,1008.0,22.0,14.0,8.0,302.0,317.0,-15.0,986.0,6.0,0.0,5.908461538461538,7.197628205128204,-2.554277962107948,-0.2604638650413697,braking/down,4.0,23.0,202.0,223.0,21.0,33.0,34.0,1.0,0.0,0.0,0.0,76.0,77.0,1.0,14.5,3.6,244.0,6.0,320.627436,621.992371,10294.874728,940.0,164.0,14.855072463768115,13.860000000000014,-22.870000000000005,-6.269999999999982,15.279999999999973,77.7,72.0,78.0,79.9,84.0,88.92619047619047,79.9,92.0,90.0,96.0,fine
2026-01-01T12:05:06.978+00:00,640,replay,sample/replay,engine/SID807,decoded CSV,100%,2.1881837252458136,0.0,0.754,CLIMBING,↑,767.0,0.0,N,idle,66.0,,21.0,20.0,24.0,19.0,24.0,19.0,66.0,5.0,66.0,warming,997.0,11.0,14.0,-3.0,314.0,315.0,-1.0,986.0,6.0,0.0,5.741282051282051,6.415448717948717,-3.039143122603174,-0.30990635156788243,braking/down,3.6,23.0,202.0,209.0,7.0,39.0,39.0,0.0,0.0,0.0,0.0,75.0,76.0,1.0,14.600000000000001,3.6,244.0,6.0,320.627436,621.992371,10294.874728,940.0,164.0,14.855072463768115,14.310000000000002,-23.610000000000014,-6.470000000000027,15.779999999999973,68.76976744186048,60.0,62.0,79.9,84.0,88.92619047619047,79.9,92.0,90.0,96.0,fine
2026-01-01T12:05:07.427+00:00,641,replay,sample/replay,engine/SID807,decoded CSV,100%,2.227170896161568,0.0,0.754,CLIMBING,↑,763.0,0.0,N,idle,66.0,,21.0,20.0,24.0,19.0,24.0,19.0,66.0,5.0,66.0,warming,992.0,6.0,14.0,-8.0,316.0,314.0,2.0,986.0,5.0,0.0,5.6961538461538455,5.96948717948718,0.0,0.0,steady,3.5,23.0,201.0,200.0,-1.0,45.0,44.0,-1.0,0.0,0.0,0.0,76.0,76.0,0.0,14.5,3.6,244.0,5.0,320.627436,621.992371,10294.874728,940.0,164.0,14.855072463768115,14.529999999999973,-23.980000000000018,-6.569999999999993,16.019999999999982,68.76976744186048,60.0,62.0,79.9,84.0,88.92619047619047,79.9,92.0,90.0,96.0,fine
2026-01-01T12:05:07.872+00:00,642,replay,sample/replay,engine/SID807,decoded CSV,100%,2.247191348351027,0.0,0.754,CLIMBING,↑,763.0,0.0,N,idle,66.0,,21.0,20.0,24.0,19.0,24.0,19.0,66.0,5.0,66.0,warming,988.0,1.0,13.0,-12.0,316.0,315.0,1.0,987.0,5.0,0.0,5.769743589743589,5.775576923076923,0.0,0.0,steady,3.7,23.0,202.0,195.0,-7.0,47.0,48.0,1.0,0.0,0.0,0.0,75.0,76.0,1.0,14.5,3.6,244.0,5.0,320.627436,621.992371,10294.874728,940.0,164.0,14.855072463768115,14.529999999999973,-23.980000000000018,-6.569999999999993,16.019999999999982,68.76976744186048,60.0,62.0,79.9,84.0,88.92619047619047,79.9,92.0,90.0,96.0,fine
2026-01-01T12:05:08.318+00:00,643,replay,sample/replay,engine/SID807,decoded CSV,100%,2.2421531663440533,0.0,0.754,CLIMBING,↑,764.0,0.0,N,idle,66.0,,21.0,20.0,25.0,19.0,25.0,19.0,66.0,6.0,66.0,warming,987.0,1.0,14.0,-13.0,311.0,314.0,-3.0,986.0,5.0,0.0,5.619230769230769,5.288397435897435,0.0,0.0,steady,3.3000000000000003,23.0,202.0,187.0,-15.0,45.0,48.0,3.0,0.0,0.0,0.0,75.0,75.0,0.0,14.600000000000001,3.6,244.0,5.0,320.627436,621.992371,10294.874728,940.0,164.0,14.855072463768115,24.25999999999999,-38.54000000000002,-11.019999999999982,25.30000000000001,68.76976744186048,60.0,62.0,79.9,84.0,88.92619047619047,79.9,92.0,90.0,96.0,fine
2026-01-01T12:05:08.747+00:00,644,replay,sample/replay,engine/SID807,decoded CSV,100%,2.3310015744513177,0.0,0.754,CLIMBING,↑,765.0,0.0,N,idle,66.0,,21.0,20.0,25.0,19.0,25.0,19.0,66.0,6.0,66.0,warming,985.0,0.0,15.0,-15.0,317.0,316.0,1.0,985.0,5.0,0.0,5.642564102564103,5.424230769230769,0.0,0.0,steady,3.3000000000000003,23.0,202.0,190.0,-12.0,42.0,42.0,0.0,0.0,0.0,0.0,75.0,75.0,0.0,14.5,3.6,244.0,5.0,320.627436,621.992371,10294.874728,940.0,164.0,14.855072463768115,23.279999999999973,-38.0,-9.199999999999989,23.920000000000016,68.76976744186048,60.0,62.0,79.9,84.0,88.92619047619047,79.9,92.0,90.0,96.0,fine
2026-01-01T12:05:09.189+00:00,645,replay,sample/replay,engine/SID807,decoded CSV,100%,2.2624438880144475,0.0,0.754,CLIMBING,↑,765.0,0.0,N,idle,66.0,,21.0,20.0,25.0,19.0,25.0,19.0,66.0,6.0,66.0,warming,984.0,-3.0,13.0,-16.0,317.0,315.0,2.0,987.0,5.0,0.0,5.885128205128205,5.880961538461539,0.0,0.0,steady,4.0,23.0,203.0,195.0,-8.0,37.0,36.0,-1.0,0.0,0.0,0.0,75.0,75.0,0.0,14.600000000000001,3.6,244.0,5.0,320.627436,621.992371,10294.874728,940.0,164.0,14.855072463768115,22.120000000000005,-36.120000000000005,-8.199999999999989,22.19999999999999,68.76976744186048,60.0,62.0,79.9,84.0,88.92619047619047,79.9,92.0,90.0,96.0,fine
2026-01-01T12:05:09.685+00:00,646,replay,sample/replay,engine/SID807,decoded CSV,100%,2.0161288229285588,0.0,0.754,CLIMBING,↑,764.0,0.0,N,idle,66.0,,21.0,20.0,25.0,19.0,25.0,19.0,66.0,6.0,66.0,warming,983.0,-4.0,13.0,-17.0,316.0,315.0,1.0,987.0,5.0,0.0,5.846666666666667,5.798333333333334,0.0,0.0,steady,3.9000000000000004,23.0,202.0,194.0,-8.0,34.0,34.0,0.0,0.0,0.0,0.0,75.0,75.0,0.0,14.600000000000001,3.6,244.0,5.0,320.627436,621.992371,10294.874728,940.0,164.0,14.855072463768115,20.25999999999999,-34.620000000000005,-6.139999999999986,20.5,68.76976744186048,60.0,62.0,79.9,84.0,88.92619047619047,79.9,92.0,90.0,96.0,fine
2026-01-01T12:05:10.145+00:00,647,replay,sample/replay,engine/SID807,decoded CSV,100%,2.173912863199577,0.0,0.754,CLIMBING,↑,765.0,0.0,N,idle,66.0,,21.0,20.0,25.0,19.0,25.0,19.0,66.0,6.0,66.0,warming,983.0,-4.0,13.0,-17.0,316.0,316.0,0.0,987.0,5.0,0.0,5.93025641025641,6.06275641025641,0.0,0.0,steady,4.1000000000000005,23.0,202.0,199.0,-3.0,32.0,32.0,0.0,0.0,0.0,0.0,75.0,75.0,0.0,14.600000000000001,3.6,244.0,5.0,320.627436,621.992371,10294.874728,940.0,164.0,14.855072463768115,17.45999999999998,-31.899999999999977,-3.259999999999991,17.69999999999999,68.76976744186048,60.0,62.0,79.9,84.0,88.92619047619047,79.9,92.0,90.0,96.0,fine
2026-01-01T12:05:10.603+00:00,648,replay,sample/replay,engine/SID807,decoded CSV,100%,2.183406377229253,0.0,0.754,CLIMBING,↑,766.0,0.0,N,idle,66.0,,21.0,20.0,25.0,19.0,25.0,19.0,66.0,6.0,66.0,warming,983.0,-3.0,14.0,-17.0,313.0,315.0,-2.0,986.0,5.0,0.0,5.8566666666666665,6.190833333333334,0.0,0.0,steady,3.9000000000000004,23.0,203.0,205.0,2.0,31.0,30.0,-1.0,0.0,0.0,0.0,75.0,75.0,0.0,14.600000000000001,3.6,243.0,5.0,320.627436,621.992371,10294.874728,940.0,164.0,14.855072463768115,15.100000000000023,-28.579999999999984,-1.1399999999999864,14.620000000000005,68.76976744186048,60.0,62.0,79.9,84.0,88.92619047619047,79.9,92.0,90.0,96.0,fine
2026-01-01T12:05:11.074+00:00,649,replay,sample/replay,engine/SID807,decoded CSV,100%,2.1231424482806274,0.0,0.754,CLIMBING,↑,762.0,0.0,N,idle,66.0,,21.0,20.0,25.0,19.0,25.0,19.0,66.0,6.0,66.0,warming,983.0,-3.0,14.0,-17.0,314.0,315.0,-1.0,986.0,5.0,0.0,5.818205128205127,5.859038461538461,0.0,0.0,steady,3.8000000000000003,23.0,202.0,197.0,-5.0,30.0,30.0,0.0,0.0,0.0,0.0,75.0,75.0,0.0,14.600000000000001,3.6,243.0,5.0,320.627436,621.992371,10294.874728,940.0,164.0,14.855072463768115,14.740000000000009,-27.980000000000018,-0.22000000000002728,13.45999999999998,68.76976744186048,60.0,62.0,79.9,84.0,88.92619047619047,79.9,92.0,90.0,96.0,fine
2026-01-01T12:05:11.754+00:00,650,replay,sample/replay,engine/SID807,decoded CSV,100%,1.47058809092302,0.0,0.754,CLIMBING,↑,765.0,0.0,N,idle,66.0,,21.0,20.0,25.0,19.0,25.0,19.0,66.0,6.0,66.0,warming,982.0,-4.0,14.0,-18.0,315.0,316.0,-1.0,986.0,5.0,0.0,5.709487179487179,6.050320512820513,0.0,0.0,steady,3.5,23.0,203.0,205.0,2.0,29.0,29.0,0.0,0.0,0.0,0.0,75.0,75.0,0.0,14.600000000000001,3.6,243.0,5.0,320.627436,621.992371,10294.874728,940.0,164.0,14.855072463768115,13.420000000000016,-26.899999999999977,1.9800000000000182,11.5,68.76976744186048,60.0,62.0,79.9,84.0,88.92619047619047,79.9,92.0,90.0,96.0,fine
2026-01-01T12:05:12.244+00:00,651,replay,sample/replay,engine/SID807,decoded CSV,100%,2.040816286810733,0.0,0.754,CLIMBING,↑,764.0,0.0,N,idle,66.0,,21.0,20.0,25.0,19.0,25.0,19.0,66.0,6.0,66.0,warming,982.0,-4.0,14.0,-18.0,314.0,315.0,-1.0,986.0,5.0,0.0,5.664358974358974,5.967692307692308,0.0,0.0,steady,3.4000000000000004,23.0,202.0,204.0,2.0,29.0,29.0,0.0,0.0,0.0,0.0,75.0,75.0,0.0,14.600000000000001,3.6,243.0,5.0,320.627436,621.992371,10294.874728,940.0,164.0,14.855072463768115,12.019999999999982,-25.339999999999975,2.8999999999999773,10.420000000000016,68.76976744186048,60.0,62.0,79.9,84.0,88.92619047619047,79.9,92.0,90.0,96.0,fine
2026-01-01T12:05:12.682+00:00,652,replay,sample/replay,engine/SID807,decoded CSV,100%,2.28310521173259,0.0,0.754,CLIMBING,↑,764.0,0.0,N,idle,66.0,,21.0,20.0,25.0,19.0,25.0,19.0,66.0,6.0,66.0,warming,981.0,-5.0,14.0,-19.0,312.0,315.0,-3.0,986.0,5.0,0.0,5.702820512820512,5.805320512820513,0.0,0.0,steady,3.5,23.0,202.0,199.0,-3.0,29.0,29.0,0.0,0.0,0.0,0.0,75.0,75.0,0.0,14.600000000000001,3.6,243.0,5.0,320.627436,621.992371,10294.874728,940.0,164.0,14.855072463768115,11.04000000000002,-24.319999999999993,3.0400000000000205,10.240000000000009,68.76976744186048,60.0,62.0,79.9,84.0,88.92619047619047,79.9,92.0,90.0,96.0,fine
2026-01-01T12:05:13.113+00:00,653,replay,sample/replay,engine/SID807,decoded CSV,100%,2.3201856456524563,0.0,0.754,CLIMBING,↑,765.0,0.0,N,idle,66.0,,21.0,20.0,25.0,19.0,25.0,19.0,66.0,6.0,66.0,warming,983.0,-3.0,14.0,-17.0,315.0,315.0,0.0,986.0,5.0,0.0,5.818205128205127,6.053205128205128,0.0,0.0,steady,3.8000000000000003,23.0,203.0,202.0,-1.0,28.0,29.0,1.0,0.0,0.0,0.0,75.0,75.0,0.0,14.600000000000001,3.6,243.0,5.0,320.627436,621.992371,10294.874728,940.0,164.0,14.855072463768115,11.759999999999991,-24.639999999999986,2.240000000000009,10.639999999999986,68.76976744186048,60.0,62.0,79.9,84.0,88.92619047619047,79.9,92.0,90.0,96.0,fine
2026-01-01T12:05:13.601+00:00,654,replay,sample/replay,engine/SID807,decoded CSV,100%,2.049180680274768,0.0,0.754,CLIMBING,↑,763.0,0.0,N,idle,66.0,,21.0,20.0,25.0,19.0,25.0,19.0,66.0,6.0,66.0,warming,982.0,-4.0,14.0,-18.0,315.0,315.0,0.0,986.0,5.0,0.0,5.818205128205127,5.978205128205128,0.0,0.0,steady,3.8000000000000003,23.0,202.0,200.0,-2.0,28.0,28.0,0.0,0.0,0.0,0.0,75.0,75.0,0.0,14.600000000000001,3.6,243.0,5.0,320.627436,621.992371,10294.874728,940.0,164.0,14.855072463768115,13.100000000000023,-25.620000000000005,0.7799999999999727,11.740000000000009,68.76976744186048,60.0,62.0,79.9,84.0,88.92619047619047,79.9,92.0,90.0,96.0,fine
2026-01-01T12:05:14.053+00:00,655,replay,sample/replay,engine/SID807,decoded CSV,100%,2.2123886896793272,0.0,0.754,CLIMBING,↑,763.0,0.0,N,idle,66.0,,21.0,20.0,25.0,19.0,25.0,19.0,66.0,6.0,66.0,warming,982.0,-5.0,13.0,-18.0,315.0,316.0,-1.0,987.0,5.0,0.0,5.8533333333333335,6.091666666666667,0.0,0.0,steady,3.9000000000000004,23.0,203.0,202.0,-1.0,29.0,28.0,-1.0,0.0,0.0,0.0,75.0,75.0,0.0,14.600000000000001,3.6,243.0,5.0,320.627436,621.992371,10294.874728,940.0,164.0,14.855072463768115,14.95999999999998,-27.519999999999982,-0.2400000000000091,12.800000000000011,68.76976744186048,60.0,62.0,79.9,84.0,88.92619047619047,79.9,92.0,90.0,96.0,fine
2026-01-01T12:05:14.528+00:00,656,replay,sample/replay,engine/SID807,decoded CSV,100%,2.105263580575959,0.0,0.754,CLIMBING,↑,761.0,0.0,N,idle,66.0,,21.0,20.0,25.0,19.0,25.0,19.0,66.0,6.0,66.0,warming,982.0,-3.0,15.0,-18.0,319.0,316.0,3.0,985.0,5.0,0.0,5.873333333333334,5.968333333333334,0.0,0.0,steady,3.9000000000000004,23.0,202.0,198.0,-4.0,28.0,28.0,0.0,0.0,0.0,0.0,75.0,75.0,0.0,14.5,3.6,243.0,5.0,320.627436,621.992371,10294.874728,940.0,164.0,14.855072463768115,14.620000000000005,-27.379999999999995,-0.7400000000000091,13.5,68.76976744186048,60.0,62.0,79.9,84.0,88.92619047619047,79.9,92.0,90.0,96.0,fine
2026-01-01T12:05:15.032+00:00,657,replay,sample/replay,engine/SID807,decoded CSV,100%,1.984127186863892,0.0,0.754,CLIMBING,↑,765.0,0.0,N,idle,67.0,,21.0,20.0,25.0,19.0,25.0,19.0,67.0,6.0,67.0,warming,982.0,-4.0,14.0,-18.0,316.0,316.0,0.0,986.0,5.0,0.0,5.709487179487179,6.01948717948718,0.0,0.0,steady,3.5,23.0,203.0,204.0,1.0,28.0,28.0,0.0,0.0,0.0,0.0,75.0,75.0,0.0,14.600000000000001,3.6,243.0,5.0,320.627436,621.992371,10294.874728,940.0,164.0,14.855072463768115,14.899999999999977,-27.100000000000023,-1.1000000000000227,13.300000000000011,68.95813953488371,60.0,62.0,80.8,84.0,89.16190476190476,80.8,92.0,90.0,96.0,fine
2026-01-01T12:05:15.503+00:00,658,replay,sample/replay,engine/SID807,decoded CSV,100%,2.1231413735536706,0.0,0.754,CLIMBING,↑,763.0,0.0,N,idle,67.0,,21.0,20.0,25.0,19.0,25.0,19.0,67.0,6.0,67.0,warming,982.0,-4.0,14.0,-18.0,315.0,316.0,-1.0,986.0,5.0,0.0,5.709487179487179,5.900320512820513,0.0,0.0,steady,3.5,23.0,202.0,201.0,-1.0,27.0,28.0,1.0,0.0,0.0,0.0,75.0,75.0,0.0,14.5,3.6,243.0,5.0,320.627436,621.992371,10294.874728,940.0,164.0,14.855072463768115,15.259999999999991,-27.45999999999998,-2.019999999999982,14.220000000000027,68.95813953488371,60.0,62.0,80.8,84.0,89.16190476190476,80.8,92.0,90.0,96.0,fine
2026-01-01T12:05:15.996+00:00,659,replay,sample/replay,engine/SID807,decoded CSV,100%,2.0283974403615064,0.0,0.754,CLIMBING,↑,764.0,0.0,N,idle,67.0,,21.0,20.0,25.0,19.0,25.0,19.0,67.0,6.0,67.0,warming,982.0,-3.0,15.0,-18.0,316.0,316.0,0.0,985.0,5.0,0.0,5.71948717948718,6.05698717948718,0.0,0.0,steady,3.5,23.0,203.0,205.0,2.0,27.0,28.0,1.0,0.0,0.0,0.0,75.0,75.0,0.0,14.600000000000001,3.6,243.0,5.0,320.627436,621.992371,10294.874728,940.0,164.0,14.855072463768115,14.480000000000018,-26.560000000000002,-1.759999999999991,13.839999999999975,68.95813953488371,60.0,62.0,80.8,84.0,89.16190476190476,80.8,92.0,90.0,96.0,fine
2026-01-01T12:05:16.456+00:00,660,replay,sample/replay,engine/SID807,decoded CSV,100%,2.1739139899418416,0.0,0.754,CLIMBING,↑,765.0,0.0,N,idle,67.0,,21.0,20.0,25.0,19.0,25.0,19.0,67.0,6.0,67.0,warming,982.0,-4.0,14.0,-18.0,318.0,316.0,2.0,986.0,5.0,0.0,5.709487179487179,6.182820512820513,0.0,0.0,steady,3.5,23.0,203.0,208.0,5.0,28.0,28.0,0.0,0.0,0.0,0.0,75.0,75.0,0.0,14.5,3.6,243.0,5.0,320.627436,621.992371,10294.874728,940.0,164.0,14.855072463768115,14.519999999999982,-26.600000000000023,-1.7200000000000273,13.800000000000011,68.95813953488371,60.0,62.0,80.8,84.0,89.16190476190476,80.8,92.0,90.0,96.0,fine
2026-01-01T12:05:16.935+00:00,661,replay,sample/replay,engine/SID807,decoded CSV,100%,2.087682273208725,0.0,0.754,CLIMBING,↑,764.0,0.0,N,idle,67.0,,21.0,20.0,25.0,19.0,25.0,19.0,67.0,6.0,67.0,warming,982.0,-4.0,14.0,-18.0,316.0,315.0,1.0,986.0,5.0,0.0,5.702820512820512,6.01948717948718,0.0,0.0,steady,3.5,23.0,203.0,204.0,1.0,27.0,28.0,1.0,0.0,0.0,0.0,75.0,75.0,0.0,14.600000000000001,3.6,243.0,5.0,320.627436,621.992371,10294.874728,940.0,164.0,14.855072463768115,15.720000000000027,-27.95999999999998,-2.839999999999975,15.079999999999984,68.95813953488371,60.0,62.0,80.8,84.0,89.16190476190476,80.8,92.0,90.0,96.0,fine
2026-01-01T12:05:17.393+00:00,662,replay,sample/replay,engine/SID807,decoded CSV,100%,2.183406377229253,0.0,0.754,CLIMBING,↑,764.0,0.0,N,idle,67.0,,21.0,20.0,25.0,19.0,25.0,19.0,67.0,6.0,67.0,warming,982.0,-5.0,13.0,-18.0,313.0,316.0,-3.0,987.0,5.0,0.0,5.699487179487179,5.999487179487179,0.0,0.0,steady,3.5,23.0,203.0,204.0,1.0,27.0,28.0,1.0,0.0,0.0,0.0,75.0,75.0,0.0,14.5,3.6,243.0,5.0,320.627436,621.992371,10294.874728,940.0,164.0,14.855072463768115,16.5,-29.339999999999975,-3.420000000000016,16.25999999999999,68.95813953488371,60.0,62.0,80.8,84.0,89.16190476190476,80.8,92.0,90.0,96.0,fine
2026-01-01T12:05:17.874+00:00,663,replay,sample/replay,engine/SID807,decoded CSV,100%,2.0790023098351393,0.0,0.754,CLIMBING,↑,767.0,0.0,N,idle,67.0,,21.0,20.0,25.0,19.0,25.0,19.0,67.0,6.0,67.0,warming,982.0,-4.0,14.0,-18.0,312.0,317.0,-5.0,986.0,5.0,0.0,5.754615384615384,6.143782051282051,0.0,0.0,steady,3.6,23.0,201.0,207.0,6.0,28.0,28.0,0.0,0.0,0.0,0.0,75.0,75.0,0.0,14.5,3.6,243.0,5.0,320.627436,621.992371,10294.874728,940.0,164.0,14.855072463768115,17.899999999999977,-30.980000000000018,-5.139999999999986,18.220000000000027,68.95813953488371,60.0,62.0,80.8,84.0,89.16190476190476,80.8,92.0,90.0,96.0,fine
2026-01-01T12:05:18.354+00:00,664,replay,sample/replay,engine/SID807,decoded CSV,100%,2.083333250549108,0.0,0.754,CLIMBING,↑,765.0,0.0,N,idle,67.0,,21.0,20.0,25.0,19.0,25.0,19.0,67.0,6.0,67.0,warming,982.0,-4.0,14.0,-18.0,314.0,317.0,-3.0,986.0,5.0,0.0,5.908461538461538,6.235961538461538,0.0,0.0,steady,4.0,23.0,203.0,205.0,2.0,28.0,28.0,0.0,0.0,0.0,0.0,75.0,75.0,0.0,14.5,3.6,243.0,5.0,320.627436,621.992371,10294.874728,940.0,164.0,14.855072463768115,20.139999999999986,-33.139999999999986,-6.819999999999993,19.819999999999993,68.95813953488371,60.0,62.0,80.8,84.0,89.16190476190476,80.8,92.0,90.0,96.0,fine
2026-01-01T12:05:18.815+00:00,665,replay,sample/replay,engine/SID807,decoded CSV,100%,2.16919755851082,0.0,0.754,CLIMBING,↑,760.0,0.0,N,idle,67.0,,21.0,20.0,25.0,19.0,25.0,19.0,67.0,6.0,67.0,warming,982.0,-4.0,14.0,-18.0,317.0,318.0,-1.0,986.0,5.0,0.0,5.722820512820512,6.101153846153847,0.0,0.0,steady,3.5,23.0,201.0,206.0,5.0,28.0,28.0,0.0,0.0,0.0,0.0,75.0,75.0,0.0,14.5,3.6,243.0,5.0,320.627436,621.992371,10294.874728,940.0,164.0,14.855072463768115,21.399999999999977,-33.95999999999998,-7.8799999999999955,20.439999999999998,68.95813953488371,60.0,62.0,80.8,84.0,89.16190476190476,80.8,92.0,90.0,96.0,fine
2026-01-01T12:05:19.294+00:00,666,replay,sample/replay,engine/SID807,decoded CSV,100%,2.087682273208725,0.0,0.754,CLIMBING,↑,1705.0,0.0,N,idle,67.0,,21.0,20.0,25.0,19.0,25.0,19.0,67.0,6.0,67.0,warming,970.0,-16.0,144.0,-160.0,363.0,388.0,-25.0,986.0,11.0,20.0,18.13948717948718,14.76198717948718,0.0,0.0,steady,12.600000000000001,24.0,376.0,255.0,-121.0,0.0,1.0,1.0,0.0,0.0,0.0,93.0,86.0,-7.0,14.3,3.6,243.0,11.0,320.627436,621.992371,10294.874728,940.0,164.0,14.855072463768115,0.0,0.0,0.0,0.0,64.23752176505666,48.23723076923077,62.0,80.8,75.16666666666667,87.24881784881785,80.8,92.0,81.96503496503496,96.0,fine
2026-01-01T12:05:19.924+00:00,667,replay,sample/replay,engine/SID807,decoded CSV,100%,1.5873012989647337,0.0,0.754,CLIMBING,↑,1848.0,0.0,N,idle,67.0,,21.0,20.0,25.0,19.0,25.0,19.0,67.0,6.0,67.0,warming,1019.0,33.0,188.0,-155.0,932.0,890.0,42.0,986.0,21.0,26.0,24.29153846153846,21.909871794871794,0.0,0.0,steady,12.9,25.0,288.0,314.0,26.0,10.0,9.0,-1.0,0.0,0.0,0.0,78.0,83.0,5.0,14.5,3.6,243.0,21.0,320.627436,621.992371,10294.874728,940.0,164.0,14.855072463768115,0.0,0.0,0.0,0.0,63.94594633273704,42.76880769230769,62.0,80.8,82.75,87.75497835497836,80.8,92.0,84.0909090909091,96.0,fine
2026-01-01T12:05:20.415+00:00,668,replay,sample/replay,engine/SID807,decoded CSV,100%,2.0366601388849097,0.0,0.76,CLIMBING,↑,1557.0,2.485484,N,accelerating,67.0,,21.0,20.0,26.0,19.0,26.0,19.0,67.0,7.0,67.0,warming,1066.0,81.0,427.0,-346.0,1003.0,983.0,20.0,985.0,22.0,26.0,30.840000000000003,28.039166666666667,2.2629550097679365,0.2307571912699991,pulling,22.1,25.0,478.0,375.0,-103.0,0.0,1.0,1.0,0.0,0.0,0.0,96.0,86.0,-10.0,14.5,3.6,244.0,22.0,320.627436,621.992371,10294.874728,940.0,164.0,14.855072463768115,0.0,0.0,0.0,0.0,73.79270025839793,65.0,82.47574074074073,80.8,61.24999999999999,82.92480852480851,80.8,92.0,63.8041958041958,96.0,fine
2026-01-01T12:05:20.860+00:00,669,replay,sample/replay,engine/SID807,decoded CSV,100%,2.247191348351027,0.0,0.76,CLIMBING,↑,1532.0,5.592339,N,accelerating,67.0,,21.0,20.0,26.0,19.0,26.0,19.0,67.0,7.0,67.0,warming,1182.0,197.0,490.0,-293.0,1004.0,1001.0,3.0,985.0,26.0,26.0,33.74384615384615,35.61217948717948,3.1210981293388285,0.31826343647818867,pulling,27.700000000000003,25.0,535.0,470.0,-65.0,0.0,0.0,0.0,0.0,0.0,0.0,94.0,92.0,-2.0,14.5,3.6,244.0,26.0,320.627436,621.992371,10294.874728,940.0,164.0,14.855072463768115,0.0,0.0,0.0,0.0,68.77868217054264,48.0,78.0,80.8,69.18333333333334,84.76796536796536,80.8,92.0,71.54545454545455,96.0,fine
2026-01-01T12:05:21.456+00:00,670,replay,sample/replay,engine/SID807,decoded CSV,100%,1.6778524724928545,0.0,0.76,CLIMBING,↑,1748.0,8.699194,1,accelerating,67.0,,21.0,20.0,27.0,19.0,27.0,19.0,67.0,8.0,67.0,warming,1313.0,327.0,839.0,-512.0,980.0,979.0,1.0,986.0,28.0,41.0,44.6448717948718,42.184038461538464,2.3303499352855113,0.23762956109227018,pulling,33.7,25.0,691.0,511.0,-180.0,0.0,0.0,0.0,0.0,0.0,0.0,100.0,94.0,-6.0,14.5,3.6,244.0,28.0,320.627436,621.992371,10294.874728,940.0,164.0,14.855072463768115,0.0,0.0,0.0,0.0,76.2689144802226,94.0,71.19955484330484,80.8,50.91,81.79615384615384,80.8,92.0,59.06384615384616,96.0,fine
2026-01-01T12:05:21.938+00:00,671,replay,sample/replay,engine/SID807,decoded CSV,100%,2.074688312298587,0.0,0.76,CLIMBING,↑,2183.0,11.184678,1,accelerating,67.0,,21.0,20.0,27.0,19.0,27.0,19.0,67.0,8.0,67.0,warming,1470.0,484.0,1024.0,-540.0,1205.0,1189.0,16.0,986.0,43.0,42.0,46.47179487179487,48.940128205128204,2.305208522710906,0.23506585049032097,pulling,28.700000000000003,26.0,705.0,594.0,-111.0,0.0,0.0,0.0,0.0,0.0,0.0,98.0,99.0,1.0,14.5,3.6,245.0,43.0,320.627436,621.992371,10294.874728,940.0,164.0,14.855072463768115,0.0,0.0,0.0,0.0,77.33424766448022,94.0,71.50484330484329,80.8,56.8,83.09322344322344,80.8,92.0,64.51153846153846,96.0,fine
2026-01-01T12:05:22.408+00:00,672,replay,sample/replay,engine/SID807,decoded CSV,100%,2.127659444951436,0.0,0.76,CLIMBING,↑,1930.0,12.42742,N,clutch,67.0,,21.0,20.0,29.0,19.0,29.0,19.0,67.0,10.0,67.0,warming,1526.0,539.0,17.0,522.0,986.0,1001.0,-15.0,987.0,50.0,27.0,18.409999999999997,31.8275,1.1820326592803707,0.12053378669376094,pulling,0.0,23.0,475.0,469.0,-6.0,0.0,0.0,0.0,0.0,0.0,0.0,94.0,86.0,-8.0,14.5,3.6,245.0,50.0,320.627436,621.992371,10294.874728,940.0,164.0,14.855072463768115,0.0,0.0,0.0,0.0,67.44651162790697,48.0,78.0,80.8,61.0,83.44761904761904,80.8,92.0,66.0,96.0,fine
2026-01-01T12:05:22.875+00:00,673,replay,sample/replay,engine/SID807,decoded CSV,100%,2.1413275881433984,0.0,0.765,CLIMBING,↑,1646.0,14.291533,1,accelerating,67.0,,21.0,20.0,27.0,19.0,27.0,19.0,67.0,8.0,67.0,warming,1573.0,587.0,1219.0,-632.0,873.0,872.0,1.0,986.0,49.0,49.0,49.600769230769224,49.29576923076923,1.7844391047233616,0.1819621486158231,pulling,30.5,27.0,746.0,646.0,-100.0,0.0,0.0,0.0,0.0,0.0,0.0,99.0,94.0,-5.0,14.5,3.6,246.0,49.0,320.627436,621.992371,10294.874728,940.0,164.0,14.855072463768115,0.0,0.0,0.0,0.0,74.66055498961991,87.5,68.4211465257993,80.8,58.126666666666665,83.3923076923077,80.8,92.0,65.76769230769231,96.0,fine
2026-01-01T12:05:23.386+00:00,674,replay,sample/replay,engine/SID807,decoded CSV,100%,1.9569474765185657,0.0,0.765,CLIMBING,↑,1700.0,16.777017,2,accelerating,67.0,,21.0,20.0,29.0,19.0,29.0,19.0,67.0,10.0,67.0,warming,1764.0,777.0,1101.0,-324.0,969.0,1034.0,-65.0,987.0,45.0,53.0,52.36615384615384,55.197820512820506,2.1743854123177604,0.22172560582031178,pulling,34.7,26.0,728.0,654.0,-74.0,0.0,0.0,0.0,0.0,0.0,0.0,95.0,91.0,-4.0,14.5,3.6,246.0,45.0,320.627436,621.992371,10294.874728,940.0,164.0,14.855072463768115,0.0,0.0,0.0,0.0,76.32272515956625,90.875,65.7163121240899,80.8,68.34750000000001,84.93423860453274,80.8,91.762,72.60080213903744,96.0,fine
2026-01-01T12:05:23.891+00:00,675,replay,sample/replay,engine/SID807,decoded CSV,100%,1.9801975710581627,0.0,0.765,CLIMBING,↑,1923.0,19.262501,2,accelerating,67.0,,21.0,20.0,28.0,19.0,28.0,19.0,67.0,9.0,67.0,warming,1851.0,865.0,1401.0,-536.0,1161.0,1157.0,4.0,986.0,54.0,53.0,59.18615384615384,65.36282051282052,2.200218842702843,0.22435988260036233,pulling,42.5,26.0,838.0,752.0,-86.0,0.0,0.0,0.0,0.0,0.0,0.0,100.0,100.0,0.0,14.5,3.6,247.0,54.0,320.627436,621.992371,10294.874728,940.0,164.0,14.855072463768115,0.0,0.0,0.0,0.0,74.49721159367476,94.0,61.41200656853434,80.8,61.0,81.77940476190477,80.8,87.32900000000001,66.0,96.0,fine
2026-01-01T12:05:24.383+00:00,676,replay,sample/replay,engine/SID807,decoded CSV,100%,2.0325208846494736,0.0,0.765,CLIMBING,↑,2149.0,21.747985,2,accelerating,67.0,,21.0,19.0,30.0,19.0,30.0,19.0,67.0,11.0,67.0,warming,2205.0,1219.0,1465.0,-246.0,1252.0,1233.0,19.0,986.0,74.0,56.0,60.959743589743596,75.19974358974359,2.2583558398181025,0.23028820645359044,pulling,41.400000000000006,26.0,894.0,832.0,-62.0,0.0,0.0,0.0,0.0,0.0,0.0,84.0,89.0,5.0,14.5,3.6,247.0,74.0,320.627436,621.992371,10294.874728,940.0,164.0,14.855072463768115,0.0,0.0,0.0,0.0,77.77091774056406,94.0,60.459964189616954,80.8,83.15,82.624481292517,80.8,77.06188095238095,84.95,96.0,fine
2026-01-01T12:05:24.814+00:00,677,replay,sample/replay,engine/SID807,decoded CSV,100%,2.3201856456524563,0.0,0.765,CLIMBING,↑,2401.0,24.233469,2,accelerating,67.0,,21.0,19.0,30.0,19.0,30.0,19.0,67.0,11.0,67.0,warming,2324.0,1338.0,1440.0,-102.0,1331.0,1328.0,3.0,986.0,96.0,56.0,61.07,77.97666666666669,2.5779832531585574,0.2628811320031364,pulling,40.300000000000004,27.0,925.0,828.0,-97.0,0.0,0.0,0.0,0.0,0.0,0.0,75.0,76.0,1.0,14.5,3.6,248.0,96.0,320.627436,621.992371,10294.874728,940.0,164.0,14.855072463768115,0.0,0.0,0.0,0.0,79.42625340941719,94.0,60.608593106995876,80.8,93.0,82.586981292517,80.8,73.59021428571428,90.0,96.0,fine
2026-01-01T12:05:25.263+00:00,678,replay,sample/replay,engine/SID807,decoded CSV,100%,2.227170896161568,0.0,0.765,CLIMBING,↑,2355.0,25.476211,N,clutch,67.0,,21.0,19.0,30.0,19.0,30.0,19.0,67.0,11.0,67.0,warming,2267.0,1281.0,33.0,1248.0,1365.0,1287.0,78.0,986.0,97.0,0.0,19.676666666666666,65.0,1.237316781737969,0.12617119829278797,pulling,22.1,24.0,485.0,692.0,207.0,0.0,4.0,4.0,0.0,0.0,0.0,85.0,75.0,-10.0,14.5,3.6,248.0,97.0,320.627436,621.992371,10294.874728,940.0,164.0,14.855072463768115,0.0,0.0,0.0,0.0,64.84186046511628,48.0,78.0,80.8,45.0,77.19722658294087,80.8,81.11428571428571,56.07692307692308,96.0,fine
2026-01-01T12:05:25.703+00:00,679,replay,sample/replay,engine/SID807,decoded CSV,100%,2.272728208668361,0.0,0.765,CLIMBING,↑,1785.0,26.718953,N,accelerating,67.0,,21.0,19.0,27.0,19.0,27.0,19.0,67.0,8.0,67.0,warming,1778.0,792.0,1134.0,-342.0,814.0,831.0,-17.0,986.0,66.0,46.0,46.85051282051282,51.98051282051282,1.2626263919671104,0.1287520602822687,pulling,29.0,27.0,642.0,640.0,-2.0,3.0,4.0,1.0,0.0,0.0,0.0,88.0,82.0,-6.0,14.5,3.6,249.0,66.0,320.627436,621.992371,10294.874728,940.0,164.0,14.855072463768115,0.0,0.0,0.0,0.0,66.54926778970383,48.0,70.36923433048433,80.8,71.84,84.95021645021644,80.8,92.0,72.31090909090909,96.0,fine
2026-01-01T12:05:26.153+00:00,680,replay,sample/replay,engine/SID807,decoded CSV,100%,2.2222219867471074,0.0,0.765,CLIMBING,↑,1674.0,27.961695,3,accelerating,67.0,,21.0,19.0,28.0,19.0,28.0,19.0,67.0,9.0,67.0,warming,1712.0,726.0,516.0,210.0,1020.0,1077.0,-57.0,986.0,48.0,51.0,43.56820512820512,51.39153846153846,1.2345673884694208,0.12589083820360886,pulling,28.5,25.0,531.0,632.0,101.0,3.0,2.0,-1.0,0.0,0.0,0.0,81.0,83.0,2.0,14.5,3.6,250.0,48.0,320.627436,621.992371,10294.874728,940.0,164.0,14.855072463768115,0.0,0.0,0.0,0.0,79.2014726197575,94.0,70.85330484330484,80.8,69.66625,85.97897102897103,80.8,92.0,76.63167832167832,96.0,fine
2026-01-01T12:05:26.621+00:00,681,replay,sample/replay,engine/SID807,decoded CSV,100%,2.1367513442880175,0.0,0.765,CLIMBING,↑,1732.0,28.583066,3,accelerating,67.0,,21.0,19.0,27.0,19.0,27.0,19.0,67.0,8.0,67.0,warming,1454.0,468.0,312.0,156.0,1013.0,1008.0,5.0,986.0,49.0,54.0,39.00666666666666,42.58916666666667,0.5935418564523426,0.06052442541054719,gaining,20.8,24.0,396.0,587.0,191.0,60.0,51.0,-9.0,0.0,0.0,0.0,0.0,23.0,23.0,14.5,3.6,250.0,49.0,320.627436,621.992371,10294.874728,940.0,164.0,14.855072463768115,0.0,0.0,0.0,0.0,80.27089793281654,94.0,73.99657407407408,80.8,69.5,85.35761381475668,80.8,92.0,74.02197802197801,96.0,fine
2026-01-01T12:05:27.069+00:00,682,replay,sample/replay,engine/SID807,decoded CSV,100%,2.232143085221878,0.0,0.765,CLIMBING,↑,1759.0,29.204437,3,accelerating,67.0,,21.0,19.0,26.0,19.0,26.0,19.0,67.0,7.0,67.0,warming,1173.0,187.0,176.0,11.0,924.0,907.0,17.0,986.0,35.0,54.0,34.93487179487179,28.72653846153846,0.6200395540695497,0.06322643859723247,gaining,15.5,24.0,305.0,410.0,105.0,0.0,4.0,4.0,0.0,0.0,0.0,0.0,0.0,0.0,14.5,3.6,250.0,35.0,320.627436,621.992371,10294.874728,940.0,164.0,14.855072463768115,0.0,0.0,0.0,0.0,84.16714122440867,94.0,76.88247150997151,80.8,87.25,88.42930402930402,80.8,92.0,86.92307692307692,96.0,fine
2026-01-01T12:05:27.511+00:00,683,replay,sample/replay,engine/SID807,decoded CSV,100%,2.2624438880144475,0.0,0.765,CLIMBING,↑,1782.0,29.825808000000002,3,coasting,67.0,,21.0,19.0,26.0,19.0,26.0,19.0,67.0,7.0,67.0,warming,1123.0,137.0,73.0,64.0,754.0,766.0,-12.0,986.0,22.0,0.0,11.834102564102565,21.15576923076923,0.6284564411301722,0.06408472221708456,gaining,9.700000000000001,24.0,252.0,318.0,66.0,18.0,14.0,-4.0,0.0,0.0,0.0,76.0,80.0,4.0,14.5,3.6,251.0,22.0,320.627436,621.992371,10294.874728,940.0,164.0,14.855072463768115,0.0,0.0,0.0,0.0,89.8129231404183,94.0,94.58371300253245,80.8,84.0,91.3047619047619,80.8,98.0,90.0,96.0,fine
2026-01-01T12:05:27.983+00:00,684,replay,sample/replay,engine/SID807,decoded CSV,100%,2.1186435198655156,0.0,0.765,CLIMBING,↑,1559.0,29.825808000000002,N,clutch,67.0,,21.0,19.0,27.0,19.0,27.0,19.0,67.0,8.0,67.0,warming,1078.0,92.0,14.0,78.0,622.0,614.0,8.0,986.0,18.0,21.0,13.7,16.739166666666666,0.0,0.0,steady,0.0,23.0,438.0,363.0,-75.0,0.0,1.0,1.0,0.0,0.0,0.0,100.0,99.0,-1.0,14.5,3.6,251.0,18.0,320.627436,621.992371,10294.874728,940.0,164.0,14.855072463768115,0.0,0.0,0.0,0.0,72.65581395348836,48.0,78.0,80.8,93.0,89.16190476190476,80.8,92.0,90.0,96.0,fine
2026-01-01T12:05:28.445+00:00,685,replay,sample/replay,engine/SID807,decoded CSV,100%,2.1645026649217036,0.0,0.765,CLIMBING,↑,1252.0,29.825808000000002,4,cruise,67.0,,21.0,19.0,27.0,19.0,27.0,19.0,67.0,8.0,67.0,warming,1085.0,98.0,15.0,83.0,533.0,418.0,115.0,987.0,16.0,27.0,15.237948717948717,13.519615384615385,0.0,0.0,steady,2.3000000000000003,22.0,220.0,294.0,74.0,7.0,11.0,4.0,0.0,0.0,0.0,79.0,78.0,-1.0,14.5,3.6,251.0,16.0,320.627436,621.992371,10294.874728,940.0,164.0,14.855072463768115,16.529999999999973,-25.80000000000001,-6.2900000000000205,15.560000000000002,85.51911040438172,87.875,91.62756093700538,80.8,74.45833333333333,87.31639732816204,80.8,92.0,82.24886877828054,96.0,fine
2026-01-01T12:05:28.892+00:00,686,replay,sample/replay,engine/SID807,decoded CSV,100%,2.2371363316823603,0.0,0.765,CLIMBING,↑,1263.0,29.825808000000002,4,cruise,67.0,,21.0,19.0,27.0,19.0,27.0,19.0,67.0,8.0,67.0,warming,1038.0,52.0,14.0,38.0,437.0,456.0,-19.0,986.0,15.0,28.0,15.327435897435896,13.85826923076923,0.0,0.0,steady,0.6000000000000001,23.0,407.0,357.0,-50.0,0.0,0.0,0.0,0.0,0.0,0.0,86.0,82.0,-4.0,14.5,3.6,251.0,15.0,320.627436,621.992371,10294.874728,940.0,164.0,14.855072463768115,21.519999999999982,-33.589999999999975,-8.189999999999998,20.25999999999999,88.75297482000485,88.5625,91.69519448401392,80.8,93.0,89.16190476190476,80.8,92.0,90.0,96.0,fine
2026-01-01T12:05:29.331+00:00,687,replay,sample/replay,engine/SID807,decoded CSV,100%,2.2779048921440785,0.0,0.765,CLIMBING,↑,1257.0,29.825808000000002,4,cruise,67.0,,21.0,19.0,27.0,19.0,27.0,19.0,67.0,8.0,67.0,warming,1029.0,43.0,14.0,29.0,447.0,464.0,-17.0,986.0,17.0,28.0,15.149999999999999,13.899166666666666,0.0,0.0,steady,0.0,23.0,407.0,367.0,-40.0,0.0,0.0,0.0,0.0,0.0,0.0,85.0,84.0,-1.0,14.5,3.6,251.0,17.0,320.627436,621.992371,10294.874728,940.0,164.0,14.855072463768115,21.95999999999998,-34.27999999999997,-8.360000000000014,20.680000000000007,88.69530487367213,88.1875,91.82987397119341,80.8,93.0,89.16190476190476,80.8,92.0,90.0,96.0,fine
2026-01-01T12:05:29.790+00:00,688,replay,sample/replay,engine/SID807,decoded CSV,100%,2.1786487123841543,0.0,0.765,CLIMBING,↑,1243.0,29.204437,4,decelerating,67.0,,21.0,19.0,27.0,19.0,27.0,19.0,67.0,8.0,67.0,warming,1029.0,43.0,14.0,29.0,441.0,439.0,2.0,986.0,15.0,27.0,15.017948717948718,12.322115384615385,-0.6051800106562617,-0.06171118686363455,easing,1.0,23.0,230.0,317.0,87.0,13.0,11.0,-2.0,0.0,0.0,0.0,81.0,84.0,3.0,14.5,3.6,251.0,15.0,320.627436,621.992371,10294.874728,940.0,164.0,14.855072463768115,19.560000000000002,-30.529999999999973,-7.439999999999998,18.420000000000016,87.75956583073832,87.3125,91.83075538144982,80.8,88.75,88.75897435897434,80.8,92.0,88.3076923076923,96.0,fine
2026-01-01T12:05:30.231+00:00,689,replay,sample/replay,engine/SID807,decoded CSV,100%,2.2675737746041493,0.0,0.765,CLIMBING,↑,1252.0,29.204437,4,cruise,67.0,,21.0,19.0,27.0,19.0,27.0,19.0,67.0,8.0,67.0,warming,1014.0,28.0,21.0,7.0,425.0,441.0,-16.0,986.0,10.0,35.0,18.974358974358974,9.993525641025641,0.0,0.0,steady,3.4000000000000004,24.0,205.0,239.0,34.0,21.0,20.0,-1.0,0.0,0.0,0.0,76.0,83.0,7.0,14.5,3.6,251.0,10.0,320.627436,621.992371,10294.874728,940.0,164.0,14.855072463768115,14.350000000000023,-22.399999999999977,-5.4599999999999795,13.509999999999991,87.78787158506152,87.875,89.47856521050966,80.8,93.0,89.16190476190476,80.8,92.0,90.0,96.0,fine
2026-01-01T12:05:30.689+00:00,690,replay,sample/replay,engine/SID807,decoded CSV,100%,2.183406377229253,0.0,0.765,CLIMBING,↑,1224.0,28.583066,4,lugging,67.0,,21.0,19.0,27.0,19.0,27.0,19.0,67.0,8.0,67.0,warming,1007.0,20.0,25.0,-5.0,472.0,482.0,-10.0,987.0,8.0,41.0,22.46461538461538,10.107115384615383,-0.6065015838154781,-0.0618459498213435,easing,6.2,24.0,218.0,211.0,-7.0,23.0,24.0,1.0,0.0,0.0,0.0,76.0,80.0,4.0,14.5,3.6,251.0,8.0,320.627436,621.992371,10294.874728,940.0,164.0,14.855072463768115,8.029999999999973,-12.54000000000002,-3.0500000000000114,7.560000000000002,79.58084873782548,62.0,86.65176638176638,80.8,93.0,68.44761904761904,80.8,50.0,66.0,96.0,lugging
2026-01-01T12:05:31.132+00:00,691,replay,sample/replay,engine/SID807,decoded CSV,100%,2.257335944635233,0.0,0.765,CLIMBING,↑,1219.0,29.204437,4,lugging,67.0,,21.0,19.0,26.0,19.0,26.0,19.0,67.0,7.0,67.0,warming,1000.0,14.0,43.0,-29.0,536.0,542.0,-6.0,986.0,9.0,45.0,26.136923076923075,12.296923076923077,0.627037568408241,0.06394003746521401,gaining,10.600000000000001,24.0,239.0,216.0,-23.0,21.0,24.0,3.0,0.0,0.0,0.0,76.0,78.0,2.0,14.5,3.6,251.0,9.0,320.627436,621.992371,10294.874728,940.0,164.0,14.855072463768115,0.0,0.0,0.0,0.0,78.41620204730671,62.0,83.31311253561253,80.8,93.0,68.44761904761904,80.8,50.0,66.0,96.0,lugging
2026-01-01T12:05:31.802+00:00,692,replay,sample/replay,engine/SID807,decoded CSV,100%,1.4925371434753028,0.0,0.765,CLIMBING,↑,1224.0,28.583066,4,lugging,67.0,,21.0,19.0,26.0,19.0,26.0,19.0,67.0,7.0,67.0,warming,1001.0,13.0,49.0,-36.0,587.0,578.0,9.0,988.0,10.0,46.0,27.709999999999994,14.347500000000002,-0.4145935227000364,-0.042276773689285986,easing,13.0,24.0,255.0,237.0,-18.0,18.0,18.0,0.0,0.0,0.0,0.0,76.0,77.0,1.0,14.600000000000001,3.6,251.0,10.0,320.627436,621.992371,10294.874728,940.0,164.0,14.855072463768115,0.0,0.0,0.0,0.0,77.92307816537468,62.0,81.89949074074075,80.8,93.0,68.44761904761904,80.8,50.0,66.0,96.0,lugging
2026-01-01T12:05:32.229+00:00,693,replay,sample/replay,engine/SID807,decoded CSV,100%,2.341921431271486,0.0,0.765,CLIMBING,↑,1230.0,29.204437,4,lugging,67.0,,21.0,19.0,26.0,19.0,26.0,19.0,67.0,7.0,67.0,warming,1003.0,17.0,64.0,-47.0,599.0,598.0,1.0,986.0,11.0,46.0,28.53179487179487,16.027628205128206,0.6505335296492225,0.06633595872690701,gaining,14.4,24.0,274.0,263.0,-11.0,16.0,16.0,0.0,0.0,0.0,0.0,76.0,76.0,0.0,14.600000000000001,3.6,251.0,11.0,320.627436,621.992371,10294.874728,940.0,164.0,14.855072463768115,0.0,0.0,0.0,0.0,77.69035231564301,62.0,81.2323433048433,80.8,93.0,68.44761904761904,80.8,50.0,66.0,96.0,lugging
2026-01-01T12:05:32.684+00:00,694,replay,sample/replay,engine/SID807,decoded CSV,100%,2.197801414686265,0.0,0.771,CLIMBING,↑,1221.0,29.204437,4,lugging,68.0,,21.0,19.0,26.0,19.0,26.0,19.0,68.0,7.0,68.0,warming,1006.0,19.0,68.0,-49.0,621.0,620.0,1.0,987.0,11.0,46.0,29.026153846153843,16.747820512820514,0.0,0.0,steady,15.200000000000001,24.0,282.0,270.0,-12.0,15.0,15.0,0.0,0.0,0.0,0.0,76.0,76.0,0.0,14.5,3.6,251.0,11.0,320.627436,621.992371,10294.874728,940.0,164.0,14.855072463768115,0.0,0.0,0.0,0.0,77.7424990061618,62.0,80.84183048433047,81.7,93.0,68.68333333333334,81.7,50.0,66.0,96.0,lugging
2026-01-01T12:05:33.160+00:00,695,replay,sample/replay,engine/SID807,decoded CSV,100%,2.100841076931091,0.0,0.771,CLIMBING,↑,1216.0,28.583066,4,lugging,68.0,,21.0,19.0,26.0,19.0,26.0,19.0,68.0,7.0,68.0,warming,1012.0,26.0,74.0,-48.0,608.0,619.0,-11.0,986.0,11.0,46.0,29.271794871794867,17.32846153846154,-0.5835667852725782,-0.05950725122978573,easing,15.700000000000001,24.0,296.0,280.0,-16.0,14.0,15.0,1.0,0.0,0.0,0.0,76.0,76.0,0.0,14.600000000000001,3.6,251.0,11.0,320.627436,621.992371,10294.874728,940.0,164.0,14.855072463768115,0.0,0.0,0.0,0.0,77.66564301331745,62.0,80.62150997150997,81.7,93.0,68.68333333333334,81.7,50.0,66.0,96.0,lugging
2026-01-01T12:05:33.603+00:00,696,replay,sample/replay,engine/SID807,decoded CSV,100%,2.257335944635233,0.0,0.771,CLIMBING,↑,1213.0,28.583066,4,lugging,68.0,,21.0,19.0,26.0,19.0,26.0,19.0,68.0,7.0,68.0,warming,1015.0,29.0,102.0,-73.0,679.0,686.0,-7.0,986.0,14.0,46.0,31.30615384615384,20.83698717948718,0.0,0.0,steady,19.1,24.0,352.0,325.0,-27.0,5.0,5.0,0.0,0.0,0.0,0.0,85.0,79.0,-6.0,14.5,3.6,251.0,14.0,320.627436,621.992371,10294.874728,940.0,164.0,14.855072463768115,0.0,0.0,0.0,0.0,77.095405982906,62.0,78.98683048433048,81.7,93.0,68.68333333333334,81.7,50.0,66.0,96.0,lugging
2026-01-01T12:05:34.085+00:00,697,replay,sample/replay,engine/SID807,decoded CSV,100%,2.074688312298587,0.0,0.775,CLIMBING,↑,1217.0,28.583066,4,lugging,68.0,,21.0,19.0,26.0,19.0,26.0,19.0,68.0,7.0,68.0,warming,1043.0,55.0,280.0,-225.0,791.0,781.0,10.0,988.0,16.0,46.0,35.68102564102564,25.566858974358976,0.0,0.0,steady,24.200000000000003,24.0,422.0,367.0,-55.0,0.0,0.0,0.0,0.0,0.0,0.0,90.0,84.0,-6.0,14.600000000000001,3.6,251.0,16.0,320.627436,621.992371,10294.874728,940.0,164.0,14.855072463768115,0.0,0.0,0.0,0.0,73.44872291790897,62.0,76.03856125356126,81.7,76.91666666666667,68.68333333333334,81.7,50.0,66.0,96.0,lugging
2026-01-01T12:05:34.596+00:00,698,replay,sample/replay,engine/SID807,decoded CSV,100%,1.9569474765185657,0.0,0.775,CLIMBING,↑,1215.0,28.583066,4,lugging,68.0,,21.0,19.0,27.0,19.0,27.0,19.0,68.0,8.0,68.0,warming,1084.0,97.0,313.0,-216.0,818.0,810.0,8.0,987.0,17.0,46.0,37.05051282051282,27.811346153846156,0.0,0.0,steady,26.400000000000002,24.0,441.0,381.0,-60.0,0.0,0.0,0.0,0.0,0.0,0.0,90.0,87.0,-3.0,14.5,3.6,251.0,17.0,320.627436,621.992371,10294.874728,940.0,164.0,14.855072463768115,0.0,0.0,0.0,0.0,73.19488794474259,62.0,74.960900997151,81.7,77.66666666666667,68.68333333333334,81.7,50.0,66.0,96.0,lugging
2026-01-01T12:05:35.054+00:00,699,replay,sample/replay,engine/SID807,decoded CSV,100%,2.183406377229253,0.0,0.781,CLIMBING,↑,1222.0,28.583066,4,lugging,68.0,,21.0,19.0,27.0,19.0,27.0,19.0,68.0,8.0,68.0,warming,1113.0,127.0,326.0,-199.0,823.0,814.0,9.0,986.0,18.0,47.0,37.86102564102564,29.046858974358972,0.0,0.0,steady,26.8,25.0,449.0,395.0,-54.0,0.0,0.0,0.0,0.0,0.0,0.0,90.0,88.0,-2.0,14.600000000000001,3.6,251.0,18.0,320.627436,621.992371,10294.874728,940.0,164.0,14.855072463768115,0.0,0.0,0.0,0.0,73.18195935201749,62.0,74.26272792022792,81.7,79.08333333333333,68.68333333333334,81.7,50.0,66.0,96.0,lugging
2026-01-01T12:05:35.483+00:00,700,replay,sample/replay,engine/SID807,decoded CSV,100%,2.3310015744513177,0.0,0.781,CLIMBING,↑,1227.0,29.204437,4,lugging,68.0,,21.0,19.0,27.0,19.0,27.0,19.0,68.0,8.0,68.0,warming,1137.0,151.0,331.0,-180.0,816.0,828.0,-12.0,986.0,18.0,48.0,38.43512820512821,29.910128205128203,0.6475002370264928,0.06602664896029663,gaining,27.400000000000002,24.0,453.0,402.0,-51.0,0.0,0.0,0.0,0.0,0.0,0.0,90.0,89.0,-1.0,14.5,3.6,251.0,18.0,320.627436,621.992371,10294.874728,940.0,164.0,14.855072463768115,0.0,0.0,0.0,0.0,73.26733874975154,62.0,73.76859330484331,81.7,80.66666666666667,68.68333333333334,81.7,50.0,66.0,96.0,lugging
2026-01-01T12:05:35.952+00:00,701,replay,sample/replay,engine/SID807,decoded CSV,100%,2.132196786380957,0.0,0.781,CLIMBING,↑,1241.0,29.204437,4,lugging,68.0,,21.0,19.0,27.0,19.0,27.0,19.0,68.0,8.0,68.0,warming,1153.0,167.0,289.0,-122.0,811.0,815.0,-4.0,986.0,20.0,48.0,37.15923076923077,29.383397435897436,0.0,0.0,steady,25.400000000000002,24.0,431.0,401.0,-30.0,0.0,0.0,0.0,0.0,0.0,0.0,90.0,89.0,-1.0,14.600000000000001,3.6,251.0,20.0,320.627436,621.992371,10294.874728,940.0,164.0,14.855072463768115,0.0,0.0,0.0,0.0,74.39995651957861,62.0,74.75987535612535,81.7,85.5,68.68333333333334,81.7,50.0,66.0,96.0,lugging
2026-01-01T12:05:36.422+00:00,702,replay,sample/replay,engine/SID807,decoded CSV,100%,2.127659444951436,0.0,0.781,CLIMBING,↑,1249.0,29.204437,4,lugging,68.0,,21.0,19.0,27.0,19.0,27.0,19.0,68.0,8.0,68.0,warming,1155.0,168.0,317.0,-149.0,804.0,804.0,0.0,987.0,20.0,48.0,36.86589743589743,29.030064102564104,0.0,0.0,steady,24.1,24.0,450.0,405.0,-45.0,0.0,0.0,0.0,0.0,0.0,0.0,90.0,89.0,-1.0,14.5,3.6,252.0,20.0,320.627436,621.992371,10294.874728,940.0,164.0,14.855072463768115,0.0,0.0,0.0,0.0,74.18832861260186,62.0,75.20320868945869,81.7,83.25,68.68333333333334,81.7,50.0,66.0,96.0,lugging
2026-01-01T12:05:36.900+00:00,703,replay,sample/replay,engine/SID807,decoded CSV,100%,2.092050534770961,0.0,0.787,CLIMBING,↑,1260.0,29.825808000000002,4,lugging,68.0,,21.0,19.0,27.0,19.0,27.0,19.0,68.0,8.0,68.0,warming,1181.0,194.0,543.0,-349.0,838.0,844.0,-6.0,987.0,20.0,48.0,41.08487179487179,31.94403846153846,0.5811249687613185,0.05925825524122086,gaining,28.5,24.0,548.0,419.0,-129.0,0.0,0.0,0.0,0.0,0.0,0.0,100.0,100.0,0.0,14.5,3.6,252.0,20.0,320.627436,621.992371,10294.874728,940.0,164.0,14.855072463768115,0.0,0.0,0.0,0.0,69.34620130192805,62.0,72.49288817663817,81.7,59.313333333333325,67.73368298368298,81.7,50.0,62.01146853146853,96.0,lugging
2026-01-01T12:05:37.346+00:00,704,replay,sample/replay,engine/SID807,decoded CSV,100%,2.242151967754696,0.0,0.787,CLIMBING,↑,1282.0,30.447179000000002,4,lugging,68.0,,21.0,19.0,27.0,19.0,27.0,19.0,68.0,8.0,68.0,warming,1228.0,242.0,661.0,-419.0,851.0,855.0,-4.0,986.0,21.0,48.0,42.7574358974359,33.69826923076923,0.6228197983574135,0.06350994461486986,gaining,29.200000000000003,25.0,590.0,433.0,-157.0,0.0,0.0,0.0,0.0,0.0,0.0,100.0,100.0,0.0,14.5,3.6,252.0,21.0,320.627436,621.992371,10294.874728,940.0,164.0,14.855072463768115,0.0,0.0,0.0,0.0,67.81533740806996,62.0,71.60285612535613,81.7,51.81666666666666,67.21263736263735,81.7,50.0,59.823076923076925,96.0,lugging
2026-01-01T12:05:37.819+00:00,705,replay,sample/replay,engine/SID807,decoded CSV,100%,2.1141646832057566,0.0,0.787,CLIMBING,↑,1307.0,30.447179000000002,4,lugging,68.0,,21.0,19.0,27.0,19.0,27.0,19.0,68.0,8.0,68.0,warming,1271.0,285.0,696.0,-411.0,873.0,867.0,6.0,986.0,23.0,48.0,43.76435897435897,35.859358974358976,0.0,0.0,steady,30.700000000000003,25.0,609.0,450.0,-159.0,0.0,0.0,0.0,0.0,0.0,0.0,100.0,100.0,0.0,14.600000000000001,3.6,252.0,23.0,320.627436,621.992371,10294.874728,940.0,164.0,14.855072463768115,0.0,0.0,0.0,0.0,67.66882950705624,62.0,70.84064458689458,81.7,52.55,67.22124542124541,81.7,50.0,59.85923076923077,96.0,lugging
2026-01-01T12:05:38.271+00:00,706,replay,sample/replay,engine/SID807,decoded CSV,100%,2.2123898566587106,0.0,0.787,CLIMBING,↑,1336.0,31.689921000000002,4,lugging,68.0,,21.0,19.0,27.0,19.0,27.0,19.0,68.0,8.0,68.0,warming,1313.0,327.0,719.0,-392.0,896.0,886.0,10.0,986.0,23.0,48.0,44.5825641025641,38.20839743589744,1.2291050956657699,0.1253338393504173,pulling,31.900000000000002,25.0,624.0,475.0,-149.0,0.0,0.0,0.0,0.0,0.0,0.0,100.0,100.0,0.0,14.5,3.6,253.0,23.0,320.627436,621.992371,10294.874728,940.0,164.0,14.855072463768115,0.0,0.0,0.0,0.0,67.90973365136156,62.0,70.22612535612535,81.7,55.34666666666666,67.4401098901099,81.7,50.0,60.77846153846154,96.0,lugging
2026-01-01T12:05:38.741+00:00,707,replay,sample/replay,engine/SID807,decoded CSV,100%,2.127659444951436,0.0,0.787,CLIMBING,↑,1360.0,31.689921000000002,4,lugging,68.0,,21.0,19.0,27.0,19.0,27.0,19.0,68.0,8.0,68.0,warming,1363.0,377.0,734.0,-357.0,916.0,900.0,16.0,986.0,26.0,48.0,45.74897435897435,41.94064102564103,0.0,0.0,steady,34.300000000000004,25.0,631.0,522.0,-109.0,0.0,0.0,0.0,0.0,0.0,0.0,100.0,100.0,0.0,14.5,3.6,253.0,26.0,320.627436,621.992371,10294.874728,940.0,164.0,14.855072463768115,0.0,0.0,0.0,0.0,68.61175827922438,62.0,69.2192626226654,81.7,61.81666666666667,68.24175824175825,81.7,50.0,64.14538461538461,96.0,lugging
2026-01-01T12:05:39.232+00:00,708,replay,sample/replay,engine/SID807,decoded CSV,100%,2.0366601388849097,0.0,0.792,CLIMBING,↑,1382.0,32.311292,4,lugging,68.0,,21.0,19.0,27.0,19.0,27.0,19.0,68.0,8.0,68.0,warming,1418.0,432.0,752.0,-320.0,913.0,914.0,-1.0,986.0,28.0,48.0,46.90692307692307,45.070256410256405,0.565738752441984,0.05768929781749976,gaining,36.6,25.0,640.0,556.0,-84.0,0.0,0.0,0.0,0.0,0.0,0.0,100.0,100.0,0.0,14.5,3.6,253.0,28.0,320.627436,621.992371,10294.874728,940.0,164.0,14.855072463768115,0.0,0.0,0.0,0.0,69.15944114545374,62.0,68.2521757280785,81.7,67.25333333333334,68.68333333333334,81.7,50.0,66.0,96.0,lugging
2026-01-01T12:05:39.700+00:00,709,replay,sample/replay,engine/SID807,decoded CSV,100%,2.1367513442880175,0.0,0.798,CLIMBING,↑,1402.0,32.932663,4,lugging,69.0,,21.0,19.0,27.0,19.0,27.0,19.0,69.0,8.0,69.0,warming,1484.0,498.0,780.0,-282.0,951.0,937.0,14.0,986.0,30.0,49.0,48.22871794871794,47.62871794871795,0.5935418564523391,0.06052442541054684,gaining,38.0,25.0,651.0,572.0,-79.0,0.0,0.0,0.0,0.0,0.0,0.0,99.0,100.0,1.0,14.5,3.6,253.0,30.0,320.627436,621.992371,10294.874728,940.0,164.0,14.855072463768115,0.0,0.0,0.0,0.0,69.64442810132734,62.0,67.24824944602723,82.6,71.22666666666666,68.91904761904763,82.6,50.0,66.0,96.0,lugging
2026-01-01T12:05:40.161+00:00,710,replay,sample/replay,engine/SID807,decoded CSV,100%,2.16919755851082,0.0,0.798,CLIMBING,↑,1430.0,33.554034,4,lugging,69.0,,21.0,19.0,27.0,19.0,27.0,19.0,69.0,8.0,69.0,warming,1541.0,555.0,802.0,-247.0,973.0,959.0,14.0,986.0,32.0,49.0,49.21076923076923,50.484102564102564,0.6025546909481023,0.061443478756568484,gaining,39.6,25.0,660.0,600.0,-60.0,0.0,0.0,0.0,0.0,0.0,0.0,97.0,100.0,3.0,14.600000000000001,3.6,253.0,32.0,320.627436,621.992371,10294.874728,940.0,164.0,14.855072463768115,0.0,0.0,0.0,0.0,70.23607663044679,62.0,66.51297522950301,82.6,76.43666666666667,68.91904761904763,82.6,50.0,66.0,96.0,lugging
2026-01-01T12:05:40.641+00:00,711,replay,sample/replay,engine/SID807,decoded CSV,100%,2.083333250549108,0.0,0.804,CLIMBING,↑,1448.0,34.175405,4,lugging,69.0,,21.0,19.0,27.0,19.0,27.0,19.0,69.0,8.0,69.0,warming,1614.0,628.0,842.0,-214.0,990.0,987.0,3.0,986.0,35.0,49.0,50.10512820512821,53.00679487179487,0.5787035016710521,0.059011334316107146,gaining,40.400000000000006,25.0,673.0,622.0,-51.0,0.0,0.0,0.0,0.0,0.0,0.0,94.0,98.0,4.0,14.600000000000001,3.6,253.0,35.0,320.627436,621.992371,10294.874728,940.0,164.0,14.855072463768115,0.0,0.0,0.0,0.0,70.57079139888248,62.0,66.00249089901867,82.6,79.58666666666667,68.91904761904763,82.6,50.0,66.0,96.0,lugging
2026-01-01T12:05:41.136+00:00,712,replay,sample/replay,engine/SID807,decoded CSV,100%,2.020202487260257,0.0,0.809,CLIMBING,↑,1482.0,34.796776,4,lugging,69.0,,22.0,19.0,27.0,19.0,27.0,19.0,69.0,8.0,69.0,warming,1683.0,697.0,882.0,-185.0,1006.0,1018.0,-12.0,986.0,38.0,49.0,51.28871794871795,56.003717948717956,0.5611671839605843,0.057223127567577546,gaining,41.900000000000006,25.0,682.0,650.0,-32.0,0.0,0.0,0.0,0.0,0.0,0.0,94.0,95.0,1.0,14.5,3.6,254.0,38.0,320.627436,621.992371,10294.874728,940.0,164.0,14.855072463768115,0.0,0.0,0.0,0.0,70.75637577574594,62.0,65.22005500158276,82.6,82.40333333333334,68.91904761904763,82.6,50.0,66.0,96.0,lugging
2026-01-01T12:05:41.683+00:00,713,replay,sample/replay,engine/SID807,decoded CSV,100%,1.8281537943863968,0.0,0.809,CLIMBING,↑,1518.0,35.418147,4,accelerating,69.0,,21.0,19.0,27.0,19.0,27.0,19.0,69.0,8.0,69.0,warming,1752.0,767.0,958.0,-191.0,1030.0,1049.0,-19.0,985.0,41.0,49.0,53.136153846153846,57.99365384615384,0.5078203413331882,0.05178326353374376,gaining,43.800000000000004,26.0,697.0,645.0,-52.0,0.0,0.0,0.0,0.0,0.0,0.0,94.0,94.0,0.0,14.600000000000001,3.6,255.0,41.0,320.627436,621.992371,10294.874728,940.0,164.0,14.855072463768115,0.0,0.0,0.0,0.0,75.2662183766205,79.5,64.02693712408988,82.6,82.66333333333333,85.30111327957756,82.6,83.89766263736263,83.95818181818181,96.0,fine
2026-01-01T12:05:42.141+00:00,714,replay,sample/replay,engine/SID807,decoded CSV,100%,2.1834052406256768,0.0,0.809,CLIMBING,↑,1547.0,36.660889,4,accelerating,69.0,,21.0,19.0,27.0,19.0,27.0,19.0,69.0,8.0,69.0,warming,1809.0,823.0,991.0,-168.0,1088.0,1059.0,29.0,986.0,44.0,49.0,53.45589743589743,60.720897435897434,1.2130025361847203,0.12369183525309055,pulling,43.6,26.0,715.0,682.0,-33.0,0.0,0.0,0.0,0.0,0.0,0.0,94.0,94.0,0.0,14.5,3.6,256.0,44.0,320.627436,621.992371,10294.874728,940.0,164.0,14.855072463768115,0.0,0.0,0.0,0.0,76.1151608085426,81.3125,63.96212765115543,82.6,84.91,86.52540128918702,82.6,85.67172967032968,86.43909090909091,96.0,fine
2026-01-01T12:05:42.646+00:00,715,replay,sample/replay,engine/SID807,decoded CSV,100%,1.9801985059413452,0.0,0.809,CLIMBING,↑,1574.0,37.28226,4,accelerating,69.0,,21.0,18.0,27.0,19.0,27.0,19.0,69.0,8.0,69.0,warming,1869.0,883.0,1036.0,-153.0,1074.0,1073.0,1.0,986.0,46.0,49.0,53.76846153846154,63.39929487179487,0.5500549703654065,0.056089997131069894,gaining,43.0,26.0,734.0,733.0,-1.0,0.0,0.0,0.0,0.0,0.0,0.0,95.0,95.0,0.0,14.5,3.6,256.0,46.0,320.627436,621.992371,10294.874728,940.0,164.0,14.855072463768115,0.0,0.0,0.0,0.0,76.87490477097552,83.0,63.99672701012978,82.6,86.61,88.82626082251082,82.6,90.8505,88.33454545454545,96.0,fine
2026-01-01T12:05:43.103+00:00,716,replay,sample/replay,engine/SID807,decoded CSV,100%,2.1881837252458136,0.0,0.809,CLIMBING,↑,1612.0,37.903631,4,accelerating,69.0,,21.0,18.0,27.0,19.0,27.0,19.0,69.0,8.0,69.0,warming,1914.0,928.0,1100.0,-172.0,1077.0,1085.0,-8.0,986.0,50.0,49.0,54.26153846153846,65.19403846153845,0.6078286245206312,0.06198127031357612,gaining,42.800000000000004,25.0,761.0,759.0,-2.0,0.0,0.0,0.0,0.0,0.0,0.0,96.0,95.0,-1.0,14.5,3.6,257.0,50.0,320.627436,621.992371,10294.874728,940.0,164.0,14.855072463768115,0.0,0.0,0.0,0.0,77.36756167318184,85.375,63.94923235201013,82.6,85.66666666666667,88.1949134199134,82.6,89.73,87.36363636363636,96.0,fine
2026-01-01T12:05:43.552+00:00,717,replay,sample/replay,engine/SID807,decoded CSV,100%,2.227170896161568,0.0,0.809,CLIMBING,↑,1633.0,38.525002,4,accelerating,69.0,,22.0,18.0,27.0,19.0,27.0,19.0,69.0,8.0,69.0,warming,1970.0,984.0,1146.0,-162.0,1111.0,1098.0,13.0,986.0,52.0,49.0,54.91974358974359,65.89807692307693,0.6186583908689882,0.06308559914639436,gaining,42.7,26.0,775.0,746.0,-29.0,0.0,0.0,0.0,0.0,0.0,0.0,97.0,96.0,-1.0,14.600000000000001,3.6,258.0,52.0,320.627436,621.992371,10294.874728,940.0,164.0,14.855072463768115,0.0,0.0,0.0,0.0,77.8440572754478,86.6875,63.66163085628363,82.6,86.96,87.81657467532467,82.6,87.70216666666666,88.81636363636363,96.0,fine
2026-01-01T12:05:44.006+00:00,718,replay,sample/replay,engine/SID807,decoded CSV,100%,2.202643190313694,0.0,0.809,CLIMBING,↑,1666.0,39.146373,4,accelerating,69.0,,21.0,18.0,27.0,19.0,27.0,19.0,69.0,8.0,69.0,warming,2026.0,1040.0,1183.0,-143.0,1099.0,1109.0,-10.0,986.0,55.0,49.0,55.17076923076923,67.45660256410257,0.6118451413524281,0.06239084104688432,gaining,42.2,26.0,786.0,767.0,-19.0,0.0,0.0,0.0,0.0,0.0,0.0,98.0,97.0,-1.0,14.5,3.6,259.0,55.0,320.627436,621.992371,10294.874728,940.0,164.0,14.855072463768115,0.0,0.0,0.0,0.0,77.83865975507409,85.48849230769231,63.69380856283633,82.6,88.91333333333333,86.31484432234431,82.6,82.70823076923077,90.0,96.0,fine
2026-01-01T12:05:44.441+00:00,719,replay,sample/replay,engine/SID807,decoded CSV,100%,2.298850877106442,0.0,0.809,CLIMBING,↑,1700.0,39.767744,4,accelerating,69.0,,22.0,18.0,27.0,19.0,27.0,19.0,69.0,8.0,69.0,warming,2074.0,1088.0,1224.0,-136.0,1102.0,1120.0,-18.0,986.0,59.0,49.0,55.577179487179485,68.65051282051282,0.6385694905269906,0.0651159662603428,gaining,42.0,26.0,801.0,776.0,-25.0,0.0,0.0,0.0,0.0,0.0,0.0,98.0,97.0,-1.0,14.600000000000001,3.6,260.0,59.0,320.627436,621.992371,10294.874728,940.0,164.0,14.855072463768115,0.0,0.0,0.0,0.0,79.4081613700612,88.84803076923077,63.598304645457425,82.6,93.0,86.1977361329147,82.6,82.38032783882785,90.0,96.0,fine
2026-01-01T12:05:44.879+00:00,720,replay,sample/replay,engine/SID807,decoded CSV,100%,2.28310521173259,0.0,0.809,CLIMBING,↑,1667.0,40.389115000000004,4,coasting,69.0,,21.0,18.0,27.0,18.0,27.0,18.0,69.0,9.0,69.0,warming,2114.0,1128.0,252.0,876.0,1142.0,1129.0,13.0,986.0,61.0,0.0,26.497948717948717,67.54211538461539,0.634195695942957,0.06466996333538538,gaining,36.1,26.0,372.0,785.0,413.0,60.0,0.0,-60.0,0.0,0.0,0.0,0.0,93.0,93.0,14.5,3.6,261.0,61.0,320.627436,621.992371,10294.874728,940.0,164.0,14.855072463768115,0.0,0.0,0.0,0.0,79.1654417610813,94.0,85.8475997150997,82.6,35.0,75.878231292517,82.6,85.48571428571428,42.0,96.0,fine
2026-01-01T12:05:45.341+00:00,721,replay,sample/replay,engine/SID807,decoded CSV,100%,2.1645026649217036,0.0,0.809,CLIMBING,↑,1676.0,39.767744,4,coasting,70.0,,22.0,18.0,24.0,18.0,24.0,18.0,70.0,6.0,70.0,warming,1255.0,270.0,15.0,255.0,757.0,595.0,162.0,985.0,43.0,0.0,5.933333333333334,21.97083333333333,-0.6012505542434832,-0.06131049382240451,easing,0.0,21.0,440.0,389.0,-51.0,0.0,0.0,0.0,0.0,0.0,0.0,0.0,0.0,0.0,14.5,3.6,263.0,43.0,320.627436,621.992371,10294.874728,940.0,164.0,14.855072463768115,21.95999999999998,-34.27999999999997,-8.360000000000014,20.680000000000007,87.69089147286823,94.0,96.0,83.5,64.45833333333333,87.18761140819966,83.5,98.0,69.7379679144385,96.0,fine
2026-01-01T12:05:45.803+00:00,722,replay,sample/replay,engine/SID807,decoded CSV,100%,2.1645015479141216,0.0,0.809,CLIMBING,↑,1648.0,39.146373,4,coasting,70.0,,22.0,18.0,23.0,18.0,23.0,18.0,70.0,5.0,70.0,warming,1087.0,101.0,14.0,87.0,651.0,600.0,51.0,986.0,25.0,0.0,6.256666666666667,18.57916666666667,-0.6012502439636953,-0.061310462182671485,easing,0.0,23.0,439.0,395.0,-44.0,0.0,0.0,0.0,0.0,0.0,0.0,85.0,87.0,2.0,14.600000000000001,3.6,264.0,25.0,320.627436,621.992371,10294.874728,940.0,164.0,14.855072463768115,0.0,0.0,0.0,0.0,90.87209302325583,94.0,96.0,83.5,84.0,92.01190476190477,83.5,98.0,90.0,96.0,fine
2026-01-01T12:05:46.251+00:00,723,replay,sample/replay,engine/SID807,decoded CSV,100%,2.232143085221878,0.0,0.809,CLIMBING,↑,1623.0,38.525002,4,coasting,70.0,,22.0,18.0,24.0,18.0,24.0,18.0,70.0,6.0,70.0,warming,1096.0,110.0,14.0,96.0,597.0,593.0,4.0,986.0,26.0,0.0,6.21,18.698333333333334,-0.620039554069546,-0.06322643859723209,easing,0.0,23.0,437.0,406.0,-31.0,0.0,0.0,0.0,0.0,0.0,0.0,91.0,90.0,-1.0,14.600000000000001,3.6,265.0,26.0,320.627436,621.992371,10294.874728,940.0,164.0,14.855072463768115,0.0,0.0,0.0,0.0,90.87209302325583,94.0,96.0,83.5,84.0,92.01190476190477,83.5,98.0,90.0,96.0,fine
2026-01-01T12:05:46.713+00:00,724,replay,sample/replay,engine/SID807,decoded CSV,100%,2.1645026649217036,0.0,0.809,CLIMBING,↑,1595.0,37.903631,4,braking,70.0,,22.0,18.0,25.0,18.0,25.0,18.0,70.0,7.0,70.0,warming,1100.0,114.0,14.0,100.0,593.0,589.0,4.0,986.0,26.0,0.0,6.183333333333334,18.6075,-0.6012505542434832,-0.06131049382240451,easing,0.0,23.0,434.0,405.0,-29.0,0.0,0.0,0.0,0.0,0.0,0.0,85.0,90.0,5.0,14.700000000000001,3.6,265.0,26.0,320.627436,621.992371,10294.874728,940.0,164.0,14.855072463768115,0.0,0.0,0.0,0.0,90.87209302325583,94.0,96.0,83.5,84.0,89.86904761904762,83.5,92.0,90.0,96.0,fine
2026-01-01T12:05:47.155+00:00,725,replay,sample/replay,engine/SID807,decoded CSV,100%,2.2624426676332865,0.0,0.809,CLIMBING,↑,1535.0,36.660889,4,braking,70.0,,21.0,18.0,25.0,18.0,25.0,18.0,70.0,7.0,70.0,warming,1099.0,112.0,13.0,99.0,576.0,582.0,-6.0,987.0,24.0,0.0,6.126666666666667,18.260833333333334,-1.256912204271013,-0.12816937529849776,braking/down,0.0,23.0,431.0,405.0,-26.0,0.0,0.0,0.0,0.0,0.0,0.0,85.0,89.0,4.0,14.700000000000001,3.6,266.0,24.0,320.627436,621.992371,10294.874728,940.0,164.0,14.855072463768115,0.0,0.0,0.0,0.0,90.87209302325583,94.0,96.0,83.5,84.0,89.86904761904762,83.5,92.0,90.0,96.0,fine
2026-01-01T12:05:47.633+00:00,726,replay,sample/replay,engine/SID807,decoded CSV,100%,2.092050534770961,0.0,0.809,CLIMBING,↑,1472.0,34.796776,4,braking,70.0,,22.0,18.0,25.0,18.0,25.0,18.0,70.0,7.0,70.0,warming,1090.0,103.0,13.0,90.0,560.0,564.0,-4.0,987.0,23.0,0.0,6.006666666666666,17.869166666666665,-1.7433749062839419,-0.1777747657236612,braking/down,0.0,23.0,427.0,407.0,-20.0,0.0,0.0,0.0,0.0,0.0,0.0,85.0,88.0,3.0,14.700000000000001,3.6,267.0,23.0,320.627436,621.992371,10294.874728,940.0,164.0,14.855072463768115,0.0,0.0,0.0,0.0,90.87209302325583,94.0,96.0,83.5,84.0,89.86904761904762,83.5,92.0,90.0,96.0,fine
2026-01-01T12:05:48.074+00:00,727,replay,sample/replay,engine/SID807,decoded CSV,100%,2.2675737746041493,0.0,0.809,CLIMBING,↑,1410.0,33.554034,4,braking,70.0,,22.0,18.0,25.0,18.0,25.0,18.0,70.0,7.0,70.0,warming,1078.0,92.0,14.0,78.0,542.0,544.0,-2.0,986.0,22.0,0.0,5.883333333333333,17.509166666666665,-1.259762818372914,-0.12846005704016294,braking/down,0.0,23.0,420.0,411.0,-9.0,0.0,0.0,0.0,0.0,0.0,0.0,85.0,86.0,1.0,14.700000000000001,3.6,267.0,22.0,320.627436,621.992371,10294.874728,940.0,164.0,14.855072463768115,21.95999999999998,-34.27999999999997,-8.360000000000014,20.680000000000007,90.87209302325583,94.0,96.0,83.5,84.0,89.86904761904762,83.5,92.0,90.0,96.0,fine
2026-01-01T12:05:48.520+00:00,728,replay,sample/replay,engine/SID807,decoded CSV,100%,2.242151967754696,0.0,0.809,CLIMBING,↑,1355.0,32.311292,4,braking,70.0,,22.0,18.0,25.0,18.0,25.0,18.0,70.0,7.0,70.0,warming,1067.0,81.0,14.0,67.0,516.0,522.0,-6.0,986.0,21.0,0.0,5.736666666666666,16.36916666666667,-1.245639596714827,-0.12701988922973972,braking/down,0.0,23.0,415.0,395.0,-20.0,0.0,0.0,0.0,0.0,0.0,0.0,85.0,86.0,1.0,14.700000000000001,3.6,268.0,21.0,320.627436,621.992371,10294.874728,940.0,164.0,14.855072463768115,21.95999999999998,-34.27999999999997,-8.360000000000014,20.680000000000007,90.87209302325583,94.0,96.0,83.5,84.0,89.86904761904762,83.5,92.0,90.0,96.0,fine
2026-01-01T12:05:48.980+00:00,729,replay,sample/replay,engine/SID807,decoded CSV,100%,2.173912863199577,0.0,0.809,CLIMBING,↑,1283.0,30.447179000000002,4,braking,70.0,,22.0,18.0,25.0,18.0,25.0,18.0,70.0,7.0,70.0,warming,1057.0,71.0,14.0,57.0,492.0,500.0,-8.0,986.0,20.0,0.0,5.59,15.2775,-1.8115934922025922,-0.18473112553242874,braking/down,0.0,23.0,410.0,381.0,-29.0,0.0,0.0,0.0,0.0,0.0,0.0,85.0,85.0,0.0,14.700000000000001,3.6,268.0,20.0,320.627436,621.992371,10294.874728,940.0,164.0,14.855072463768115,21.95999999999998,-34.27999999999997,-8.360000000000014,20.680000000000007,89.70348837209302,89.8125,96.0,83.5,84.0,89.86904761904762,83.5,92.0,90.0,96.0,fine
2026-01-01T12:05:49.445+00:00,730,replay,sample/replay,engine/SID807,decoded CSV,100%,2.1505380313594835,0.0,0.809,CLIMBING,↑,1197.0,28.583066,4,braking,70.0,,22.0,18.0,25.0,18.0,25.0,18.0,70.0,7.0,70.0,warming,1046.0,60.0,14.0,46.0,468.0,475.0,-7.0,986.0,17.0,0.0,5.423333333333333,14.16,-1.7921144716955277,-0.18274481823003041,braking/down,0.0,23.0,407.0,368.0,-39.0,0.0,0.0,0.0,0.0,0.0,0.0,85.0,85.0,0.0,14.700000000000001,3.6,269.0,17.0,320.627436,621.992371,10294.874728,940.0,164.0,14.855072463768115,21.95999999999998,-34.27999999999997,-8.360000000000014,20.680000000000007,88.20348837209303,84.4375,96.0,83.5,84.0,89.86904761904762,83.5,92.0,90.0,96.0,fine
2026-01-01T12:05:49.998+00:00,731,replay,sample/replay,engine/SID807,decoded CSV,100%,1.8083183513332903,0.0,0.809,CLIMBING,↑,1170.0,27.961695,4,braking,71.0,,22.0,18.0,25.0,18.0,25.0,18.0,71.0,7.0,71.0,warming,1037.0,51.0,14.0,37.0,440.0,449.0,-9.0,986.0,16.0,0.0,5.25,13.808333333333334,-0.5023104977452755,-0.05122141584998705,easing,0.0,23.0,403.0,370.0,-33.0,0.0,0.0,0.0,0.0,0.0,0.0,85.0,85.0,0.0,14.700000000000001,3.6,269.0,16.0,320.627436,621.992371,10294.874728,940.0,164.0,14.855072463768115,21.95999999999998,-34.27999999999997,-8.360000000000014,20.680000000000007,87.92093023255815,82.75,96.0,84.4,84.0,90.10476190476192,84.4,92.0,90.0,96.0,fine
2026-01-01T12:05:50.438+00:00,732,replay,sample/replay,engine/SID807,decoded CSV,100%,2.272726977167089,0.0,0.809,CLIMBING,↑,1012.0,26.718953,N,braking,71.0,,22.0,18.0,25.0,18.0,25.0,18.0,71.0,7.0,71.0,warming,1031.0,44.0,13.0,31.0,429.0,435.0,-6.0,987.0,16.0,0.0,5.1466666666666665,12.941666666666666,-1.2626257077999485,-0.12875199051663397,braking/down,0.0,23.0,400.0,366.0,-34.0,0.0,0.0,0.0,0.0,0.0,0.0,85.0,85.0,0.0,14.700000000000001,3.6,270.0,16.0,320.627436,621.992371,10294.874728,940.0,164.0,14.855072463768115,21.95999999999998,-34.27999999999997,-8.360000000000014,20.680000000000007,78.6418604651163,72.0,78.0,84.4,84.0,90.10476190476192,84.4,92.0,90.0,96.0,fine
2026-01-01T12:05:50.908+00:00,733,replay,sample/replay,engine/SID807,decoded CSV,100%,2.127659444951436,0.0,0.809,CLIMBING,↑,1592.0,25.476211,N,braking,71.0,,22.0,18.0,25.0,18.0,25.0,18.0,71.0,7.0,71.0,warming,1024.0,38.0,14.0,24.0,382.0,300.0,82.0,986.0,12.0,0.0,5.645128205128205,15.137628205128204,-1.1820326592803707,-0.12053378669376094,braking/down,4.0,22.0,368.0,343.0,-25.0,6.0,0.0,-6.0,0.0,0.0,0.0,77.0,84.0,7.0,14.700000000000001,3.6,270.0,12.0,320.627436,621.992371,10294.874728,940.0,164.0,14.855072463768115,13.04000000000002,-20.360000000000014,-4.9599999999999795,12.279999999999973,78.6418604651163,72.0,78.0,84.4,84.0,90.10476190476192,84.4,92.0,90.0,96.0,fine
2026-01-01T12:05:51.528+00:00,734,replay,sample/replay,engine/SID807,decoded CSV,100%,1.6129035235196125,0.0,0.809,CLIMBING,↑,1427.0,24.233469,5,braking,71.0,,22.0,18.0,25.0,18.0,25.0,18.0,71.0,7.0,71.0,warming,1021.0,34.0,13.0,21.0,568.0,560.0,8.0,987.0,21.0,0.0,5.98,16.322499999999998,-0.8960572358477621,-0.09137240911501503,braking/down,0.0,23.0,421.0,399.0,-22.0,0.0,0.0,0.0,0.0,0.0,0.0,85.0,84.0,-1.0,14.600000000000001,3.6,271.0,21.0,320.627436,621.992371,10294.874728,940.0,164.0,14.855072463768115,0.0,0.0,0.0,0.0,91.06046511627908,94.0,96.0,84.4,84.0,90.10476190476192,84.4,92.0,90.0,96.0,fine
2026-01-01T12:05:52.029+00:00,735,replay,sample/replay,engine/SID807,decoded CSV,100%,1.9960073229219162,0.0,0.809,CLIMBING,↑,1416.0,23.612098,3,decelerating,71.0,,22.0,18.0,25.0,18.0,25.0,18.0,71.0,7.0,71.0,warming,1031.0,45.0,14.0,31.0,546.0,533.0,13.0,986.0,21.0,17.0,11.76,15.6475,-0.5544463070569874,-0.056537788853174877,easing,0.0,23.0,418.0,381.0,-37.0,0.0,0.0,0.0,0.0,0.0,0.0,85.0,84.0,-1.0,14.700000000000001,3.6,271.0,21.0,320.627436,621.992371,10294.874728,940.0,164.0,14.855072463768115,21.95999999999998,-34.27999999999997,-8.360000000000014,20.680000000000007,90.3653064886592,94.0,94.00721193415637,84.4,84.0,90.10476190476192,84.4,92.0,90.0,96.0,fine
2026-01-01T12:05:52.500+00:00,736,replay,sample/replay,engine/SID807,decoded CSV,100%,2.1231424482806274,0.0,0.809,CLIMBING,↑,1411.0,22.990727,3,decelerating,71.0,,22.0,18.0,25.0,18.0,25.0,18.0,71.0,7.0,71.0,warming,1042.0,56.0,295.0,-239.0,556.0,538.0,18.0,986.0,20.0,33.0,22.776410256410255,17.441410256410254,-0.5897616087309191,-0.06013894742148635,easing,6.300000000000001,24.0,436.0,358.0,-78.0,0.0,2.0,2.0,0.0,0.0,0.0,86.0,85.0,-1.0,14.700000000000001,3.6,272.0,20.0,320.627436,621.992371,10294.874728,940.0,164.0,14.855072463768115,0.0,0.0,0.0,0.0,84.94679376753021,88.4375,88.4074754669199,84.4,72.25,86.64155844155843,84.4,92.0,75.45454545454545,96.0,fine
2026-01-01T12:05:52.939+00:00,737,replay,sample/replay,engine/SID807,decoded CSV,100%,2.2779048921440785,0.0,0.809,CLIMBING,↑,1393.0,22.990727,3,lugging,71.0,,22.0,19.0,25.0,18.0,25.0,18.0,71.0,7.0,71.0,warming,1098.0,112.0,392.0,-280.0,936.0,879.0,57.0,986.0,22.0,43.0,36.635128205128204,29.988461538461536,0.0,0.0,steady,24.8,24.0,499.0,412.0,-87.0,0.0,0.0,0.0,0.0,0.0,0.0,94.0,89.0,-5.0,14.700000000000001,3.6,273.0,22.0,320.627436,621.992371,10294.874728,940.0,164.0,14.855072463768115,0.0,0.0,0.0,0.0,71.98458681176703,62.0,76.15192663817663,84.4,64.20833333333333,69.3904761904762,84.4,50.0,66.0,96.0,lugging
2026-01-01T12:05:53.378+00:00,738,replay,sample/replay,engine/SID807,decoded CSV,100%,2.27790365502634,0.0,0.8140000000000001,CLIMBING,↑,1412.0,23.612098,3,lugging,72.0,,22.0,19.0,26.0,18.0,26.0,18.0,72.0,8.0,72.0,warming,1183.0,196.0,734.0,-538.0,950.0,924.0,26.0,987.0,23.0,48.0,43.91282051282051,35.640320512820516,0.6327508195271162,0.06452262694468715,gaining,29.5,24.0,639.0,473.0,-166.0,0.0,0.0,0.0,0.0,0.0,0.0,100.0,98.0,-2.0,14.600000000000001,3.6,273.0,23.0,320.627436,621.992371,10294.874728,940.0,164.0,14.855072463768115,0.0,0.0,0.0,0.0,68.37759590538661,62.0,71.17599715099715,85.3,51.556666666666665,68.10732600732601,85.3,50.0,59.620769230769234,96.0,lugging
2026-01-01T12:05:53.843+00:00,739,replay,sample/replay,engine/SID807,decoded CSV,100%,2.1505380313594835,0.0,0.8140000000000001,CLIMBING,↑,1462.0,24.233469,3,lugging,72.0,,22.0,19.0,26.0,18.0,26.0,18.0,72.0,8.0,72.0,warming,1299.0,313.0,782.0,-469.0,964.0,939.0,25.0,986.0,27.0,52.0,46.62358974358975,39.44358974358974,0.5973714905651748,0.06091493941001003,gaining,31.400000000000002,24.0,654.0,496.0,-158.0,0.0,0.0,0.0,0.0,0.0,0.0,100.0,100.0,0.0,14.600000000000001,3.6,274.0,27.0,320.627436,621.992371,10294.874728,940.0,164.0,14.855072463768115,0.0,0.0,0.0,0.0,67.71779224364495,62.0,68.90344887622665,85.3,52.373333333333335,68.28956043956043,85.3,50.0,60.386153846153846,96.0,lugging
2026-01-01T12:05:54.335+00:00,740,replay,sample/replay,engine/SID807,decoded CSV,100%,2.0325198997091487,0.0,0.8140000000000001,CLIMBING,↑,1505.0,24.85484,3,accelerating,72.0,,22.0,18.0,26.0,18.0,26.0,18.0,72.0,8.0,72.0,warming,1420.0,434.0,897.0,-463.0,957.0,976.0,-19.0,986.0,32.0,53.0,50.17410256410256,46.28576923076923,0.5645886863600755,0.05757202371452796,gaining,35.7,25.0,686.0,578.0,-108.0,0.0,0.0,0.0,0.0,0.0,0.0,100.0,100.0,0.0,14.5,3.6,275.0,32.0,320.627436,621.992371,10294.874728,940.0,164.0,14.855072463768115,0.0,0.0,0.0,0.0,72.20716351675169,78.6875,66.32920208135485,85.3,56.86,81.6161323914181,85.3,84.53696556776556,64.55230769230769,96.0,fine
2026-01-01T12:05:54.836+00:00,741,replay,sample/replay,engine/SID807,decoded CSV,100%,1.996008272792772,0.0,0.8200000000000001,CLIMBING,↑,1584.0,26.097582,3,accelerating,72.0,,22.0,18.0,26.0,18.0,26.0,18.0,72.0,8.0,72.0,warming,1564.0,578.0,998.0,-420.0,1020.0,1038.0,-18.0,986.0,37.0,53.0,52.78974358974359,52.473910256410264,1.1088931418198422,0.11307563151737263,pulling,38.800000000000004,25.0,718.0,629.0,-89.0,0.0,0.0,0.0,0.0,0.0,0.0,100.0,100.0,0.0,14.5,3.6,277.0,37.0,320.627436,621.992371,10294.874728,940.0,164.0,14.855072463768115,0.0,0.0,0.0,0.0,73.79500204288964,83.625,64.65211696739475,85.3,61.74333333333334,84.44285714285714,85.3,91.48666666666666,66.0,96.0,fine
2026-01-01T12:05:55.331+00:00,742,replay,sample/replay,engine/SID807,decoded CSV,100%,2.020202487260257,0.0,0.8250000000000001,CLIMBING,↑,1652.0,27.340324,3,accelerating,72.0,,22.0,18.0,27.0,18.0,27.0,18.0,72.0,9.0,72.0,warming,1754.0,768.0,1138.0,-370.0,1113.0,1090.0,23.0,986.0,45.0,53.0,55.99410256410256,61.16993589743589,1.1223343679211621,0.11444625513515443,pulling,42.2,26.0,776.0,719.0,-57.0,0.0,0.0,0.0,0.0,0.0,0.0,98.0,100.0,2.0,14.5,3.6,278.0,45.0,320.627436,621.992371,10294.874728,940.0,164.0,14.855072463768115,0.0,0.0,0.0,0.0,74.43898256863004,83.92683076923078,62.61517430357708,85.3,69.54666666666667,83.26062645687647,85.3,85.63460256410256,69.81272727272727,96.0,fine
2026-01-01T12:05:55.854+00:00,743,replay,sample/replay,engine/SID807,decoded CSV,100%,1.9120458821282253,0.0,0.8250000000000001,CLIMBING,↑,1727.0,28.583066,3,accelerating,72.0,,22.0,18.0,27.0,18.0,27.0,18.0,72.0,9.0,72.0,warming,1942.0,955.0,1247.0,-292.0,1107.0,1120.0,-13.0,987.0,53.0,53.0,57.09179487179487,66.02929487179487,1.06224738365951,0.10831908793109882,pulling,41.7,26.0,810.0,765.0,-45.0,0.0,0.0,0.0,0.0,0.0,0.0,94.0,96.0,2.0,14.5,3.6,280.0,53.0,320.627436,621.992371,10294.874728,940.0,164.0,14.855072463768115,0.0,0.0,0.0,0.0,77.63919461891827,91.30136153846153,62.34749089901867,85.3,77.13666666666667,85.46982196375053,85.3,86.23428937728939,78.19181818181818,96.0,fine
2026-01-01T12:05:56.313+00:00,744,replay,sample/replay,engine/SID807,decoded CSV,100%,2.1786487123841543,0.0,0.8250000000000001,CLIMBING,↑,1799.0,29.825808000000002,3,accelerating,72.0,,22.0,18.0,27.0,18.0,27.0,18.0,72.0,9.0,72.0,warming,2054.0,1068.0,1309.0,-241.0,1158.0,1149.0,9.0,986.0,62.0,52.0,57.093589743589746,69.04358974358975,1.2103600213125199,0.12342237372726873,pulling,40.5,26.0,824.0,792.0,-32.0,0.0,0.0,0.0,0.0,0.0,0.0,90.0,93.0,3.0,14.5,3.6,282.0,62.0,320.627436,621.992371,10294.874728,940.0,164.0,14.855072463768115,0.0,0.0,0.0,0.0,79.35488042193954,94.0,62.83421276511554,85.3,82.00666666666666,85.91063311688312,85.3,83.88916666666667,83.56090909090909,96.0,fine
2026-01-01T12:05:56.769+00:00,745,replay,sample/replay,engine/SID807,decoded CSV,100%,2.1929820250203518,0.0,0.8250000000000001,CLIMBING,↑,1859.0,30.447179000000002,3,accelerating,73.0,,22.0,18.0,27.0,18.0,27.0,18.0,73.0,9.0,73.0,warming,2127.0,1141.0,1320.0,-179.0,1184.0,1171.0,13.0,986.0,68.0,52.0,57.350256410256414,70.78358974358974,0.6091614851567624,0.06211718427360642,gaining,40.5,26.0,842.0,796.0,-46.0,0.0,0.0,0.0,0.0,0.0,0.0,86.0,87.0,1.0,14.5,3.6,284.0,68.0,320.627436,621.992371,10294.874728,940.0,164.0,14.855072463768115,0.0,0.0,0.0,0.0,80.37053449170696,94.0,62.74330998733776,86.2,87.28333333333333,86.71480983302412,86.2,81.63661904761905,89.32727272727273,96.0,fine
2026-01-01T12:05:57.233+00:00,746,replay,sample/replay,engine/SID807,decoded CSV,100%,2.15517247580745,0.0,0.8250000000000001,CLIMBING,↑,1934.0,31.689921000000002,3,accelerating,73.0,,22.0,18.0,26.0,18.0,26.0,18.0,73.0,8.0,73.0,warming,2141.0,1155.0,1303.0,-148.0,1193.0,1189.0,4.0,986.0,73.0,52.0,57.107948717948716,71.09711538461539,1.1973176716937834,0.12209242419111353,pulling,40.0,26.0,862.0,795.0,-67.0,0.0,0.0,0.0,0.0,0.0,0.0,86.0,85.0,-1.0,14.5,3.6,286.0,73.0,320.627436,621.992371,10294.874728,940.0,164.0,14.855072463768115,0.0,0.0,0.0,0.0,81.37332904050442,94.0,62.950209916112684,86.2,93.0,86.78837585034013,86.2,81.39411904761904,90.0,96.0,fine
2026-01-01T12:05:57.734+00:00,747,replay,sample/replay,engine/SID807,decoded CSV,100%,1.996008272792772,0.0,0.8250000000000001,CLIMBING,↑,2006.0,32.932663,3,accelerating,73.0,,22.0,18.0,26.0,18.0,26.0,18.0,73.0,8.0,73.0,warming,2191.0,1205.0,1305.0,-100.0,1204.0,1209.0,-5.0,986.0,78.0,52.0,57.261282051282045,72.46878205128205,1.1088931418198391,0.11307563151737231,pulling,40.0,26.0,875.0,801.0,-74.0,0.0,0.0,0.0,0.0,0.0,0.0,85.0,85.0,0.0,14.5,3.6,289.0,78.0,320.627436,621.992371,10294.874728,940.0,164.0,14.855072463768115,0.0,0.0,0.0,0.0,81.3543852420548,94.0,62.89590436055714,86.2,93.0,86.24257653061225,86.2,79.86588095238096,90.0,96.0,fine
2026-01-01T12:05:58.208+00:00,748,replay,sample/replay,engine/SID807,decoded CSV,100%,2.109704743222172,0.0,0.8250000000000001,CLIMBING,↑,2065.0,34.175405,3,accelerating,73.0,,22.0,18.0,27.0,18.0,27.0,18.0,73.0,9.0,73.0,warming,2239.0,1253.0,1299.0,-46.0,1230.0,1230.0,0.0,986.0,84.0,48.0,55.82589743589744,73.82339743589745,1.1720578280723093,0.1195166369833031,pulling,39.7,26.0,881.0,809.0,-72.0,0.0,0.0,0.0,0.0,0.0,0.0,83.0,84.0,1.0,14.5,3.6,292.0,84.0,320.627436,621.992371,10294.874728,940.0,164.0,14.855072463768115,0.0,0.0,0.0,0.0,81.8316126819276,94.0,64.26395635485912,86.2,93.0,86.08599489795917,86.2,79.42745238095237,90.0,96.0,fine
2026-01-01T12:05:58.701+00:00,749,replay,sample/replay,engine/SID807,decoded CSV,100%,2.0283974403615064,0.0,0.8250000000000001,CLIMBING,↑,1876.0,34.175405,N,clutch,73.0,,22.0,18.0,26.0,18.0,26.0,18.0,73.0,8.0,73.0,warming,1633.0,647.0,14.0,633.0,1056.0,1010.0,46.0,986.0,86.0,38.0,22.14,38.75166666666667,0.0,0.0,steady,0.0,22.0,465.0,598.0,133.0,0.0,49.0,49.0,0.0,0.0,0.0,0.0,2.0,2.0,14.5,3.6,294.0,86.0,320.627436,621.992371,10294.874728,940.0,164.0,14.855072463768115,0.0,0.0,0.0,0.0,66.28410852713178,48.0,78.0,86.2,46.916666666666664,81.71172161172161,86.2,92.0,52.76923076923077,96.0,fine
2026-01-01T12:05:59.162+00:00,750,replay,sample/replay,engine/SID807,decoded CSV,100%,2.16919755851082,0.0,0.8250000000000001,CLIMBING,↑,1449.0,34.796776,3,lugging,73.0,,22.0,18.0,23.0,18.0,23.0,18.0,73.0,5.0,73.0,warming,1312.0,326.0,709.0,-383.0,949.0,912.0,37.0,986.0,35.0,48.0,45.2674358974359,41.25826923076923,0.6025546909481023,0.061443478756568484,gaining,33.1,26.0,637.0,525.0,-112.0,0.0,1.0,1.0,0.0,0.0,0.0,100.0,73.0,-27.0,14.600000000000001,3.6,295.0,35.0,320.627436,621.992371,10294.874728,940.0,164.0,14.855072463768115,0.0,0.0,0.0,0.0,69.26268677256564,62.0,69.60170208135486,86.2,59.21,69.32728937728938,86.2,50.0,63.754615384615384,96.0,lugging
2026-01-01T12:05:59.632+00:00,751,replay,sample/replay,engine/SID807,decoded CSV,100%,2.127659444951436,0.0,0.8310000000000001,CLIMBING,↑,1484.0,34.796776,4,lugging,73.0,,22.0,18.0,25.0,18.0,25.0,18.0,73.0,7.0,73.0,warming,1416.0,429.0,857.0,-428.0,954.0,975.0,-21.0,987.0,32.0,48.0,48.28666666666666,46.569166666666675,0.0,0.0,steady,36.4,25.0,679.0,583.0,-96.0,0.0,0.0,0.0,0.0,0.0,0.0,100.0,100.0,0.0,14.5,3.6,297.0,32.0,320.627436,621.992371,10294.874728,940.0,164.0,14.855072463768115,0.0,0.0,0.0,0.0,68.5542459804766,62.0,67.81194958847736,86.2,58.693333333333335,69.72032967032966,86.2,50.0,65.40538461538462,96.0,lugging
2026-01-01T12:06:00.124+00:00,752,replay,sample/replay,engine/SID807,decoded CSV,100%,2.0325208846494736,0.0,0.836,CLIMBING,↑,1505.0,35.418147,4,accelerating,73.0,,22.0,18.0,26.0,18.0,26.0,18.0,73.0,8.0,73.0,warming,1562.0,576.0,882.0,-306.0,1034.0,1017.0,17.0,986.0,37.0,48.0,50.04743589743589,53.55326923076924,0.5645889599545223,0.05757205161339727,gaining,39.6,25.0,687.0,655.0,-32.0,0.0,0.0,0.0,0.0,0.0,0.0,96.0,98.0,2.0,14.600000000000001,3.6,298.0,37.0,320.627436,621.992371,10294.874728,940.0,164.0,14.855072463768115,0.0,0.0,0.0,0.0,74.94165641080853,78.6875,66.41341504431782,86.2,72.32,83.78192926121498,86.2,84.57243223443224,72.60545454545455,96.0,fine
2026-01-01T12:06:00.600+00:00,753,replay,sample/replay,engine/SID807,decoded CSV,100%,2.1008400246632966,0.0,0.836,CLIMBING,↑,1524.0,36.039518,4,accelerating,73.0,,22.0,18.0,27.0,18.0,27.0,18.0,73.0,9.0,73.0,warming,1685.0,699.0,916.0,-217.0,1047.0,1050.0,-3.0,986.0,42.0,48.0,51.83435897435897,57.205192307692315,0.5835664929760624,0.05950722142383612,gaining,42.400000000000006,26.0,699.0,665.0,-34.0,0.0,0.0,0.0,0.0,0.0,0.0,92.0,93.0,1.0,14.5,3.6,299.0,42.0,320.627436,621.992371,10294.874728,940.0,164.0,14.855072463768115,0.0,0.0,0.0,0.0,76.05100855252988,79.875,65.02378007280784,86.2,80.07666666666667,86.1100087531516,86.2,85.42923663003663,81.09818181818181,96.0,fine
2026-01-01T12:06:01.086+00:00,754,replay,sample/replay,engine/SID807,decoded CSV,100%,2.0576129103153797,0.0,0.842,CLIMBING,↑,1563.0,36.660889,4,accelerating,74.0,,22.0,18.0,27.0,18.0,27.0,18.0,74.0,9.0,74.0,warming,1776.0,790.0,966.0,-176.0,1060.0,1064.0,-4.0,986.0,45.0,48.0,52.20076923076922,60.06160256410257,0.5715589649275877,0.05828279432095443,gaining,42.2,25.0,721.0,697.0,-24.0,0.0,0.0,0.0,0.0,0.0,0.0,91.0,92.0,1.0,14.5,3.6,301.0,45.0,320.627436,621.992371,10294.874728,940.0,164.0,14.855072463768115,0.0,0.0,0.0,0.0,77.55629142372844,82.3125,65.02114652579931,87.1,83.99333333333334,89.67395562770561,87.1,91.8695,85.41636363636364,96.0,fine
2026-01-01T12:06:01.773+00:00,755,replay,sample/replay,engine/SID807,decoded CSV,100%,1.4556039989075085,0.0,0.842,CLIMBING,↑,1593.0,37.28226,4,cruise,74.0,,22.0,18.0,27.0,18.0,27.0,18.0,74.0,9.0,74.0,warming,1836.0,850.0,1020.0,-170.0,1091.0,1082.0,9.0,986.0,50.0,48.0,52.97230769230769,61.404807692307685,0.4043343190496039,0.04123062605982715,gaining,42.1,26.0,745.0,699.0,-46.0,0.0,0.0,0.0,0.0,0.0,0.0,92.0,91.0,-1.0,14.5,3.6,303.0,50.0,320.627436,621.992371,10294.874728,940.0,164.0,14.855072463768115,0.0,0.0,0.0,0.0,78.1345215221184,84.1875,64.69340614118391,87.1,85.03333333333333,89.77666666666667,87.1,91.36800000000001,86.6,96.0,fine
2026-01-01T12:06:02.249+00:00,756,replay,sample/replay,engine/SID807,decoded CSV,100%,2.100841076931091,0.0,0.842,CLIMBING,↑,1608.0,37.903631,4,accelerating,74.0,,22.0,18.0,27.0,18.0,27.0,18.0,74.0,9.0,74.0,warming,1867.0,882.0,1054.0,-172.0,1104.0,1089.0,15.0,985.0,51.0,48.0,53.282051282051285,62.59788461538462,0.5835667852725749,0.05950725122978539,gaining,41.900000000000006,26.0,762.0,715.0,-47.0,0.0,0.0,0.0,0.0,0.0,0.0,93.0,91.0,-2.0,14.5,3.6,306.0,51.0,320.627436,621.992371,10294.874728,940.0,164.0,14.855072463768115,0.0,0.0,0.0,0.0,78.40299399280019,85.125,64.6321383349161,87.1,85.20666666666666,89.75714285714285,87.1,91.16666666666667,86.82000000000001,96.0,fine
2026-01-01T12:06:02.712+00:00,757,replay,sample/replay,engine/SID807,decoded CSV,100%,2.1598269380003634,0.0,0.842,CLIMBING,↑,1643.0,38.525002,4,accelerating,74.0,,22.0,18.0,27.0,18.0,27.0,18.0,74.0,9.0,74.0,warming,1909.0,923.0,1095.0,-172.0,1105.0,1100.0,5.0,986.0,54.0,48.0,53.61153846153846,63.66320512820513,0.5999517416115991,0.061178051792569244,gaining,41.5,26.0,774.0,726.0,-48.0,0.0,0.0,0.0,0.0,0.0,0.0,94.0,93.0,-1.0,14.5,3.6,307.0,54.0,320.627436,621.992371,10294.874728,940.0,164.0,14.855072463768115,0.0,0.0,0.0,0.0,79.07328680238079,87.3125,64.61231105571383,87.1,85.61666666666667,89.56132884972169,87.1,90.29535714285714,87.30454545454545,96.0,fine
2026-01-01T12:06:03.173+00:00,758,replay,sample/replay,engine/SID807,decoded CSV,100%,2.16919755851082,0.0,0.842,CLIMBING,↑,1667.0,39.146373,4,accelerating,74.0,,22.0,18.0,27.0,18.0,27.0,18.0,74.0,9.0,74.0,warming,1952.0,965.0,1148.0,-183.0,1116.0,1109.0,7.0,987.0,56.0,48.0,54.12461538461538,64.81461538461538,0.6025546909480953,0.061443478756567776,gaining,41.300000000000004,26.0,791.0,736.0,-55.0,0.0,0.0,0.0,0.0,0.0,0.0,96.0,93.0,-3.0,14.5,3.6,309.0,56.0,320.627436,621.992371,10294.874728,940.0,164.0,14.855072463768115,0.0,0.0,0.0,0.0,79.38245210251992,88.8125,64.47902936055712,87.1,85.23,88.92468923933208,87.1,88.76185714285714,86.9309090909091,96.0,fine
2026-01-01T12:06:03.671+00:00,759,replay,sample/replay,engine/SID807,decoded CSV,100%,2.0080315440135887,0.0,0.842,CLIMBING,↑,1682.0,39.767744,4,accelerating,74.0,,22.0,18.0,27.0,18.0,27.0,18.0,74.0,9.0,74.0,warming,2006.0,1020.0,1167.0,-147.0,1107.0,1119.0,-12.0,986.0,58.0,48.0,54.227435897435896,66.5049358974359,0.5577863674380092,0.0568783802254602,gaining,40.900000000000006,26.0,798.0,761.0,-37.0,0.0,0.0,0.0,0.0,0.0,0.0,96.0,95.0,-1.0,14.5,3.6,310.0,58.0,320.627436,621.992371,10294.874728,940.0,164.0,14.855072463768115,0.0,0.0,0.0,0.0,80.18446971830208,89.75,64.53947985913263,87.1,88.42,89.07033163265307,87.1,87.12359523809523,90.0,96.0,fine
2026-01-01T12:06:04.089+00:00,760,replay,sample/replay,engine/SID807,decoded CSV,100%,2.3923445958548246,0.0,0.842,CLIMBING,↑,1721.0,40.389115000000004,4,accelerating,74.0,,22.0,18.0,27.0,18.0,27.0,18.0,74.0,9.0,74.0,warming,2053.0,1067.0,1206.0,-139.0,1126.0,1130.0,-4.0,986.0,61.0,48.0,54.613846153846154,67.20551282051284,0.6645399599224546,0.06776421713046296,gaining,40.7,26.0,810.0,754.0,-56.0,0.0,0.0,0.0,0.0,0.0,0.0,97.0,95.0,-2.0,14.5,3.6,311.0,61.0,320.627436,621.992371,10294.874728,940.0,164.0,14.855072463768115,0.0,0.0,0.0,0.0,81.57943928200712,92.1875,64.45105927508705,87.1,93.0,88.50103741496598,87.1,85.52957142857143,90.0,96.0,fine
2026-01-01T12:06:04.521+00:00,761,replay,sample/replay,engine/SID807,decoded CSV,100%,2.3148152338461725,0.0,0.842,CLIMBING,↑,1741.0,41.010486,4,accelerating,74.0,,22.0,18.0,27.0,18.0,27.0,18.0,74.0,9.0,74.0,warming,2100.0,1114.0,1236.0,-122.0,1131.0,1139.0,-8.0,986.0,65.0,48.0,54.89692307692307,69.17442307692308,0.6430040326938559,0.06556816371481147,gaining,40.5,26.0,815.0,785.0,-30.0,0.0,0.0,0.0,0.0,0.0,0.0,98.0,96.0,-2.0,14.5,3.6,313.0,65.0,320.627436,621.992371,10294.874728,940.0,164.0,14.855072463768115,0.0,0.0,0.0,0.0,81.9101985743943,93.4375,64.3992359132637,87.1,93.0,87.955731292517,87.1,84.00271428571429,90.0,96.0,fine
2026-01-01T12:06:04.955+00:00,762,replay,sample/replay,engine/SID807,decoded CSV,100%,2.304147384427422,0.0,0.842,CLIMBING,↑,1772.0,41.631857000000004,4,accelerating,74.0,,22.0,18.0,28.0,18.0,28.0,18.0,74.0,10.0,74.0,warming,2148.0,1162.0,1285.0,-123.0,1157.0,1150.0,7.0,986.0,67.0,48.0,55.3448717948718,70.73570512820513,0.640040742105426,0.06526599216913279,gaining,40.2,26.0,822.0,801.0,-21.0,0.0,0.0,0.0,0.0,0.0,0.0,98.0,97.0,-1.0,14.5,3.6,315.0,67.0,320.627436,621.992371,10294.874728,940.0,164.0,14.855072463768115,0.0,0.0,0.0,0.0,82.03717569126967,94.0,64.31323698163975,87.1,93.0,87.36194727891156,87.1,82.34011904761905,90.0,96.0,fine
2026-01-01T12:06:05.393+00:00,763,replay,sample/replay,engine/SID807,decoded CSV,100%,2.28310521173259,0.0,0.842,CLIMBING,↑,1654.0,41.631857000000004,N,clutch,75.0,,22.0,18.0,28.0,18.0,28.0,18.0,75.0,10.0,75.0,normal,2190.0,1204.0,14.0,1190.0,1170.0,1159.0,11.0,986.0,68.0,0.0,21.81794871794872,66.3771153846154,0.0,0.0,steady,29.6,26.0,445.0,783.0,338.0,60.0,0.0,-60.0,0.0,0.0,0.0,0.0,91.0,91.0,14.5,3.6,316.0,68.0,320.627436,621.992371,10294.874728,940.0,164.0,14.855072463768115,0.0,0.0,0.0,0.0,65.55813953488372,48.0,78.0,92.0,35.0,78.61224489795919,96.0,83.31428571428572,42.0,96.0,fine
2026-01-01T12:06:05.886+00:00,764,replay,sample/replay,engine/SID807,decoded CSV,100%,2.0283974403615064,0.0,0.842,CLIMBING,↑,1348.0,41.631857000000004,N,cruise,75.0,,22.0,18.0,25.0,18.0,25.0,18.0,75.0,7.0,75.0,normal,1262.0,276.0,379.0,-103.0,846.0,569.0,277.0,986.0,46.0,33.0,22.45769230769231,23.791025641025644,0.0,0.0,steady,4.7,19.0,464.0,400.0,-64.0,16.0,0.0,-16.0,0.0,0.0,0.0,0.0,0.0,0.0,14.3,3.6,318.0,46.0,320.627436,621.992371,10294.874728,940.0,164.0,14.855072463768115,0.0,0.0,0.0,0.0,68.9360465116279,48.0,78.0,92.0,55.74999999999999,87.55534941249228,96.0,92.0,66.53246753246752,96.0,smug
2026-01-01T12:06:06.319+00:00,765,replay,sample/replay,engine/SID807,decoded CSV,100%,2.3094683542073438,0.0,0.842,CLIMBING,↑,1421.0,41.631857000000004,5,lugging,75.0,,22.0,18.0,24.0,18.0,24.0,18.0,75.0,6.0,75.0,normal,1185.0,199.0,615.0,-416.0,933.0,895.0,38.0,986.0,32.0,36.0,38.9025641025641,35.73006410256411,0.0,0.0,steady,30.6,25.0,609.0,465.0,-144.0,60.0,48.0,-12.0,0.0,0.0,0.0,0.0,3.0,3.0,14.5,3.6,319.0,32.0,320.627436,621.992371,10294.874728,940.0,164.0,14.855072463768115,0.0,0.0,0.0,0.0,71.26678791492746,62.0,75.18945868945869,92.0,52.09,70.96909994767137,96.0,50.0,59.87021978021978,96.0,lugging
2026-01-01T12:06:06.779+00:00,766,replay,sample/replay,engine/SID807,decoded CSV,100%,2.173912863199577,0.0,0.848,CLIMBING,↑,1424.0,41.631857000000004,5,lugging,75.0,,22.0,18.0,25.0,18.0,25.0,18.0,75.0,7.0,75.0,normal,1176.0,191.0,615.0,-424.0,930.0,936.0,-6.0,985.0,24.0,36.0,38.48358974358974,34.481923076923074,0.0,0.0,steady,28.8,25.0,608.0,454.0,-154.0,0.0,0.0,0.0,0.0,0.0,0.0,100.0,98.0,-2.0,14.5,3.6,319.0,24.0,320.627436,621.992371,10294.874728,940.0,164.0,14.855072463768115,0.0,0.0,0.0,0.0,71.50810127211291,62.0,75.80811253561254,92.0,52.24666666666667,71.05567765567766,96.0,50.0,60.23384615384615,96.0,lugging
2026-01-01T12:06:07.222+00:00,767,replay,sample/replay,engine/SID807,decoded CSV,100%,2.2573371595133893,0.0,0.848,CLIMBING,↑,1430.0,42.253228,5,lugging,75.0,,22.0,18.0,27.0,18.0,27.0,18.0,75.0,9.0,75.0,normal,1303.0,317.0,716.0,-399.0,940.0,946.0,-6.0,986.0,28.0,40.0,42.42179487179488,40.305128205128206,0.6270379058742874,0.0639400718771739,gaining,32.6,25.0,640.0,512.0,-128.0,0.0,0.0,0.0,0.0,0.0,0.0,98.0,100.0,2.0,14.5,3.6,320.0,28.0,320.627436,621.992371,10294.874728,940.0,164.0,14.855072463768115,0.0,0.0,0.0,0.0,71.07807518386007,62.0,72.5235933048433,92.0,56.64333333333333,71.60805860805861,96.0,50.0,62.55384615384615,96.0,lugging
2026-01-01T12:06:07.674+00:00,768,replay,sample/replay,engine/SID807,decoded CSV,100%,2.2123886896793272,0.0,0.853,CLIMBING,↑,1438.0,42.253228,5,lugging,75.0,,22.0,18.0,27.0,18.0,27.0,18.0,75.0,9.0,75.0,normal,1425.0,440.0,731.0,-291.0,961.0,954.0,7.0,985.0,31.0,41.0,44.43666666666667,46.045833333333334,0.0,0.0,steady,36.4,25.0,645.0,567.0,-78.0,0.0,0.0,0.0,0.0,0.0,0.0,96.0,99.0,3.0,14.5,3.6,321.0,31.0,320.627436,621.992371,10294.874728,940.0,164.0,14.855072463768115,0.0,0.0,0.0,0.0,72.57790374677003,62.0,70.58532407407407,92.0,70.01,72.42857142857143,96.0,50.0,66.0,96.0,lugging
2026-01-01T12:06:08.098+00:00,769,replay,sample/replay,engine/SID807,decoded CSV,100%,2.358490428113148,0.0,0.858,CLIMBING,↑,1451.0,42.874599,5,lugging,75.0,,22.0,18.0,28.0,18.0,28.0,18.0,75.0,10.0,75.0,normal,1525.0,539.0,737.0,-198.0,987.0,971.0,16.0,986.0,34.0,41.0,45.11,49.7625,0.6551360273480072,0.06680528287927144,gaining,37.7,25.0,647.0,603.0,-44.0,0.0,0.0,0.0,0.0,0.0,0.0,93.0,97.0,4.0,14.5,3.6,321.0,34.0,320.627436,621.992371,10294.874728,940.0,164.0,14.855072463768115,0.0,0.0,0.0,0.0,73.978669430089,62.0,69.9995190329218,92.0,79.87,72.42857142857143,96.0,50.0,66.0,96.0,lugging
2026-01-01T12:06:08.571+00:00,770,replay,sample/replay,engine/SID807,decoded CSV,100%,2.114165748863983,0.0,0.858,CLIMBING,↑,1459.0,42.874599,5,lugging,75.0,,22.0,18.0,28.0,18.0,28.0,18.0,75.0,10.0,75.0,normal,1585.0,599.0,748.0,-149.0,971.0,982.0,-11.0,986.0,38.0,41.0,45.33179487179487,50.19596153846154,0.0,0.0,steady,37.800000000000004,25.0,650.0,589.0,-61.0,0.0,0.0,0.0,0.0,0.0,0.0,91.0,93.0,2.0,14.5,3.6,323.0,38.0,320.627436,621.992371,10294.874728,940.0,164.0,14.855072463768115,0.0,0.0,0.0,0.0,74.62545548156983,62.0,69.89675015827794,92.0,84.06333333333333,72.42857142857143,96.0,50.0,66.0,96.0,lugging
2026-01-01T12:06:09.027+00:00,771,replay,sample/replay,engine/SID807,decoded CSV,100%,2.1929820250203518,0.0,0.864,CLIMBING,↑,1467.0,43.49597,5,lugging,76.0,,22.0,18.0,27.0,18.0,27.0,18.0,76.0,9.0,76.0,normal,1613.0,628.0,761.0,-133.0,994.0,991.0,3.0,985.0,39.0,41.0,45.59871794871795,52.061217948717946,0.6091614851567588,0.06211718427360606,gaining,38.0,25.0,656.0,619.0,-37.0,0.0,0.0,0.0,0.0,0.0,0.0,91.0,92.0,1.0,14.5,3.6,324.0,39.0,320.627436,621.992371,10294.874728,940.0,164.0,14.855072463768115,0.0,0.0,0.0,0.0,74.81379987135317,62.0,69.75378185343463,92.0,85.52666666666667,72.42857142857143,96.0,50.0,66.0,96.0,lugging
2026-01-01T12:06:09.484+00:00,772,replay,sample/replay,engine/SID807,decoded CSV,100%,2.1881837252458136,0.0,0.869,CLIMBING,↑,1477.0,43.49597,5,lugging,76.0,,22.0,18.0,27.0,18.0,27.0,18.0,76.0,9.0,76.0,normal,1635.0,650.0,777.0,-127.0,1010.0,1002.0,8.0,985.0,40.0,42.0,46.29743589743589,52.495769230769234,0.0,0.0,steady,38.300000000000004,25.0,660.0,614.0,-46.0,0.0,0.0,0.0,0.0,0.0,0.0,92.0,92.0,0.0,14.5,3.6,324.0,40.0,320.627436,621.992371,10294.874728,940.0,164.0,14.855072463768115,0.0,0.0,0.0,0.0,74.7409377415579,62.0,69.2369104146882,92.0,86.18666666666667,72.42857142857143,96.0,50.0,66.0,96.0,lugging
2026-01-01T12:06:09.939+00:00,773,replay,sample/replay,engine/SID807,decoded CSV,100%,2.197802566327536,0.0,0.869,CLIMBING,↑,1497.0,44.117341,5,lugging,76.0,,22.0,18.0,27.0,18.0,27.0,18.0,76.0,9.0,76.0,normal,1659.0,673.0,786.0,-113.0,1018.0,1011.0,7.0,986.0,41.0,42.0,46.635897435897434,52.9625641025641,0.6105005239944948,0.062253728234870714,gaining,38.400000000000006,26.0,663.0,612.0,-51.0,0.0,0.0,0.0,0.0,0.0,0.0,92.0,92.0,0.0,14.5,3.6,325.0,41.0,320.627436,621.992371,10294.874728,940.0,164.0,14.855072463768115,0.0,0.0,0.0,0.0,74.86779323748316,62.0,69.01411839189616,92.0,87.44333333333333,72.42857142857143,96.0,50.0,66.0,96.0,lugging
2026-01-01T12:06:10.383+00:00,774,replay,sample/replay,engine/SID807,decoded CSV,100%,2.2522522232263724,0.0,0.875,CLIMBING,↑,1508.0,44.117341,5,cruise,76.0,,22.0,18.0,27.0,18.0,27.0,18.0,76.0,9.0,76.0,normal,1684.0,699.0,811.0,-112.0,1036.0,1027.0,9.0,985.0,43.0,42.0,47.26179487179487,55.84679487179487,0.0,0.0,steady,39.1,26.0,671.0,666.0,-5.0,0.0,0.0,0.0,0.0,0.0,0.0,93.0,92.0,-1.0,14.5,3.6,326.0,43.0,320.627436,621.992371,10294.874728,940.0,164.0,14.855072463768115,0.0,0.0,0.0,0.0,79.49489831102719,78.875,68.62293071383348,92.0,87.77666666666667,90.70304129204129,96.0,85.56669743589744,89.40272727272728,96.0,smug
2026-01-01T12:06:10.833+00:00,775,replay,sample/replay,engine/SID807,decoded CSV,100%,2.2222219867471074,0.0,0.881,CLIMBING,↑,1522.0,44.738712,5,accelerating,76.0,,22.0,18.0,27.0,18.0,27.0,18.0,76.0,9.0,76.0,normal,1710.0,724.0,823.0,-99.0,1024.0,1036.0,-12.0,986.0,44.0,43.0,47.68025641025642,55.406089743589746,0.6172836942347069,0.06294541910180407,gaining,39.2,25.0,678.0,643.0,-35.0,0.0,0.0,0.0,0.0,0.0,0.0,93.0,93.0,0.0,14.600000000000001,3.6,327.0,44.0,320.627436,621.992371,10294.874728,940.0,164.0,14.855072463768115,0.0,0.0,0.0,0.0,79.83364657181033,79.75,68.33245350585628,92.0,88.98,91.16054578754577,96.0,86.4495282051282,90.0,96.0,smug
2026-01-01T12:06:11.272+00:00,776,replay,sample/replay,engine/SID807,decoded CSV,100%,2.2779048921440785,0.0,0.881,CLIMBING,↑,1533.0,45.360083,5,accelerating,76.0,,22.0,18.0,27.0,18.0,27.0,18.0,76.0,9.0,76.0,normal,1737.0,753.0,841.0,-88.0,1034.0,1041.0,-7.0,984.0,45.0,43.0,47.89358974358974,56.292756410256416,0.6327511631708299,0.06452266198659379,gaining,39.2,25.0,692.0,651.0,-41.0,0.0,0.0,0.0,0.0,0.0,0.0,94.0,93.0,-1.0,14.600000000000001,3.6,328.0,45.0,321.248807,621.992371,10294.874728,940.0,164.0,14.855072463768115,0.0,0.0,0.0,0.0,80.65356905243048,80.4375,68.25689795030073,92.0,93.0,91.41982469911039,96.0,87.17550915750915,90.0,96.0,smug
2026-01-01T12:06:11.781+00:00,777,replay,sample/replay,engine/SID807,decoded CSV,100%,1.9646362992944404,0.0,0.881,CLIMBING,↑,1543.0,45.360083,5,cruise,76.0,,22.0,18.0,27.0,18.0,27.0,18.0,76.0,9.0,76.0,normal,1759.0,773.0,846.0,-73.0,1045.0,1047.0,-2.0,986.0,46.0,43.0,47.98358974358975,57.52025641025641,0.0,0.0,steady,39.2,25.0,698.0,672.0,-26.0,0.0,0.0,0.0,0.0,0.0,0.0,94.0,93.0,-1.0,14.5,3.6,328.0,46.0,321.248807,621.992371,10294.874728,940.0,164.0,14.855072463768115,0.0,0.0,0.0,0.0,80.81686847103515,81.0625,68.22502295030073,92.0,93.0,91.66592673992673,96.0,87.86459487179488,90.0,96.0,smug
2026-01-01T12:06:12.213+00:00,778,replay,sample/replay,engine/SID807,decoded CSV,100%,2.3148152338461725,0.0,0.886,CLIMBING,↑,1557.0,45.981454,5,accelerating,77.0,,22.0,18.0,27.0,18.0,27.0,18.0,77.0,9.0,77.0,normal,1777.0,792.0,858.0,-66.0,1062.0,1054.0,8.0,985.0,48.0,43.0,48.22333333333333,58.220000000000006,0.6430040326938559,0.06556816371481147,gaining,39.0,26.0,708.0,680.0,-28.0,0.0,0.0,0.0,0.0,0.0,0.0,94.0,94.0,0.0,14.5,3.6,329.0,48.0,321.248807,621.992371,10294.874728,940.0,164.0,14.855072463768115,0.0,0.0,0.0,0.0,81.02087550244043,81.9375,68.10984310699588,92.0,93.0,93.14285714285715,96.0,92.0,90.0,96.0,smug
2026-01-01T12:06:12.668+00:00,779,replay,sample/replay,engine/SID807,decoded CSV,100%,2.197801414686265,0.0,0.886,CLIMBING,↑,1562.0,45.981454,5,cruise,77.0,,22.0,18.0,27.0,18.0,27.0,18.0,77.0,9.0,77.0,normal,1798.0,812.0,866.0,-54.0,1059.0,1058.0,1.0,986.0,49.0,43.0,48.10307692307693,58.660576923076924,0.0,0.0,steady,38.800000000000004,25.0,716.0,685.0,-31.0,0.0,0.0,0.0,0.0,0.0,0.0,94.0,94.0,0.0,14.5,3.6,331.0,49.0,321.248807,621.992371,10294.874728,940.0,164.0,14.855072463768115,0.0,0.0,0.0,0.0,81.16729209456922,82.25,68.27957067109844,92.0,93.0,93.14285714285715,96.0,92.0,90.0,96.0,smug
2026-01-01T12:06:13.159+00:00,780,replay,sample/replay,engine/SID807,decoded CSV,100%,2.0366601388849097,0.0,0.886,CLIMBING,↑,1570.0,45.981454,5,cruise,77.0,,22.0,18.0,27.0,18.0,27.0,18.0,77.0,9.0,77.0,normal,1816.0,830.0,875.0,-45.0,1062.0,1063.0,-1.0,986.0,50.0,43.0,48.37641025641025,59.1947435897436,0.0,0.0,steady,38.800000000000004,26.0,719.0,690.0,-29.0,0.0,0.0,0.0,0.0,0.0,0.0,95.0,94.0,-1.0,14.5,3.6,332.0,50.0,321.248807,621.992371,10294.874728,940.0,164.0,14.855072463768115,0.0,0.0,0.0,0.0,81.24560281808343,82.75,68.10406141183918,92.0,93.0,93.14285714285715,96.0,92.0,90.0,96.0,smug
2026-01-01T12:06:13.614+00:00,781,replay,sample/replay,engine/SID807,decoded CSV,100%,2.197802566327536,0.0,0.886,CLIMBING,↑,1575.0,46.602825,5,accelerating,77.0,,22.0,18.0,27.0,18.0,27.0,18.0,77.0,9.0,77.0,normal,1835.0,850.0,883.0,-33.0,1057.0,1067.0,-10.0,985.0,51.0,43.0,48.48307692307692,59.28641025641026,0.6105005239944948,0.062253728234870714,gaining,38.800000000000004,26.0,725.0,684.0,-41.0,0.0,0.0,0.0,0.0,0.0,0.0,95.0,95.0,0.0,14.600000000000001,3.6,333.0,51.0,321.248807,621.992371,10294.874728,940.0,164.0,14.855072463768115,0.0,0.0,0.0,0.0,81.31963382583538,83.0625,68.0662836340614,92.0,93.0,93.14285714285715,96.0,92.0,90.0,96.0,smug
2026-01-01T12:06:14.078+00:00,782,replay,sample/replay,engine/SID807,decoded CSV,100%,2.15517247580745,0.0,0.886,CLIMBING,↑,1579.0,46.602825,5,cruise,77.0,,22.0,18.0,27.0,18.0,27.0,18.0,77.0,9.0,77.0,normal,1851.0,866.0,888.0,-22.0,1087.0,1069.0,18.0,985.0,51.0,43.0,48.546410256410255,59.99141025641026,0.0,0.0,steady,38.800000000000004,26.0,729.0,690.0,-39.0,0.0,0.0,0.0,0.0,0.0,0.0,95.0,95.0,0.0,14.5,3.6,334.0,51.0,321.248807,621.992371,10294.874728,940.0,164.0,14.855072463768115,0.0,0.0,0.0,0.0,81.38157665529273,83.3125,68.04385307850585,92.0,93.0,93.14285714285715,96.0,92.0,90.0,96.0,smug
2026-01-01T12:06:14.529+00:00,783,replay,sample/replay,engine/SID807,decoded CSV,100%,2.2172938499665897,0.0,0.886,CLIMBING,↑,1585.0,46.602825,5,cruise,77.0,,22.0,18.0,27.0,18.0,27.0,18.0,77.0,9.0,77.0,normal,1861.0,875.0,892.0,-17.0,1061.0,1072.0,-11.0,986.0,52.0,43.0,48.56794871794872,59.94961538461539,0.0,0.0,steady,38.7,26.0,733.0,690.0,-43.0,0.0,0.0,0.0,0.0,0.0,0.0,96.0,95.0,-1.0,14.5,3.6,335.0,52.0,321.248807,621.992371,10294.874728,940.0,164.0,14.855072463768115,0.0,0.0,0.0,0.0,81.49201444102121,83.6875,68.06044139759416,92.0,93.0,93.14285714285715,96.0,92.0,90.0,96.0,smug
2026-01-01T12:06:14.992+00:00,784,replay,sample/replay,engine/SID807,decoded CSV,100%,2.1598280501884175,0.0,0.892,CLIMBING,↑,1597.0,47.224196,5,accelerating,77.0,,22.0,18.0,27.0,18.0,27.0,18.0,77.0,9.0,77.0,normal,1866.0,881.0,896.0,-15.0,1069.0,1073.0,-4.0,985.0,52.0,43.0,48.464615384615385,59.505448717948724,0.5999520505526228,0.06117808329578631,gaining,38.7,25.0,735.0,673.0,-62.0,0.0,0.0,0.0,0.0,0.0,0.0,95.0,95.0,0.0,14.5,3.6,336.0,52.0,321.248807,621.992371,10294.874728,940.0,164.0,14.855072463768115,0.0,0.0,0.0,0.0,81.74153801983259,84.4375,68.1757423235201,92.0,93.0,93.14285714285715,96.0,92.0,90.0,96.0,smug
2026-01-01T12:06:15.463+00:00,785,replay,sample/replay,engine/SID807,decoded CSV,100%,2.1231424482806274,0.0,0.892,CLIMBING,↑,1588.0,46.602825,5,decelerating,78.0,,22.0,18.0,27.0,18.0,27.0,18.0,78.0,9.0,78.0,normal,1875.0,890.0,904.0,-14.0,1082.0,1075.0,7.0,985.0,54.0,43.0,48.59641025641026,61.10057692307693,-0.5897616087309157,-0.060138947421486004,easing,38.800000000000004,25.0,743.0,709.0,-34.0,0.0,0.0,0.0,0.0,0.0,0.0,95.0,95.0,0.0,14.5,3.6,337.0,54.0,321.248807,621.992371,10294.874728,940.0,164.0,14.855072463768115,0.0,0.0,0.0,0.0,81.55983085425916,83.875,68.10484844887623,92.0,93.0,93.14285714285715,96.0,92.0,90.0,96.0,smug
2026-01-01T12:06:15.918+00:00,786,replay,sample/replay,engine/SID807,decoded CSV,100%,2.197801414686265,0.0,0.892,CLIMBING,↑,1601.0,47.224196,5,accelerating,78.0,,22.0,18.0,27.0,18.0,27.0,18.0,78.0,9.0,78.0,normal,1883.0,897.0,899.0,-2.0,1094.0,1076.0,18.0,986.0,54.0,43.0,48.62615384615384,59.87615384615385,0.6105002040942337,0.062253695614122424,gaining,38.6,26.0,739.0,672.0,-67.0,0.0,0.0,0.0,0.0,0.0,0.0,95.0,95.0,0.0,14.5,3.6,337.0,54.0,321.248807,621.992371,10294.874728,940.0,164.0,14.855072463768115,0.0,0.0,0.0,0.0,81.77234079264117,84.6875,68.06404360557137,92.0,93.0,93.14285714285715,96.0,92.0,90.0,96.0,smug
2026-01-01T12:06:16.359+00:00,787,replay,sample/replay,engine/SID807,decoded CSV,100%,2.2675737746041493,0.0,0.892,CLIMBING,↑,1599.0,47.224196,5,cruise,78.0,,22.0,18.0,27.0,18.0,27.0,18.0,78.0,9.0,78.0,normal,1888.0,902.0,904.0,-2.0,1060.0,1076.0,-16.0,986.0,53.0,43.0,48.526153846153846,60.926153846153845,0.0,0.0,steady,38.6,25.0,743.0,704.0,-39.0,0.0,0.0,0.0,0.0,0.0,0.0,95.0,95.0,0.0,14.5,3.6,340.0,53.0,321.248807,621.992371,10294.874728,940.0,164.0,14.855072463768115,0.0,0.0,0.0,0.0,81.7772665032355,84.5625,68.17816397594174,92.0,93.0,93.12244897959184,96.0,91.94285714285714,90.0,96.0,smug
2026-01-01T12:06:16.827+00:00,788,replay,sample/replay,engine/SID807,decoded CSV,100%,2.1367524328377825,0.0,0.892,CLIMBING,↑,1604.0,47.224196,5,cruise,78.0,,22.0,18.0,27.0,18.0,27.0,18.0,78.0,9.0,78.0,normal,1888.0,903.0,912.0,-9.0,1065.0,1081.0,-16.0,985.0,53.0,44.0,49.216410256410256,61.594743589743594,0.0,0.0,steady,38.800000000000004,26.0,744.0,718.0,-26.0,0.0,0.0,0.0,0.0,0.0,0.0,95.0,95.0,0.0,14.5,3.6,341.0,53.0,321.248807,621.992371,10294.874728,940.0,164.0,14.855072463768115,0.0,0.0,0.0,0.0,81.66621005322557,84.875,67.60980215257993,92.0,93.0,93.11224489795917,96.0,91.91428571428571,90.0,96.0,smug
2026-01-01T12:06:17.291+00:00,789,replay,sample/replay,engine/SID807,decoded CSV,100%,2.15517247580745,0.0,0.892,CLIMBING,↑,1600.0,47.224196,5,cruise,78.0,,22.0,18.0,27.0,18.0,27.0,18.0,78.0,9.0,78.0,normal,1891.0,906.0,900.0,6.0,1068.0,1078.0,-10.0,985.0,55.0,42.0,48.0725641025641,60.44756410256411,0.0,0.0,steady,38.400000000000006,25.0,744.0,690.0,-54.0,0.0,0.0,0.0,0.0,0.0,0.0,95.0,95.0,0.0,14.3,3.6,342.0,55.0,321.248807,621.992371,10294.874728,940.0,164.0,14.855072463768115,0.0,0.0,0.0,0.0,81.9362799945891,84.625,68.58400265115543,92.0,93.0,93.08163265306123,96.0,91.82857142857142,90.0,96.0,smug
2026-01-01T12:06:17.720+00:00,790,replay,sample/replay,engine/SID807,decoded CSV,100%,2.3310015744513177,0.0,0.892,CLIMBING,↑,1562.0,47.224196,5,coasting,78.0,,22.0,18.0,27.0,18.0,27.0,18.0,78.0,9.0,78.0,normal,1890.0,905.0,896.0,9.0,1088.0,1079.0,9.0,985.0,55.0,0.0,33.41230769230769,60.32314102564103,0.0,0.0,steady,38.2,26.0,741.0,689.0,-52.0,0.0,0.0,0.0,0.0,0.0,0.0,95.0,95.0,0.0,14.5,3.6,343.0,55.0,321.248807,621.992371,10294.874728,940.0,164.0,14.855072463768115,0.0,0.0,0.0,0.0,89.48241403299544,94.0,82.71625356125355,92.0,93.0,93.09183673469387,96.0,91.85714285714286,90.0,96.0,smug
2026-01-01T12:06:18.208+00:00,791,replay,sample/replay,engine/SID807,decoded CSV,100%,2.049180680274768,0.0,0.892,CLIMBING,↑,1560.0,46.602825,5,coasting,78.0,,22.0,18.0,25.0,18.0,25.0,18.0,78.0,7.0,78.0,normal,1321.0,336.0,16.0,320.0,771.0,570.0,201.0,985.0,47.0,0.0,6.015128205128205,26.76596153846154,-0.5692166795298426,-0.05804394768140421,easing,1.4000000000000001,19.0,420.0,481.0,61.0,0.0,7.0,7.0,0.0,0.0,0.0,0.0,0.0,0.0,14.5,3.6,344.0,47.0,321.248807,621.992371,10294.874728,940.0,164.0,14.855072463768115,0.0,0.0,0.0,0.0,87.79457364341087,94.0,96.0,92.0,54.16666666666667,87.96205755029285,96.0,98.0,59.240641711229955,96.0,smug
2026-01-01T12:06:18.660+00:00,792,replay,sample/replay,engine/SID807,decoded CSV,100%,2.2123898566587106,0.0,0.892,CLIMBING,↑,1528.0,45.360083,5,coasting,79.0,,22.0,18.0,24.0,18.0,24.0,18.0,79.0,6.0,79.0,normal,1088.0,103.0,16.0,87.0,620.0,325.0,295.0,985.0,28.0,0.0,3.6933333333333334,17.480833333333333,-1.2291050956657699,-0.1253338393504173,braking/down,0.0,18.0,418.0,381.0,-37.0,0.0,0.0,0.0,0.0,0.0,0.0,85.0,60.0,-25.0,14.5,3.6,345.0,28.0,321.248807,621.992371,10294.874728,940.0,164.0,14.855072463768115,0.0,0.0,0.0,0.0,88.74418604651164,94.0,96.0,92.0,60.0,90.52380952380953,96.0,98.0,70.0,96.0,smug
2026-01-01T12:06:19.161+00:00,793,replay,sample/replay,engine/SID807,decoded CSV,100%,1.9960073229219162,0.0,0.892,CLIMBING,↑,1219.0,44.117341,N,clutch,79.0,,22.0,18.0,25.0,18.0,25.0,18.0,79.0,7.0,79.0,normal,1090.0,104.0,14.0,90.0,521.0,320.0,201.0,986.0,26.0,0.0,3.9400000000000004,16.782500000000002,-1.1088926141139748,-0.11307557770634975,braking/down,0.0,20.0,416.0,407.0,-9.0,0.0,0.0,0.0,0.0,0.0,0.0,85.0,89.0,4.0,14.5,3.6,346.0,26.0,321.248807,621.992371,10294.874728,940.0,164.0,14.855072463768115,21.95999999999998,-34.27999999999997,-8.360000000000014,20.680000000000007,77.87209302325581,72.0,78.0,92.0,69.5,89.8235294117647,96.0,92.0,76.05882352941177,96.0,smug
2026-01-01T12:06:19.749+00:00,794,replay,sample/replay,engine/SID807,decoded CSV,100%,1.7006807906741004,0.0,0.892,CLIMBING,↑,756.0,42.874599,N,clutch,79.0,,22.0,18.0,26.0,18.0,26.0,18.0,79.0,8.0,79.0,normal,1072.0,87.0,15.0,72.0,447.0,356.0,91.0,985.0,15.0,0.0,4.49,12.921666666666665,-0.9448223691801554,-0.09634506882372221,braking/down,0.0,22.0,367.0,362.0,-5.0,0.0,0.0,0.0,0.0,0.0,0.0,85.0,88.0,3.0,14.600000000000001,3.6,346.0,15.0,321.248807,621.992371,10294.874728,940.0,164.0,14.855072463768115,21.95999999999998,-34.27999999999997,-8.360000000000014,20.680000000000007,80.11046511627906,72.0,78.0,92.0,83.25,92.90476190476191,96.0,92.0,89.0,96.0,smug
2026-01-01T12:06:20.222+00:00,795,replay,sample/replay,engine/SID807,decoded CSV,100%,2.1141646832057566,0.0,0.892,CLIMBING,↑,1779.0,41.631857000000004,N,decelerating,79.0,,22.0,18.0,26.0,18.0,26.0,18.0,79.0,8.0,79.0,normal,1022.0,36.0,14.0,22.0,380.0,403.0,-23.0,986.0,26.0,0.0,5.243333333333334,15.600833333333332,-1.1745355717410797,-0.11976929652236797,braking/down,0.0,25.0,456.0,381.0,-75.0,0.0,0.0,0.0,0.0,0.0,0.0,85.0,85.0,0.0,14.5,3.6,348.0,26.0,321.248807,621.992371,10294.874728,940.0,164.0,14.855072463768115,0.0,0.0,0.0,0.0,80.23255813953489,72.0,78.0,92.0,84.0,93.14285714285715,96.0,92.0,90.0,96.0,smug
2026-01-01T12:06:20.686+00:00,796,replay,sample/replay,engine/SID807,decoded CSV,100%,2.15517247580745,0.0,0.892,CLIMBING,↑,1411.0,40.389115000000004,N,clutch,79.0,,22.0,18.0,26.0,18.0,26.0,18.0,79.0,8.0,79.0,normal,1071.0,86.0,15.0,71.0,600.0,614.0,-14.0,985.0,28.0,0.0,6.51,17.649166666666666,-1.1973176716937834,-0.12209242419111353,braking/down,0.0,24.0,434.0,407.0,-27.0,0.0,0.0,0.0,0.0,0.0,0.0,85.0,85.0,0.0,14.5,3.6,348.0,28.0,321.248807,621.992371,10294.874728,940.0,164.0,14.855072463768115,0.0,0.0,0.0,0.0,80.23255813953489,72.0,78.0,92.0,84.0,93.14285714285715,96.0,92.0,90.0,96.0,smug
2026-01-01T12:06:21.162+00:00,797,replay,sample/replay,engine/SID807,decoded CSV,100%,2.1008400246632966,0.0,0.892,CLIMBING,↑,2385.0,38.525002,N,decelerating,79.0,,22.0,18.0,26.0,18.0,26.0,18.0,79.0,8.0,79.0,normal,1057.0,72.0,38.0,34.0,576.0,623.0,-47.0,985.0,34.0,0.0,6.95,18.6275,-1.7506994789281805,-0.17852166427150765,braking/down,0.0,25.0,487.0,357.0,-130.0,0.0,0.0,0.0,0.0,0.0,0.0,85.0,85.0,0.0,14.5,3.6,348.0,34.0,321.248807,621.992371,10294.874728,940.0,164.0,14.855072463768115,0.0,0.0,0.0,0.0,79.85271317829458,72.0,78.0,92.0,81.66666666666667,92.54761904761905,96.0,92.0,87.5,96.0,smug
2026-01-01T12:06:21.772+00:00,798,replay,sample/replay,engine/SID807,decoded CSV,100%,1.6393445442198142,0.0,0.892,CLIMBING,↑,2251.0,37.903631,3,coasting,80.0,,22.0,18.0,27.0,18.0,27.0,18.0,80.0,9.0,80.0,normal,1161.0,175.0,25.0,150.0,669.0,696.0,-27.0,986.0,43.0,0.0,7.156666666666666,23.292499999999997,-0.4553733436238793,-0.0464351581451239,easing,0.0,24.0,482.0,431.0,-51.0,0.0,0.0,0.0,0.0,0.0,0.0,85.0,85.0,0.0,14.5,3.6,349.0,43.0,321.248807,621.992371,10294.874728,940.0,164.0,14.855072463768115,0.0,0.0,0.0,0.0,91.952934662237,92.17857142857143,96.0,92.0,82.83333333333333,94.96103896103897,96.0,98.0,88.63636363636364,96.0,smug
2026-01-01T12:06:22.236+00:00,799,replay,sample/replay,engine/SID807,decoded CSV,100%,2.15517247580745,0.0,0.892,CLIMBING,↑,2192.0,36.660889,3,coasting,80.0,,22.0,18.0,27.0,18.0,27.0,18.0,80.0,9.0,80.0,normal,1183.0,198.0,24.0,174.0,640.0,440.0,200.0,985.0,43.0,0.0,4.6899999999999995,23.098333333333333,-1.1973176716937834,-0.12209242419111353,braking/down,0.0,19.0,393.0,426.0,33.0,0.0,0.0,0.0,0.0,0.0,0.0,85.0,85.0,0.0,14.600000000000001,3.6,350.0,43.0,321.248807,621.992371,10294.874728,940.0,164.0,14.855072463768115,0.0,0.0,0.0,0.0,89.79554263565892,94.0,96.0,92.0,66.45833333333333,91.1502419149478,96.0,98.0,72.63101604278074,96.0,smug
2026-01-01T12:06:22.689+00:00,800,replay,sample/replay,engine/SID807,decoded CSV,100%,2.207505184155956,0.0,0.892,CLIMBING,↑,2139.0,35.418147,3,coasting,80.0,,22.0,18.0,27.0,18.0,27.0,18.0,80.0,9.0,80.0,normal,1184.0,199.0,21.0,178.0,526.0,400.0,126.0,985.0,43.0,0.0,4.843333333333334,22.440833333333334,-1.2263913895593512,-0.12505711833902008,braking/down,0.0,22.0,381.0,433.0,52.0,0.0,0.0,0.0,0.0,0.0,0.0,85.0,85.0,0.0,14.700000000000001,3.6,351.0,43.0,321.248807,621.992371,10294.874728,940.0,164.0,14.855072463768115,0.0,0.0,0.0,0.0,91.24709302325581,94.0,96.0,92.0,75.375,93.13649096002038,96.0,98.0,80.97326203208556,96.0,smug
2026-01-01T12:06:23.129+00:00,801,replay,sample/replay,engine/SID807,decoded CSV,100%,2.272726977167089,0.0,0.892,CLIMBING,↑,2066.0,34.796776,3,coasting,80.0,,22.0,18.0,27.0,18.0,27.0,18.0,80.0,9.0,80.0,normal,1179.0,195.0,20.0,175.0,453.0,400.0,53.0,984.0,41.0,0.0,4.983333333333333,21.60666666666667,-0.6313128538999706,-0.06437599525831661,easing,0.0,23.0,371.0,432.0,61.0,0.0,0.0,0.0,0.0,0.0,0.0,85.0,85.0,0.0,14.600000000000001,3.6,353.0,41.0,321.248807,621.992371,10294.874728,940.0,164.0,14.855072463768115,0.0,0.0,0.0,0.0,92.12209302325581,94.0,96.0,92.0,80.75,94.41991341991343,96.0,98.0,86.36363636363636,96.0,smug
2026-01-01T12:06:23.602+00:00,802,replay,sample/replay,engine/SID807,decoded CSV,100%,2.1141646832057566,0.0,0.892,CLIMBING,↑,2000.0,33.554034,3,coasting,80.0,,22.0,18.0,26.0,18.0,26.0,18.0,80.0,8.0,80.0,normal,1169.0,184.0,16.0,168.0,398.0,400.0,-2.0,985.0,40.0,0.0,5.093333333333334,20.761666666666667,-1.1745355717410797,-0.11976929652236797,braking/down,0.0,24.0,358.0,430.0,72.0,0.0,0.0,0.0,0.0,0.0,0.0,85.0,85.0,0.0,14.700000000000001,3.6,353.0,40.0,321.248807,621.992371,10294.874728,940.0,164.0,14.855072463768115,0.0,0.0,0.0,0.0,92.2170542635659,94.0,96.0,92.0,81.33333333333333,94.57142857142858,96.0,98.0,87.0,96.0,smug
2026-01-01T12:06:24.059+00:00,803,replay,sample/replay,engine/SID807,decoded CSV,100%,2.1881837252458136,0.0,0.892,CLIMBING,↑,1933.0,32.311292,3,coasting,80.0,,22.0,18.0,26.0,18.0,26.0,18.0,80.0,8.0,80.0,normal,1156.0,171.0,15.0,156.0,387.0,400.0,-13.0,985.0,39.0,0.0,5.083333333333333,20.323333333333334,-1.2156572490412696,-0.12396254062715296,braking/down,0.0,24.0,351.0,432.0,81.0,0.0,0.0,0.0,0.0,0.0,0.0,85.0,85.0,0.0,14.600000000000001,3.6,355.0,39.0,321.248807,621.992371,10294.874728,940.0,164.0,14.855072463768115,0.0,0.0,0.0,0.0,92.37984496124032,94.0,96.0,92.0,82.33333333333333,94.83116883116884,96.0,98.0,88.0909090909091,96.0,smug
2026-01-01T12:06:24.515+00:00,804,replay,sample/replay,engine/SID807,decoded CSV,100%,2.192983171616468,0.0,0.892,CLIMBING,↑,1867.0,31.068550000000002,3,coasting,81.0,,22.0,18.0,26.0,18.0,26.0,18.0,81.0,8.0,81.0,normal,1144.0,158.0,14.0,144.0,400.0,400.0,0.0,986.0,37.0,0.0,5.073333333333333,19.860833333333336,-1.21832360731117,-0.1242344335028955,braking/down,0.0,24.0,342.0,429.0,87.0,0.0,0.0,0.0,0.0,0.0,0.0,85.0,85.0,0.0,14.700000000000001,3.6,356.0,37.0,321.248807,621.992371,10294.874728,940.0,164.0,14.855072463768115,0.0,0.0,0.0,0.0,92.54263565891473,94.0,96.0,92.0,83.33333333333333,95.09090909090908,96.0,98.0,89.18181818181819,96.0,smug
2026-01-01T12:06:24.971+00:00,805,replay,sample/replay,engine/SID807,decoded CSV,100%,2.1929820250203518,0.0,0.892,CLIMBING,↑,1691.0,29.825808000000002,N,clutch,81.0,,22.0,18.0,26.0,18.0,26.0,18.0,81.0,8.0,81.0,normal,1131.0,146.0,15.0,131.0,391.0,400.0,-9.0,985.0,35.0,0.0,5.083333333333333,18.301666666666666,-1.2183229703135248,-0.12423436854721284,braking/down,0.0,24.0,334.0,410.0,76.0,0.0,0.0,0.0,0.0,0.0,0.0,85.0,85.0,0.0,14.700000000000001,3.6,356.0,35.0,321.248807,621.992371,10294.874728,940.0,164.0,14.855072463768115,0.0,0.0,0.0,0.0,80.23255813953489,72.0,78.0,92.0,84.0,93.14285714285715,96.0,92.0,90.0,96.0,smug
2026-01-01T12:06:25.443+00:00,806,replay,sample/replay,engine/SID807,decoded CSV,100%,2.118644590043698,0.0,0.892,CLIMBING,↑,1246.0,28.583066,N,braking,81.0,,22.0,18.0,26.0,18.0,26.0,18.0,81.0,8.0,81.0,normal,1109.0,124.0,15.0,109.0,592.0,572.0,20.0,985.0,27.0,0.0,6.08,17.679166666666667,-1.1770244081032861,-0.12002308720136705,braking/down,0.0,23.0,419.0,407.0,-12.0,0.0,0.0,0.0,0.0,0.0,0.0,85.0,85.0,0.0,14.600000000000001,3.6,358.0,27.0,321.248807,621.992371,10294.874728,940.0,164.0,14.855072463768115,21.95999999999998,-34.27999999999997,-8.360000000000014,20.680000000000007,80.23255813953489,72.0,78.0,92.0,84.0,93.14285714285715,96.0,92.0,90.0,96.0,smug
2026-01-01T12:06:25.929+00:00,807,replay,sample/replay,engine/SID807,decoded CSV,100%,2.0576129103153797,0.0,0.892,CLIMBING,↑,901.0,26.097582,N,braking,81.0,,22.0,18.0,26.0,18.0,26.0,18.0,81.0,8.0,81.0,normal,1082.0,97.0,15.0,82.0,488.0,428.0,60.0,985.0,17.0,0.0,4.97,14.148333333333333,-2.286235859710364,-0.23313117728381905,braking/down,0.0,22.0,392.0,374.0,-18.0,0.0,0.0,0.0,0.0,0.0,0.0,85.0,85.0,0.0,14.5,3.6,360.0,17.0,321.248807,621.992371,10294.874728,940.0,164.0,14.855072463768115,21.95999999999998,-34.27999999999997,-8.360000000000014,20.680000000000007,80.23255813953489,72.0,78.0,92.0,84.0,93.14285714285715,96.0,92.0,90.0,96.0,smug
2026-01-01T12:06:26.382+00:00,808,replay,sample/replay,engine/SID807,decoded CSV,100%,2.207505184155956,0.0,0.892,CLIMBING,↑,761.0,22.369356,N,braking,81.0,,22.0,18.0,26.0,18.0,26.0,18.0,81.0,8.0,81.0,normal,1041.0,56.0,15.0,41.0,375.0,311.0,64.0,985.0,11.0,0.0,5.882307692307693,12.379807692307692,-3.679174168678053,-0.37517135501706017,braking/down,4.4,22.0,190.0,329.0,139.0,21.0,10.0,-11.0,0.0,0.0,0.0,79.0,83.0,4.0,14.5,3.6,360.0,11.0,321.248807,621.992371,10294.874728,940.0,164.0,14.855072463768115,12.610000000000014,-19.680000000000007,-4.800000000000011,11.870000000000005,79.73062015503875,72.0,78.0,92.0,80.91666666666667,92.38278388278388,96.0,92.0,86.8076923076923,96.0,smug
2026-01-01T12:06:26.900+00:00,809,replay,sample/replay,engine/SID807,decoded CSV,100%,1.9305023498963707,0.0,0.892,CLIMBING,↑,941.0,19.883872,N,braking,81.0,,22.0,18.0,25.0,18.0,25.0,18.0,81.0,7.0,81.0,normal,1019.0,34.0,15.0,19.0,306.0,320.0,-14.0,985.0,9.0,0.0,5.8961538461538465,8.63948717948718,-2.1450019473836393,-0.2187293262616326,braking/down,3.5,24.0,190.0,248.0,58.0,23.0,23.0,0.0,0.0,0.0,0.0,79.0,83.0,4.0,14.5,3.6,360.0,9.0,321.248807,621.992371,10294.874728,940.0,164.0,14.855072463768115,14.569999999999993,-22.74000000000001,-5.5400000000000205,13.720000000000027,80.23255813953489,72.0,78.0,92.0,84.0,93.14285714285715,96.0,92.0,90.0,96.0,smug
2026-01-01T12:06:27.340+00:00,810,replay,sample/replay,engine/SID807,decoded CSV,100%,2.272726977167089,0.0,0.892,CLIMBING,↑,1716.0,17.398388,5,braking,82.0,,22.0,18.0,25.0,18.0,25.0,18.0,82.0,7.0,82.0,normal,990.0,5.0,15.0,-10.0,306.0,325.0,-19.0,985.0,18.0,0.0,4.583333333333333,12.768333333333334,-2.525251415599897,-0.25750398103326794,braking/down,0.0,24.0,415.0,338.0,-77.0,0.0,0.0,0.0,0.0,0.0,0.0,85.0,84.0,-1.0,14.5,3.6,360.0,18.0,321.248807,621.992371,10294.874728,940.0,164.0,14.855072463768115,21.95999999999998,-34.27999999999997,-8.360000000000014,20.680000000000007,92.65116279069768,94.0,96.0,92.0,84.0,93.14285714285715,96.0,92.0,90.0,96.0,smug
2026-01-01T12:06:27.838+00:00,811,replay,sample/replay,engine/SID807,decoded CSV,100%,2.008032505363222,0.0,0.892,CLIMBING,↑,1550.0,15.534275000000001,N,braking,82.0,,22.0,18.0,26.0,18.0,26.0,18.0,82.0,8.0,82.0,normal,1022.0,37.0,15.0,22.0,609.0,585.0,24.0,985.0,26.0,0.0,6.316666666666666,16.568333333333335,-1.6733599034384643,-0.17063522236833825,braking/down,0.0,24.0,427.0,386.0,-41.0,0.0,0.0,0.0,0.0,0.0,0.0,85.0,84.0,-1.0,14.5,3.6,361.0,26.0,321.248807,621.992371,10294.874728,940.0,164.0,14.855072463768115,0.0,0.0,0.0,0.0,80.23255813953489,72.0,78.0,92.0,84.0,93.14285714285715,96.0,92.0,90.0,96.0,smug
2026-01-01T12:06:28.274+00:00,812,replay,sample/replay,engine/SID807,decoded CSV,100%,2.2935774097358967,0.0,0.892,CLIMBING,↑,1390.0,14.291533,2,coasting,82.0,,22.0,18.0,26.0,18.0,26.0,18.0,82.0,8.0,82.0,normal,1038.0,53.0,15.0,38.0,555.0,548.0,7.0,985.0,24.0,0.0,6.069999999999999,16.129166666666666,-1.2742092778656082,-0.12993318593664588,braking/down,0.0,24.0,424.0,391.0,-33.0,0.0,0.0,0.0,0.0,0.0,0.0,85.0,84.0,-1.0,14.5,3.6,361.0,24.0,321.248807,621.992371,10294.874728,940.0,164.0,14.855072463768115,21.95999999999998,-34.27999999999997,-8.360000000000014,20.680000000000007,92.65116279069768,94.0,96.0,92.0,84.0,95.28571428571429,96.0,98.0,90.0,96.0,smug
2026-01-01T12:06:28.731+00:00,813,replay,sample/replay,engine/SID807,decoded CSV,100%,2.1881837252458136,0.0,0.892,CLIMBING,↑,1318.0,13.670162,2,decelerating,82.0,,22.0,18.0,26.0,18.0,26.0,18.0,82.0,8.0,82.0,normal,1049.0,65.0,16.0,49.0,523.0,517.0,6.0,984.0,22.0,11.0,9.723333333333333,15.613333333333335,-0.6078286245206348,-0.06198127031357648,easing,0.0,24.0,412.0,384.0,-28.0,0.0,0.0,0.0,0.0,0.0,0.0,85.0,85.0,0.0,14.600000000000001,3.6,363.0,22.0,321.248807,621.992371,10294.874728,940.0,164.0,14.855072463768115,21.95999999999998,-34.27999999999997,-8.360000000000014,20.680000000000007,91.80938756101062,92.0,95.18691100823045,92.0,84.0,93.14285714285715,96.0,92.0,90.0,96.0,smug
2026-01-01T12:06:29.200+00:00,814,replay,sample/replay,engine/SID807,decoded CSV,100%,2.1321957024679112,0.0,0.892,CLIMBING,↑,1222.0,12.42742,2,decelerating,82.0,,22.0,18.0,26.0,18.0,26.0,18.0,82.0,8.0,82.0,normal,1040.0,55.0,24.0,31.0,464.0,466.0,-2.0,985.0,15.0,8.0,9.759487179487179,11.20448717948718,-1.1845528015654074,-0.12079076968846726,braking/down,3.5,24.0,207.0,254.0,47.0,26.0,25.0,-1.0,0.0,0.0,0.0,77.0,83.0,6.0,14.600000000000001,3.6,363.0,15.0,321.248807,621.992371,10294.874728,940.0,164.0,14.855072463768115,14.569999999999993,-22.74000000000001,-5.5400000000000205,13.720000000000027,90.07400133063894,86.0,95.0121371478316,92.0,84.0,93.14285714285715,96.0,92.0,90.0,96.0,smug
2026-01-01T12:06:29.649+00:00,815,replay,sample/replay,engine/SID807,decoded CSV,100%,2.2271720787875378,0.0,0.892,CLIMBING,↑,1180.0,11.806049,2,decelerating,82.0,,22.0,18.0,26.0,18.0,26.0,18.0,82.0,8.0,82.0,normal,1021.0,36.0,21.0,15.0,444.0,453.0,-9.0,985.0,10.0,15.0,12.246666666666668,9.230833333333333,-0.6186587193760967,-0.06308563264479683,easing,3.9000000000000004,24.0,204.0,213.0,9.0,30.0,30.0,0.0,0.0,0.0,0.0,77.0,81.0,4.0,14.5,3.6,363.0,10.0,321.248807,621.992371,10294.874728,940.0,164.0,14.855072463768115,13.04000000000002,-20.360000000000014,-4.9599999999999795,12.279999999999973,88.80986398219926,83.375,93.48827674897119,92.0,84.0,93.14285714285715,96.0,92.0,90.0,96.0,smug
2026-01-01T12:06:30.118+00:00,816,replay,sample/replay,engine/SID807,decoded CSV,100%,2.1321957024679112,0.0,0.892,CLIMBING,↑,1121.0,11.806049,2,cruise,82.0,,22.0,18.0,25.0,18.0,25.0,18.0,82.0,7.0,82.0,normal,1007.0,23.0,25.0,-2.0,494.0,496.0,-2.0,984.0,10.0,13.0,13.565641025641025,11.030641025641028,0.0,0.0,steady,8.3,24.0,214.0,218.0,4.0,25.0,26.0,1.0,0.0,0.0,0.0,77.0,77.0,0.0,14.5,3.6,363.0,10.0,321.248807,621.992371,10294.874728,940.0,164.0,14.855072463768115,3.8899999999999864,-6.079999999999984,-1.4800000000000182,3.670000000000016,87.52366839484088,79.6875,92.75118273187718,92.0,84.0,93.14285714285715,96.0,92.0,90.0,96.0,smug
2026-01-01T12:06:30.611+00:00,817,replay,sample/replay,engine/SID807,decoded CSV,100%,2.028398421310471,0.0,0.892,CLIMBING,↑,1098.0,11.184678,2,decelerating,83.0,,22.0,18.0,25.0,18.0,25.0,18.0,83.0,7.0,83.0,normal,1000.0,16.0,25.0,-9.0,451.0,459.0,-8.0,984.0,10.0,17.0,14.372820512820512,9.829487179487181,-0.5634438316035224,-0.057455281018851743,easing,7.4,24.0,218.0,208.0,-10.0,26.0,26.0,0.0,0.0,0.0,0.0,77.0,76.0,-1.0,14.5,3.6,365.0,10.0,321.248807,621.992371,10294.874728,940.0,164.0,14.855072463768115,5.420000000000016,-8.45999999999998,-2.0600000000000023,5.100000000000023,86.92952458645289,78.25,92.19797048116493,92.0,84.0,93.14285714285715,96.0,92.0,90.0,96.0,smug
2026-01-01T12:06:31.065+00:00,818,replay,sample/replay,engine/SID807,decoded CSV,100%,2.202643190313694,0.0,0.892,CLIMBING,↑,1073.0,11.184678,2,cruise,83.0,,22.0,18.0,25.0,18.0,25.0,18.0,83.0,7.0,83.0,normal,998.0,13.0,22.0,-9.0,490.0,489.0,1.0,985.0,9.0,17.0,15.658205128205129,11.634038461538463,0.0,0.0,steady,10.3,24.0,221.0,223.0,2.0,22.0,22.0,0.0,0.0,0.0,0.0,77.0,76.0,-1.0,14.5,3.6,365.0,9.0,321.248807,621.992371,10294.874728,940.0,164.0,14.855072463768115,0.0,0.0,0.0,0.0,86.23220484385698,76.6875,91.44898721905666,92.0,84.0,93.14285714285715,96.0,92.0,90.0,96.0,smug
2026-01-01T12:06:31.720+00:00,819,replay,sample/replay,engine/SID807,decoded CSV,100%,1.5267170682168116,0.0,0.892,CLIMBING,↑,1053.0,10.563307,2,cruise,83.0,,22.0,18.0,25.0,18.0,25.0,18.0,83.0,7.0,83.0,normal,995.0,11.0,35.0,-24.0,509.0,506.0,3.0,984.0,10.0,19.0,17.986153846153844,13.982820512820513,-0.42408794330199767,-0.043244935151351145,easing,13.9,24.0,265.0,248.0,-17.0,15.0,16.0,1.0,0.0,0.0,0.0,77.0,76.0,-1.0,14.5,3.6,365.0,10.0,321.248807,621.992371,10294.874728,940.0,164.0,14.855072463768115,0.0,0.0,0.0,0.0,85.41166282934695,75.4375,90.09676677746123,92.0,84.0,93.14285714285715,96.0,92.0,90.0,96.0,smug
2026-01-01T12:06:32.177+00:00,820,replay,sample/replay,engine/SID807,decoded CSV,100%,2.1881837252458136,0.0,0.892,CLIMBING,↑,1040.0,10.563307,2,cruise,83.0,,22.0,18.0,26.0,18.0,26.0,18.0,83.0,8.0,83.0,normal,998.0,14.0,35.0,-21.0,497.0,498.0,-1.0,984.0,11.0,19.0,17.971282051282053,14.172948717948719,0.0,0.0,steady,14.0,24.0,268.0,254.0,-14.0,13.0,14.0,1.0,0.0,0.0,0.0,77.0,76.0,-1.0,14.5,3.6,365.0,11.0,321.248807,621.992371,10294.874728,940.0,164.0,14.855072463768115,0.0,0.0,0.0,0.0,85.18064141213367,74.625,90.08450538144982,92.0,84.0,93.14285714285715,96.0,92.0,90.0,96.0,smug
2026-01-01T12:06:32.660+00:00,821,replay,sample/replay,engine/SID807,decoded CSV,100%,2.0703942250356393,0.0,0.896,CLIMBING,↑,1026.0,10.563307,2,cruise,83.0,,22.0,18.0,26.0,18.0,26.0,18.0,83.0,8.0,83.0,normal,1000.0,16.0,35.0,-19.0,498.0,502.0,-4.0,984.0,11.0,19.0,17.997948717948717,14.766282051282053,0.0,0.0,steady,14.0,24.0,275.0,270.0,-5.0,12.0,12.0,0.0,0.0,0.0,0.0,77.0,76.0,-1.0,14.5,3.6,365.0,11.0,321.248807,621.992371,10294.874728,940.0,164.0,14.855072463768115,0.0,0.0,0.0,0.0,84.9343235826763,73.75,90.0783942703387,92.0,84.0,93.14285714285715,96.0,92.0,90.0,96.0,smug
2026-01-01T12:06:33.131+00:00,822,replay,sample/replay,engine/SID807,decoded CSV,100%,2.1231413735536706,0.0,0.896,CLIMBING,↑,1015.0,10.563307,2,cruise,83.0,,22.0,19.0,26.0,18.0,26.0,18.0,83.0,8.0,83.0,normal,1003.0,18.0,34.0,-16.0,495.0,497.0,-2.0,985.0,11.0,19.0,18.07,15.008333333333333,0.0,0.0,steady,14.3,24.0,278.0,274.0,-4.0,11.0,11.0,0.0,0.0,0.0,0.0,76.0,76.0,0.0,14.5,3.6,365.0,11.0,321.248807,621.992371,10294.874728,940.0,164.0,14.855072463768115,0.0,0.0,0.0,0.0,84.72030487367212,73.0625,90.01487397119341,92.0,84.0,93.14285714285715,96.0,92.0,90.0,96.0,smug
2026-01-01T12:06:33.603+00:00,823,replay,sample/replay,engine/SID807,decoded CSV,100%,2.118644590043698,0.0,0.896,CLIMBING,↑,1019.0,10.563307,2,cruise,83.0,,22.0,18.0,26.0,18.0,26.0,18.0,83.0,8.0,83.0,normal,1003.0,19.0,54.0,-35.0,491.0,501.0,-10.0,984.0,12.0,22.0,19.96205128205128,16.33955128205128,0.0,0.0,steady,15.9,24.0,319.0,293.0,-26.0,6.0,7.0,1.0,0.0,0.0,0.0,80.0,77.0,-3.0,14.5,3.6,366.0,12.0,321.248807,621.992371,10294.874728,940.0,164.0,14.855072463768115,0.0,0.0,0.0,0.0,85.88324029903487,73.3125,88.94862219056664,92.0,93.0,93.14285714285715,96.0,92.0,90.0,96.0,smug
2026-01-01T12:06:34.088+00:00,824,replay,sample/replay,engine/SID807,decoded CSV,100%,2.061856116076937,0.0,0.896,CLIMBING,↑,1037.0,10.563307,2,cruise,83.0,,22.0,19.0,26.0,18.0,26.0,18.0,83.0,8.0,83.0,normal,1011.0,27.0,62.0,-35.0,551.0,558.0,-7.0,984.0,13.0,24.0,22.387435897435896,19.02326923076923,0.0,0.0,steady,18.8,25.0,330.0,319.0,-11.0,4.0,3.0,-1.0,0.0,0.0,0.0,82.0,82.0,0.0,14.5,3.6,366.0,13.0,321.248807,621.992371,10294.874728,940.0,164.0,14.855072463768115,0.0,0.0,0.0,0.0,82.8691649274498,65.0625,86.90827279202279,92.0,93.0,93.14285714285715,96.0,92.0,90.0,96.0,smug
2026-01-01T12:06:34.571+00:00,825,replay,sample/replay,engine/SID807,decoded CSV,100%,2.070393203047216,0.0,0.896,CLIMBING,↑,1051.0,10.563307,2,cruise,83.0,,22.0,19.0,26.0,18.0,26.0,18.0,83.0,8.0,83.0,normal,1023.0,38.0,68.0,-30.0,572.0,576.0,-4.0,985.0,15.0,24.0,22.532820512820514,19.358653846153846,0.0,0.0,steady,19.1,24.0,335.0,315.0,-20.0,3.0,2.0,-1.0,0.0,0.0,0.0,83.0,82.0,-1.0,14.5,3.6,366.0,15.0,321.248807,621.992371,10294.874728,940.0,164.0,14.855072463768115,0.0,0.0,0.0,0.0,83.09656877360366,65.9375,86.86016381766382,92.0,93.0,93.14285714285715,96.0,92.0,90.0,96.0,smug
2026-01-01T12:06:35.066+00:00,826,replay,sample/replay,engine/SID807,decoded CSV,100%,2.0202015142225074,0.0,0.896,CLIMBING,↑,1070.0,11.184678,2,accelerating,83.0,,22.0,19.0,26.0,18.0,26.0,18.0,83.0,8.0,83.0,normal,1033.0,49.0,71.0,-22.0,578.0,578.0,0.0,984.0,16.0,24.0,22.345384615384614,19.93955128205128,0.561166913672401,0.057223100005853275,gaining,18.5,24.0,331.0,329.0,-2.0,3.0,2.0,-1.0,0.0,0.0,0.0,82.0,82.0,0.0,14.3,3.6,366.0,16.0,321.248807,621.992371,10294.874728,940.0,164.0,14.855072463768115,0.0,0.0,0.0,0.0,83.50615061617968,67.125,87.08429843304843,92.0,93.0,93.14285714285715,96.0,92.0,90.0,96.0,smug
2026-01-01T12:06:35.530+00:00,827,replay,sample/replay,engine/SID807,decoded CSV,100%,2.15517247580745,0.0,0.902,CLIMBING,↑,1098.0,11.184678,2,cruise,83.0,,22.0,19.0,26.0,18.0,26.0,18.0,83.0,8.0,83.0,normal,1039.0,54.0,79.0,-25.0,592.0,589.0,3.0,985.0,16.0,25.0,22.77179487179487,20.057628205128204,0.0,0.0,steady,18.3,24.0,339.0,327.0,-12.0,3.0,3.0,0.0,0.0,0.0,0.0,84.0,82.0,-2.0,14.5,3.6,368.0,16.0,321.248807,621.992371,10294.874728,940.0,164.0,14.855072463768115,0.0,0.0,0.0,0.0,83.88395696680581,68.875,86.76734330484331,92.0,93.0,93.14285714285715,96.0,92.0,90.0,96.0,smug
2026-01-01T12:06:35.999+00:00,828,replay,sample/replay,engine/SID807,decoded CSV,100%,2.132196786380957,0.0,0.902,CLIMBING,↑,1125.0,11.184678,2,cruise,84.0,,22.0,19.0,26.0,18.0,26.0,18.0,84.0,8.0,84.0,normal,1047.0,63.0,84.0,-21.0,628.0,625.0,3.0,984.0,16.0,25.0,23.40794871794872,20.771282051282054,0.0,0.0,steady,19.200000000000003,24.0,342.0,324.0,-18.0,3.0,3.0,0.0,0.0,0.0,0.0,84.0,83.0,-1.0,14.5,3.6,368.0,16.0,321.248807,621.992371,10294.874728,940.0,164.0,14.855072463768115,0.0,0.0,0.0,0.0,84.19116850526734,70.5625,86.29801638176637,92.0,93.0,93.14285714285715,96.0,92.0,90.0,96.0,smug
2026-01-01T12:06:36.468+00:00,829,replay,sample/replay,engine/SID807,decoded CSV,100%,2.1321957024679112,0.0,0.902,CLIMBING,↑,1151.0,11.806049,2,accelerating,84.0,,22.0,19.0,26.0,18.0,26.0,18.0,84.0,8.0,84.0,normal,1054.0,69.0,87.0,-18.0,631.0,634.0,-3.0,985.0,17.0,25.0,23.382564102564103,21.237564102564107,0.5922764007827037,0.06039538484423363,gaining,18.900000000000002,24.0,341.0,334.0,-7.0,2.0,3.0,1.0,0.0,0.0,0.0,84.0,83.0,-1.0,14.5,3.6,368.0,17.0,321.248807,621.992371,10294.874728,940.0,164.0,14.855072463768115,0.0,0.0,0.0,0.0,84.67481117074139,72.1875,86.38445868945868,92.0,93.0,93.14285714285715,96.0,92.0,90.0,96.0,smug
2026-01-01T12:06:36.928+00:00,830,replay,sample/replay,engine/SID807,decoded CSV,100%,2.173912863199577,0.0,0.902,CLIMBING,↑,1172.0,11.806049,2,cruise,84.0,,22.0,19.0,26.0,18.0,26.0,18.0,84.0,8.0,84.0,normal,1060.0,76.0,88.0,-12.0,638.0,641.0,-3.0,984.0,18.0,25.0,23.246923076923075,21.353589743589744,0.0,0.0,steady,18.400000000000002,24.0,334.0,336.0,2.0,4.0,3.0,-1.0,0.0,0.0,0.0,83.0,83.0,0.0,14.3,3.6,370.0,18.0,321.248807,621.992371,10294.874728,940.0,164.0,14.855072463768115,0.0,0.0,0.0,0.0,85.1035566984695,73.5,86.5635292022792,92.0,93.0,93.14285714285715,96.0,92.0,90.0,96.0,smug
2026-01-01T12:06:37.392+00:00,831,replay,sample/replay,engine/SID807,decoded CSV,100%,2.15517247580745,0.0,0.902,CLIMBING,↑,1200.0,12.42742,2,accelerating,84.0,,22.0,19.0,26.0,18.0,26.0,18.0,84.0,8.0,84.0,normal,1065.0,80.0,100.0,-20.0,685.0,674.0,11.0,985.0,17.0,28.0,25.325384615384614,22.140384615384615,0.5986588358468917,0.061046212095556766,gaining,19.8,25.0,353.0,330.0,-23.0,2.0,3.0,1.0,0.0,0.0,0.0,86.0,84.0,-2.0,14.5,3.6,370.0,17.0,321.248807,621.992371,10294.874728,940.0,164.0,14.855072463768115,0.0,0.0,0.0,0.0,84.94772038362154,75.25,84.71679843304842,92.0,93.0,93.14285714285715,96.0,92.0,90.0,96.0,smug
2026-01-01T12:06:37.827+00:00,832,replay,sample/replay,engine/SID807,decoded CSV,100%,2.298850877106442,0.0,0.902,CLIMBING,↑,1231.0,12.42742,2,cruise,84.0,,22.0,19.0,26.0,18.0,26.0,18.0,84.0,8.0,84.0,normal,1076.0,92.0,144.0,-52.0,738.0,736.0,2.0,984.0,20.0,29.0,27.374871794871794,24.76820512820513,0.0,0.0,steady,22.0,25.0,373.0,360.0,-13.0,1.0,1.0,0.0,0.0,0.0,0.0,87.0,86.0,-1.0,14.3,3.6,370.0,20.0,321.248807,621.992371,10294.874728,940.0,164.0,14.855072463768115,0.0,0.0,0.0,0.0,84.95086215464121,77.1875,83.17580484330483,92.0,93.0,93.14285714285715,96.0,92.0,90.0,96.0,smug
2026-01-01T12:06:38.289+00:00,833,replay,sample/replay,engine/SID807,decoded CSV,100%,2.1645015479141216,0.0,0.902,CLIMBING,↑,1277.0,13.048791,2,accelerating,84.0,,22.0,19.0,26.0,18.0,26.0,18.0,84.0,8.0,84.0,normal,1099.0,115.0,155.0,-40.0,771.0,776.0,-5.0,984.0,22.0,29.0,27.52076923076923,26.269102564102564,0.6012502439636919,0.06131046218267114,gaining,21.400000000000002,25.0,380.0,386.0,6.0,0.0,0.0,0.0,0.0,0.0,0.0,88.0,87.0,-1.0,14.5,3.6,370.0,22.0,321.248807,621.992371,10294.874728,940.0,164.0,14.855072463768115,0.0,0.0,0.0,0.0,85.78776957861261,80.0625,83.27493945868946,92.0,93.0,93.14285714285715,96.0,92.0,90.0,96.0,smug
2026-01-01T12:06:38.783+00:00,834,replay,sample/replay,engine/SID807,decoded CSV,100%,2.024291669924411,0.0,0.902,CLIMBING,↑,1320.0,13.670162,2,accelerating,84.0,,22.0,19.0,26.0,18.0,26.0,18.0,84.0,8.0,84.0,normal,1126.0,142.0,140.0,2.0,780.0,778.0,2.0,984.0,23.0,29.0,27.15333333333333,26.87916666666667,0.5623030676825419,0.05733895547231133,gaining,20.8,25.0,372.0,391.0,19.0,1.0,0.0,-1.0,0.0,0.0,0.0,86.0,87.0,1.0,14.3,3.6,371.0,23.0,321.248807,621.992371,10294.874728,940.0,164.0,14.855072463768115,0.0,0.0,0.0,0.0,86.63950258397934,82.75,83.56657407407407,92.0,93.0,93.14285714285715,96.0,92.0,90.0,96.0,smug
2026-01-01T12:06:39.255+00:00,835,replay,sample/replay,engine/SID807,decoded CSV,100%,2.118644590043698,0.0,0.902,CLIMBING,↑,1373.0,13.670162,2,cruise,84.0,,22.0,19.0,26.0,18.0,26.0,18.0,84.0,8.0,84.0,normal,1144.0,160.0,191.0,-31.0,802.0,798.0,4.0,984.0,24.0,33.0,29.312051282051282,27.805384615384614,0.0,0.0,steady,21.1,25.0,392.0,396.0,4.0,2.0,2.0,0.0,0.0,0.0,0.0,87.0,87.0,0.0,14.5,3.6,371.0,24.0,321.248807,621.992371,10294.874728,940.0,164.0,14.855072463768115,0.0,0.0,0.0,0.0,86.96399945338898,86.0625,81.84679843304843,92.0,93.0,93.14285714285715,96.0,92.0,90.0,96.0,smug
2026-01-01T12:06:39.700+00:00,836,replay,sample/replay,engine/SID807,decoded CSV,100%,2.247190144369091,0.0,0.908,CLIMBING,↑,1451.0,14.291533,2,lugging,84.0,,21.0,19.0,26.0,18.0,26.0,18.0,84.0,8.0,84.0,normal,1187.0,203.0,649.0,-446.0,935.0,918.0,17.0,984.0,28.0,57.0,46.13051282051282,34.50717948717949,0.6242192914284423,0.0636526531923177,gaining,29.0,25.0,616.0,444.0,-172.0,0.0,0.0,0.0,0.0,0.0,0.0,100.0,92.0,-8.0,14.5,3.6,373.0,28.0,321.248807,621.992371,10294.874728,940.0,164.0,14.855072463768115,0.0,0.0,0.0,0.0,68.7613562716712,62.0,68.59677686767965,92.0,50.82666666666667,70.74505494505495,96.0,50.0,58.92923076923077,96.0,lugging
2026-01-01T12:06:40.190+00:00,837,replay,sample/replay,engine/SID807,decoded CSV,100%,2.040817279808175,0.0,0.908,CLIMBING,↑,1559.0,15.534275000000001,2,high-demand,84.0,,22.0,19.0,27.0,18.0,27.0,18.0,84.0,9.0,84.0,normal,1333.0,349.0,1095.0,-746.0,977.0,977.0,0.0,984.0,34.0,70.0,57.029999999999994,42.564166666666665,1.133787026904606,0.11561410133986694,pulling,32.5,26.0,699.0,541.0,-158.0,0.0,0.0,0.0,0.0,0.0,0.0,100.0,100.0,0.0,14.3,3.6,373.0,34.0,321.248807,621.992371,10294.874728,940.0,164.0,14.855072463768115,0.0,0.0,0.0,0.0,69.97117507509,74.35094615384615,61.25238940329218,92.0,52.82333333333333,82.4077793040293,96.0,81.38434615384617,60.83615384615385,96.0,fine
2026-01-01T12:06:40.684+00:00,838,replay,sample/replay,engine/SID807,decoded CSV,100%,2.024290692943537,0.0,0.913,CLIMBING,↑,1689.0,16.777017,2,high-demand,84.0,,22.0,19.0,27.0,18.0,27.0,18.0,84.0,9.0,84.0,normal,1526.0,543.0,1274.0,-731.0,1061.0,1056.0,5.0,983.0,41.0,70.0,60.7697435897436,51.02641025641026,1.1246055925980996,0.1146778555977933,pulling,36.2,26.0,776.0,616.0,-160.0,0.0,0.0,0.0,0.0,0.0,0.0,100.0,100.0,0.0,14.5,3.6,373.0,41.0,321.248807,621.992371,10294.874728,940.0,164.0,14.855072463768115,0.0,0.0,0.0,0.0,72.76973154994589,86.8027923076923,59.03188548591325,92.0,53.42666666666666,83.47204212454211,96.0,83.95351282051283,61.45230769230769,96.0,fine
2026-01-01T12:06:41.148+00:00,839,replay,sample/replay,engine/SID807,decoded CSV,100%,2.15517247580745,0.0,0.913,CLIMBING,↑,1903.0,18.64113,2,high-demand,84.0,,22.0,19.0,28.0,18.0,28.0,18.0,84.0,10.0,84.0,normal,1781.0,796.0,1429.0,-633.0,1154.0,1142.0,12.0,985.0,56.0,70.0,64.50846153846153,62.20429487179488,1.7959765075406748,0.18313863628667026,pulling,40.400000000000006,26.0,825.0,723.0,-102.0,0.0,0.0,0.0,0.0,0.0,0.0,100.0,100.0,0.0,14.5,3.6,375.0,56.0,321.248807,621.992371,10294.874728,940.0,164.0,14.855072463768115,0.0,0.0,0.0,0.0,74.82813797510987,94.0,56.69066219531497,92.0,58.75,84.52482142857141,96.0,83.8695,66.0,96.0,fine
2026-01-01T12:06:41.751+00:00,840,replay,sample/replay,engine/SID807,decoded CSV,100%,1.6583749972817114,0.0,0.913,CLIMBING,↑,2112.0,21.126614,2,high-demand,84.0,,22.0,18.0,29.0,18.0,29.0,18.0,84.0,11.0,84.0,normal,2273.0,1289.0,1569.0,-280.0,1235.0,1221.0,14.0,984.0,90.0,70.0,68.27974358974359,80.0797435897436,1.8426383158003201,0.18789681652759305,pulling,46.6,27.0,884.0,884.0,0.0,0.0,0.0,0.0,0.0,0.0,0.0,82.0,88.0,6.0,14.5,3.6,375.0,90.0,321.248807,621.992371,10294.874728,940.0,164.0,14.855072463768115,0.0,0.0,0.0,0.0,77.49115675865191,94.0,53.77487159702437,92.0,81.35666666666667,83.74857220160793,96.0,70.30388095238095,83.08818181818182,96.0,fine
2026-01-01T12:06:42.210+00:00,841,replay,sample/replay,engine/SID807,decoded CSV,100%,2.1786487123841543,0.0,0.913,CLIMBING,↑,2346.0,23.612098,2,high-demand,84.0,,22.0,18.0,29.0,18.0,29.0,18.0,84.0,11.0,84.0,normal,2462.0,1478.0,1614.0,-136.0,1341.0,1317.0,24.0,984.0,118.0,70.0,70.14666666666668,85.49333333333334,2.420720042625033,0.2468447474545368,pulling,49.400000000000006,28.0,916.0,876.0,-40.0,0.0,0.0,0.0,0.0,0.0,0.0,71.0,73.0,2.0,14.5,3.6,375.0,118.0,321.248807,621.992371,10294.874728,940.0,164.0,14.855072463768115,0.0,0.0,0.0,0.0,78.89194300890037,94.0,52.35690329218106,92.0,93.0,83.03227891156463,96.0,63.69038095238095,90.0,96.0,fine
2026-01-01T12:06:42.700+00:00,842,replay,sample/replay,engine/SID807,decoded CSV,100%,2.040816286810733,0.0,0.913,CLIMBING,↑,2566.0,25.476211,2,high-demand,84.0,,22.0,18.0,29.0,18.0,29.0,18.0,84.0,11.0,84.0,normal,2546.0,1562.0,1616.0,-54.0,1403.0,1390.0,13.0,984.0,136.0,70.0,70.82564102564103,88.09897435897436,1.7006797128592943,0.17342106762852702,pulling,49.900000000000006,28.0,949.0,900.0,-49.0,0.0,0.0,0.0,0.0,0.0,0.0,62.0,65.0,3.0,14.5,3.6,375.0,136.0,321.248807,621.992371,10294.874728,940.0,164.0,14.855072463768115,0.0,0.0,0.0,0.0,78.76581997173082,94.0,51.99535058562835,92.0,93.0,82.0175170068027,96.0,60.84904761904761,90.0,96.0,fine
2026-01-01T12:06:43.140+00:00,843,replay,sample/replay,engine/SID807,decoded CSV,100%,2.272728208668361,0.0,0.913,CLIMBING,↑,2787.0,27.961695,2,accelerating,84.0,,22.0,18.0,29.0,18.0,29.0,18.0,84.0,11.0,84.0,normal,2565.0,1581.0,1592.0,-11.0,1423.0,1416.0,7.0,984.0,156.0,46.0,62.29128205128205,88.13628205128205,2.5252527839342207,0.2575041205645374,pulling,49.1,28.0,964.0,886.0,-78.0,0.0,0.0,0.0,0.0,0.0,0.0,58.0,60.0,2.0,14.5,3.6,375.0,156.0,321.248807,621.992371,10294.874728,940.0,164.0,14.855072463768115,0.0,0.0,0.0,0.0,81.53507807151219,94.0,59.93389047166825,92.0,93.0,83.37625850340135,96.0,64.6535238095238,90.0,96.0,fine
2026-01-01T12:06:43.568+00:00,844,replay,sample/replay,engine/SID807,decoded CSV,100%,2.3364487439016646,0.0,0.919,CLIMBING,↑,2718.0,27.961695,N,clutch,84.0,,22.0,18.0,29.0,18.0,29.0,18.0,84.0,11.0,84.0,normal,2076.0,1092.0,41.0,1051.0,1144.0,1086.0,58.0,984.0,122.0,50.0,27.116666666666667,49.299166666666665,0.0,0.0,steady,0.0,22.0,489.0,591.0,102.0,0.0,0.0,0.0,0.0,0.0,0.0,85.0,87.0,2.0,14.5,3.6,373.0,122.0,321.248807,621.992371,10294.874728,940.0,164.0,14.855072463768115,0.0,0.0,0.0,0.0,68.33168604651162,48.0,78.0,92.0,52.0375,84.79173207744635,96.0,86.51428571428572,63.15384615384615,96.0,fine
2026-01-01T12:06:44.042+00:00,845,replay,sample/replay,engine/SID807,decoded CSV,100%,2.109704743222172,0.0,0.919,CLIMBING,↑,1811.0,29.825808000000002,N,accelerating,84.0,,22.0,18.0,29.0,18.0,29.0,18.0,84.0,11.0,84.0,normal,2305.0,1321.0,1571.0,-250.0,1242.0,1221.0,21.0,984.0,106.0,64.0,65.6374358974359,78.17660256410257,1.7580867421084676,0.17927495547495503,pulling,44.800000000000004,28.0,901.0,863.0,-38.0,0.0,0.0,0.0,0.0,0.0,0.0,78.0,75.0,-3.0,14.5,3.6,373.0,106.0,321.248807,621.992371,10294.874728,940.0,164.0,14.855072463768115,0.0,0.0,0.0,0.0,65.92705208264317,48.0,56.24843819246597,92.0,83.87666666666667,84.69041280148423,96.0,71.10709523809524,85.83909090909091,96.0,fine
2026-01-01T12:06:44.471+00:00,846,replay,sample/replay,engine/SID807,decoded CSV,100%,2.3310015744513177,0.0,0.919,CLIMBING,↑,1879.0,31.068550000000002,3,high-demand,84.0,,22.0,18.0,29.0,18.0,29.0,18.0,84.0,11.0,84.0,normal,2247.0,1263.0,1469.0,-206.0,1178.0,1175.0,3.0,984.0,88.0,65.0,67.52846153846153,77.21762820512821,1.2950004740529857,0.13205329792059325,pulling,50.800000000000004,27.0,844.0,807.0,-37.0,0.0,0.0,0.0,0.0,0.0,0.0,83.0,79.0,-4.0,14.3,3.6,371.0,88.0,321.248807,621.992371,10294.874728,940.0,164.0,14.855072463768115,0.0,0.0,0.0,0.0,78.4134448226551,94.0,54.007652936055706,92.0,86.52333333333334,85.50862940630799,96.0,71.53507142857144,88.63363636363637,96.0,fine
2026-01-01T12:06:44.915+00:00,847,replay,sample/replay,engine/SID807,decoded CSV,100%,2.2522522232263724,0.0,0.919,CLIMBING,↑,1963.0,32.311292,3,high-demand,84.0,,22.0,18.0,29.0,18.0,29.0,18.0,84.0,11.0,84.0,normal,2292.0,1307.0,1509.0,-202.0,1197.0,1201.0,-4.0,985.0,91.0,65.0,67.89641025641025,78.84224358974359,1.2512508480186602,0.12759207762270094,pulling,50.5,27.0,865.0,823.0,-42.0,0.0,0.0,0.0,0.0,0.0,0.0,83.0,82.0,-1.0,14.5,3.6,371.0,91.0,321.248807,621.992371,10294.874728,940.0,164.0,14.855072463768115,0.0,0.0,0.0,0.0,78.5127087612359,94.0,53.94998733776511,92.0,87.25666666666666,85.17336734693878,96.0,70.0387619047619,89.47,96.0,fine
2026-01-01T12:06:45.383+00:00,848,replay,sample/replay,engine/SID807,decoded CSV,100%,2.1367524328377825,0.0,0.919,CLIMBING,↑,2055.0,33.554034,3,high-demand,84.0,,22.0,18.0,30.0,18.0,30.0,18.0,84.0,12.0,84.0,normal,2415.0,1431.0,1555.0,-124.0,1246.0,1229.0,17.0,984.0,101.0,65.0,68.04461538461538,83.15378205128205,1.1870843176543675,0.12104891248839997,pulling,50.400000000000006,27.0,883.0,867.0,-16.0,0.0,0.0,0.0,0.0,0.0,0.0,79.0,82.0,3.0,14.5,3.6,370.0,101.0,321.248807,621.992371,10294.874728,940.0,164.0,14.855072463768115,0.0,0.0,0.0,0.0,79.43780739967755,94.0,53.92171454574232,92.0,93.0,83.9998469387755,96.0,66.39957142857142,90.0,96.0,fine
2026-01-01T12:06:45.866+00:00,849,replay,sample/replay,engine/SID807,decoded CSV,100%,2.070393203047216,0.0,0.919,CLIMBING,↑,2128.0,35.418147,3,high-demand,84.0,,22.0,18.0,30.0,18.0,30.0,18.0,84.0,12.0,84.0,normal,2475.0,1491.0,1572.0,-81.0,1275.0,1268.0,7.0,984.0,112.0,65.0,67.99307692307693,83.79141025641026,1.7253271354310369,0.1759344052689794,pulling,49.2,28.0,899.0,858.0,-41.0,0.0,0.0,0.0,0.0,0.0,0.0,76.0,77.0,1.0,14.3,3.6,370.0,112.0,321.248807,621.992371,10294.874728,940.0,164.0,14.855072463768115,0.0,0.0,0.0,0.0,79.51809151317387,94.0,54.1518623377651,92.0,93.0,83.39956632653062,96.0,64.71878571428572,90.0,96.0,fine
2026-01-01T12:06:46.352+00:00,850,replay,sample/replay,engine/SID807,decoded CSV,100%,2.0576129103153797,0.0,0.919,CLIMBING,↑,2105.0,36.039518,N,clutch,85.0,,22.0,18.0,31.0,18.0,31.0,18.0,85.0,13.0,85.0,normal,2500.0,1517.0,662.0,855.0,1312.0,1308.0,4.0,983.0,116.0,0.0,36.74512820512821,84.62679487179486,0.5715589649275943,0.0582827943209551,gaining,48.2,28.0,479.0,882.0,403.0,0.0,0.0,0.0,0.0,0.0,0.0,75.0,75.0,0.0,14.5,3.6,368.0,116.0,321.248807,621.992371,10294.874728,940.0,164.0,14.855072463768115,0.0,0.0,0.0,0.0,66.4406976744186,48.0,78.0,91.55,41.0,77.32312925170068,96.0,74.37142857142857,50.0,96.0,fine
2026-01-01T12:06:46.803+00:00,851,replay,sample/replay,engine/SID807,decoded CSV,100%,2.2172950221264083,0.0,0.919,CLIMBING,↑,1999.0,36.039518,N,cruise,85.0,,22.0,18.0,27.0,18.0,27.0,18.0,85.0,9.0,85.0,normal,1401.0,417.0,1265.0,-848.0,938.0,818.0,120.0,984.0,78.0,52.0,47.45846153846153,36.75512820512821,0.0,0.0,steady,23.5,23.0,752.0,416.0,-336.0,6.0,8.0,2.0,0.0,0.0,0.0,100.0,1.0,-99.0,14.3,3.6,368.0,78.0,321.248807,621.992371,10294.874728,940.0,164.0,14.855072463768115,0.0,0.0,0.0,0.0,62.052852315643015,48.0,70.6348433048433,92.0,29.25,81.79831932773111,96.0,92.0,42.35294117647059,96.0,fine
2026-01-01T12:06:47.260+00:00,852,replay,sample/replay,engine/SID807,decoded CSV,100%,2.1881837252458136,0.0,0.925,CLIMBING,↑,1549.0,36.660889,4,accelerating,85.0,,22.0,18.0,28.0,18.0,28.0,18.0,85.0,10.0,85.0,normal,1481.0,497.0,1128.0,-631.0,1033.0,1020.0,13.0,984.0,41.0,57.0,52.36974358974359,47.606410256410264,0.6078286245206312,0.06198127031357612,gaining,31.0,25.0,714.0,616.0,-98.0,0.0,0.0,0.0,0.0,0.0,0.0,100.0,100.0,0.0,14.3,3.6,366.0,41.0,321.248807,621.992371,10294.874728,940.0,164.0,14.855072463768115,0.0,0.0,0.0,0.0,74.40939803772167,81.4375,65.90271881924659,92.0,57.97333333333333,85.4853817373103,96.0,86.82470989010989,65.60153846153847,96.0,fine
2026-01-01T12:06:47.716+00:00,853,replay,sample/replay,engine/SID807,decoded CSV,100%,2.192983171616468,0.0,0.925,CLIMBING,↑,1600.0,37.28226,4,accelerating,85.0,,21.0,18.0,29.0,18.0,29.0,18.0,85.0,11.0,85.0,normal,1689.0,706.0,1193.0,-487.0,1061.0,1074.0,-13.0,983.0,48.0,57.0,57.06820512820513,57.122371794871796,0.6091618036555885,0.0621172167514481,gaining,40.2,26.0,752.0,673.0,-79.0,0.0,0.0,0.0,0.0,0.0,0.0,100.0,100.0,0.0,14.3,3.6,366.0,48.0,321.248807,621.992371,10294.874728,940.0,164.0,14.855072463768115,0.0,0.0,0.0,0.0,72.69262218799001,78.4834923076923,61.932056426084195,92.0,61.0,84.19158424908424,96.0,82.9364358974359,66.0,96.0,fine
2026-01-01T12:06:48.210+00:00,854,replay,sample/replay,engine/SID807,decoded CSV,100%,2.024290692943537,0.0,0.93,CLIMBING,↑,1628.0,37.903631,4,accelerating,85.0,,22.0,18.0,30.0,18.0,30.0,18.0,85.0,12.0,85.0,normal,1884.0,900.0,1224.0,-324.0,1088.0,1092.0,-4.0,984.0,57.0,57.0,59.22897435897436,64.83480769230769,0.5623027962990464,0.05733892779889631,gaining,44.7,26.0,765.0,739.0,-26.0,0.0,0.0,0.0,0.0,0.0,0.0,97.0,100.0,3.0,14.3,3.6,366.0,57.0,321.248807,621.992371,10294.874728,940.0,164.0,14.855072463768115,0.0,0.0,0.0,0.0,74.88124021124584,80.92147692307692,60.077040400443174,92.0,74.24,86.22004703629703,96.0,82.60885897435897,75.0109090909091,96.0,smug
2026-01-01T12:06:48.683+00:00,855,replay,sample/replay,engine/SID807,decoded CSV,100%,2.114165748863983,0.0,0.93,CLIMBING,↑,1653.0,39.146373,4,accelerating,85.0,,22.0,18.0,31.0,18.0,31.0,18.0,85.0,13.0,85.0,normal,2049.0,1064.0,1271.0,-207.0,1100.0,1105.0,-5.0,985.0,66.0,57.0,59.93948717948717,69.3478205128205,1.1745361637732443,0.11976935689284765,pulling,45.1,26.0,782.0,778.0,-4.0,0.0,0.0,0.0,0.0,0.0,0.0,89.0,93.0,4.0,14.3,3.6,365.0,66.0,321.248807,621.992371,10294.874728,940.0,164.0,14.855072463768115,0.0,0.0,0.0,0.0,76.99789516552927,83.31762307692308,59.72853434631212,91.55,84.46,87.38976238047665,96.0,78.42284981684983,86.20272727272727,96.0,smug
2026-01-01T12:06:49.167+00:00,856,replay,sample/replay,engine/SID807,decoded CSV,100%,2.066115840895981,0.0,0.93,CLIMBING,↑,1700.0,39.767744,4,accelerating,85.0,,22.0,18.0,31.0,18.0,31.0,18.0,85.0,13.0,85.0,normal,2113.0,1129.0,1334.0,-205.0,1115.0,1120.0,-5.0,984.0,72.0,57.0,60.7848717948718,70.31570512820512,0.5739208893581496,0.05852364358452169,gaining,45.400000000000006,26.0,805.0,765.0,-40.0,0.0,0.0,0.0,0.0,0.0,0.0,88.0,89.0,1.0,14.3,3.6,365.0,72.0,321.248807,621.992371,10294.874728,940.0,164.0,14.855072463768115,0.0,0.0,0.0,0.0,78.27957177554717,87.91064615384616,59.3564777223805,91.55,85.25666666666666,87.39641424052138,96.0,77.82389926739927,87.1290909090909,96.0,smug
2026-01-01T12:06:49.617+00:00,857,replay,sample/replay,engine/SID807,decoded CSV,100%,2.2222219867471074,0.0,0.93,CLIMBING,↑,1744.0,41.010486,4,accelerating,85.0,,22.0,18.0,31.0,18.0,31.0,18.0,85.0,13.0,85.0,normal,2155.0,1171.0,1379.0,-208.0,1144.0,1136.0,8.0,984.0,76.0,57.0,61.418461538461536,72.6701282051282,1.2345673884694208,0.12589083820360886,pulling,45.6,26.0,815.0,798.0,-17.0,0.0,0.0,0.0,0.0,0.0,0.0,89.0,89.0,0.0,14.3,3.6,365.0,76.0,321.248807,621.992371,10294.874728,940.0,164.0,14.855072463768115,0.0,0.0,0.0,0.0,79.42484380397093,92.23890769230769,59.083648306426085,91.55,85.45666666666666,87.48684339470054,96.0,77.90437362637363,87.38818181818182,96.0,smug
2026-01-01T12:06:50.121+00:00,858,replay,sample/replay,engine/SID807,decoded CSV,100%,1.984126248267445,0.0,0.93,CLIMBING,↑,1794.0,41.631857000000004,4,accelerating,85.0,,22.0,18.0,31.0,18.0,31.0,18.0,85.0,13.0,85.0,normal,2197.0,1213.0,1419.0,-206.0,1170.0,1154.0,16.0,984.0,80.0,57.0,62.16538461538461,73.78705128205128,0.5511460095628927,0.056201252166937006,gaining,45.800000000000004,27.0,824.0,798.0,-26.0,0.0,0.0,0.0,0.0,0.0,0.0,89.0,89.0,0.0,14.3,3.6,365.0,80.0,321.248807,621.992371,10294.874728,940.0,164.0,14.855072463768115,0.0,0.0,0.0,0.0,79.87192971631441,94.0,58.69197629787907,91.55,86.02333333333334,87.123140847248,96.0,76.44964285714286,88.04272727272728,96.0,smug
2026-01-01T12:06:50.588+00:00,859,replay,sample/replay,engine/SID807,decoded CSV,100%,2.141328681360814,0.0,0.93,CLIMBING,↑,1826.0,42.874599,4,accelerating,85.0,,22.0,18.0,31.0,18.0,31.0,18.0,85.0,13.0,85.0,normal,2256.0,1272.0,1438.0,-166.0,1178.0,1167.0,11.0,984.0,84.0,57.0,62.365128205128194,75.11596153846153,1.1896266771583954,0.12130816100894755,pulling,45.6,27.0,833.0,805.0,-28.0,0.0,0.0,0.0,0.0,0.0,0.0,88.0,89.0,1.0,14.3,3.6,365.0,84.0,321.248807,621.992371,10294.874728,940.0,164.0,14.855072463768115,0.0,0.0,0.0,0.0,80.99988377614346,94.0,58.6696668249446,91.55,93.0,86.94074829931972,96.0,74.63409523809524,90.0,96.0,smug
2026-01-01T12:06:51.035+00:00,860,replay,sample/replay,engine/SID807,decoded CSV,100%,2.2371363316823603,0.0,0.93,CLIMBING,↑,1863.0,44.117341,4,accelerating,85.0,,22.0,18.0,32.0,18.0,32.0,18.0,85.0,14.0,85.0,normal,2306.0,1322.0,1458.0,-136.0,1184.0,1180.0,4.0,984.0,89.0,57.0,62.57487179487179,77.16070512820514,1.2428531330922612,0.12673574901645937,pulling,45.400000000000006,27.0,846.0,835.0,-11.0,0.0,0.0,0.0,0.0,0.0,0.0,88.0,88.0,0.0,14.5,3.6,365.0,89.0,321.248807,621.992371,10294.874728,940.0,164.0,14.855072463768115,0.0,0.0,0.0,0.0,80.8966798902361,94.0,58.643815685343455,91.1,93.0,86.3818537414966,96.0,73.06919047619047,90.0,96.0,smug
2026-01-01T12:06:51.696+00:00,861,replay,sample/replay,engine/SID807,decoded CSV,100%,1.5128592735267012,0.0,0.93,CLIMBING,↑,1879.0,44.738712,N,clutch,86.0,,22.0,18.0,32.0,18.0,32.0,18.0,86.0,14.0,86.0,normal,2365.0,1381.0,46.0,1335.0,1211.0,1198.0,13.0,984.0,104.0,0.0,26.932564102564104,76.0475641025641,0.4202385570789838,0.04285240699718903,gaining,41.0,27.0,235.0,818.0,583.0,0.0,0.0,0.0,0.0,0.0,0.0,0.0,84.0,84.0,14.5,3.6,365.0,104.0,321.248807,621.992371,10294.874728,940.0,164.0,14.855072463768115,0.0,0.0,0.0,0.0,66.34651162790698,48.0,78.0,91.1,41.0,78.71088435374149,96.0,78.25714285714285,50.0,96.0,fine
2026-01-01T12:06:52.193+00:00,862,replay,sample/replay,engine/SID807,decoded CSV,100%,2.012072519547206,0.0,0.93,CLIMBING,↑,1356.0,44.738712,N,cruise,86.0,,22.0,18.0,28.0,18.0,28.0,18.0,86.0,10.0,86.0,normal,1295.0,311.0,565.0,-254.0,929.0,619.0,310.0,984.0,57.0,40.0,27.754871794871793,25.120705128205124,0.0,0.0,steady,6.4,19.0,525.0,387.0,-138.0,15.0,1.0,-14.0,0.0,0.0,0.0,0.0,0.0,0.0,14.200000000000001,3.6,366.0,57.0,321.248807,621.992371,10294.874728,940.0,164.0,14.855072463768115,0.0,0.0,0.0,0.0,66.00581395348837,48.0,78.0,92.0,37.75,83.14553303839017,96.0,92.0,48.011238761238765,96.0,fine
2026-01-01T12:06:52.658+00:00,863,replay,sample/replay,engine/SID807,decoded CSV,100%,2.150536928718508,0.0,0.93,CLIMBING,↑,1258.0,44.738712,6,lugging,86.0,,22.0,18.0,28.0,18.0,28.0,18.0,86.0,10.0,86.0,normal,1244.0,260.0,670.0,-410.0,909.0,854.0,55.0,984.0,27.0,43.0,41.09461538461538,33.33378205128205,0.0,0.0,steady,29.6,24.0,586.0,403.0,-183.0,0.0,0.0,0.0,0.0,0.0,0.0,100.0,99.0,-1.0,14.5,3.6,366.0,27.0,321.248807,621.992371,10294.874728,940.0,164.0,14.855072463768115,0.0,0.0,0.0,0.0,69.68281579208906,62.0,73.24884971509972,92.0,46.51833333333333,70.47216117216118,96.0,50.0,57.78307692307692,96.0,lugging
2026-01-01T12:06:53.133+00:00,864,replay,sample/replay,engine/SID807,decoded CSV,100%,2.105263580575959,0.0,0.93,CLIMBING,↑,1250.0,44.738712,6,lugging,86.0,,22.0,18.0,29.0,18.0,29.0,18.0,86.0,11.0,86.0,normal,1279.0,295.0,675.0,-380.0,848.0,850.0,-2.0,984.0,27.0,45.0,41.8525641025641,34.60589743589743,0.0,0.0,steady,29.3,25.0,591.0,436.0,-155.0,0.0,0.0,0.0,0.0,0.0,0.0,100.0,100.0,0.0,14.3,3.6,366.0,27.0,321.248807,621.992371,10294.874728,940.0,164.0,14.855072463768115,0.0,0.0,0.0,0.0,70.82929760484993,62.0,72.54154202279202,92.0,55.07666666666666,70.99688644688645,96.0,50.0,59.98692307692308,96.0,lugging
2026-01-01T12:06:53.586+00:00,865,replay,sample/replay,engine/SID807,decoded CSV,100%,2.207505184155956,0.0,0.93,CLIMBING,↑,1251.0,44.738712,6,lugging,86.0,,22.0,18.0,30.0,18.0,30.0,18.0,86.0,12.0,86.0,normal,1307.0,323.0,673.0,-350.0,857.0,850.0,7.0,984.0,27.0,45.0,42.255641025641026,35.85897435897436,0.0,0.0,steady,30.400000000000002,25.0,591.0,444.0,-147.0,0.0,0.0,0.0,0.0,0.0,0.0,100.0,100.0,0.0,14.5,3.6,366.0,27.0,321.248807,621.992371,10294.874728,940.0,164.0,14.855072463768115,0.0,0.0,0.0,0.0,71.1904275988869,62.0,72.1083368945869,92.0,58.22333333333333,71.22998667998668,96.0,50.0,60.96594405594405,96.0,lugging
2026-01-01T12:06:54.049+00:00,866,replay,sample/replay,engine/SID807,decoded CSV,100%,2.1598269380003634,0.0,0.936,CLIMBING,↑,1258.0,45.360083,6,lugging,86.0,,22.0,18.0,30.0,18.0,30.0,18.0,86.0,12.0,86.0,normal,1326.0,343.0,679.0,-336.0,841.0,852.0,-11.0,983.0,28.0,45.0,42.6751282051282,36.9051282051282,0.5999517416115991,0.061178051792569244,gaining,31.3,25.0,594.0,456.0,-138.0,0.0,0.0,0.0,0.0,0.0,0.0,100.0,100.0,0.0,14.3,3.6,366.0,28.0,321.248807,621.992371,10294.874728,940.0,164.0,14.855072463768115,0.0,0.0,0.0,0.0,71.38171859471278,62.0,71.72025997150998,92.0,60.230000000000004,71.70499500499501,96.0,50.0,62.960979020979025,96.0,lugging
2026-01-01T12:06:54.519+00:00,867,replay,sample/replay,engine/SID807,decoded CSV,100%,2.127659444951436,0.0,0.936,CLIMBING,↑,1259.0,45.360083,6,lugging,87.0,,22.0,18.0,30.0,18.0,30.0,18.0,87.0,12.0,87.0,normal,1346.0,363.0,681.0,-318.0,873.0,855.0,18.0,983.0,28.0,46.0,43.526666666666664,38.479166666666664,0.0,0.0,steady,32.5,25.0,595.0,471.0,-124.0,0.0,0.0,0.0,0.0,0.0,0.0,100.0,100.0,0.0,14.5,3.6,366.0,28.0,321.248807,621.992371,10294.874728,940.0,164.0,14.855072463768115,0.0,0.0,0.0,0.0,71.52930878552972,62.0,70.8849074074074,92.0,62.92666666666667,72.35339660339662,96.0,50.0,65.68426573426574,96.0,lugging
2026-01-01T12:06:54.966+00:00,868,replay,sample/replay,engine/SID807,decoded CSV,100%,2.2371375249152865,0.0,0.936,CLIMBING,↑,1260.0,45.360083,6,lugging,87.0,,22.0,18.0,30.0,18.0,30.0,18.0,87.0,12.0,87.0,normal,1358.0,374.0,682.0,-308.0,860.0,856.0,4.0,984.0,28.0,46.0,43.8125641025641,38.77339743589744,0.0,0.0,steady,33.2,25.0,598.0,469.0,-129.0,0.0,0.0,0.0,0.0,0.0,0.0,100.0,100.0,0.0,14.5,3.6,366.0,28.0,321.248807,621.992371,10294.874728,940.0,164.0,14.855072463768115,0.0,0.0,0.0,0.0,71.50363869012125,62.0,70.59820868945869,92.0,63.38333333333333,72.42857142857143,96.0,50.0,66.0,96.0,lugging
2026-01-01T12:06:55.449+00:00,869,replay,sample/replay,engine/SID807,decoded CSV,100%,2.070393203047216,0.0,0.936,CLIMBING,↑,1265.0,45.360083,6,lugging,87.0,,22.0,18.0,30.0,18.0,30.0,18.0,87.0,12.0,87.0,normal,1376.0,392.0,684.0,-292.0,870.0,859.0,11.0,984.0,29.0,46.0,43.92948717948718,39.308653846153845,0.0,0.0,steady,33.4,25.0,599.0,471.0,-128.0,0.0,0.0,0.0,0.0,0.0,0.0,100.0,100.0,0.0,14.3,3.6,366.0,29.0,321.248807,621.992371,10294.874728,940.0,164.0,14.855072463768115,0.0,0.0,0.0,0.0,71.70595830848737,62.0,70.50308048433047,92.0,64.83,72.42857142857143,96.0,50.0,66.0,96.0,lugging
2026-01-01T12:06:55.940+00:00,870,replay,sample/replay,engine/SID807,decoded CSV,100%,2.0366601388849097,0.0,0.936,CLIMBING,↑,1271.0,45.360083,6,lugging,87.0,,22.0,18.0,30.0,18.0,30.0,18.0,87.0,12.0,87.0,normal,1385.0,402.0,684.0,-282.0,860.0,860.0,0.0,983.0,29.0,46.0,43.97461538461538,38.86711538461538,0.0,0.0,steady,33.5,25.0,599.0,455.0,-144.0,0.0,0.0,0.0,0.0,0.0,0.0,100.0,100.0,0.0,14.5,3.6,366.0,29.0,321.248807,621.992371,10294.874728,940.0,164.0,14.855072463768115,0.0,0.0,0.0,0.0,71.60971501689525,62.0,70.46051638176638,92.0,64.33,72.42857142857143,96.0,50.0,66.0,96.0,lugging
2026-01-01T12:06:56.405+00:00,871,replay,sample/replay,engine/SID807,decoded CSV,100%,2.150536928718508,0.0,0.936,CLIMBING,↑,1280.0,45.981454,6,lugging,87.0,,22.0,18.0,29.0,18.0,29.0,18.0,87.0,11.0,87.0,normal,1390.0,408.0,687.0,-279.0,852.0,862.0,-10.0,982.0,29.0,46.0,44.287179487179486,39.92551282051282,0.5973711842761062,0.06091490817721712,gaining,34.2,25.0,600.0,474.0,-126.0,0.0,0.0,0.0,0.0,0.0,0.0,100.0,100.0,0.0,14.5,3.6,366.0,29.0,321.248807,621.992371,10294.874728,940.0,164.0,14.855072463768115,0.0,0.0,0.0,0.0,71.79761081295965,62.0,70.16381766381765,92.0,66.12,72.42857142857143,96.0,50.0,66.0,96.0,lugging
2026-01-01T12:06:56.847+00:00,872,replay,sample/replay,engine/SID807,decoded CSV,100%,2.2624438880144475,0.0,0.9410000000000001,CLIMBING,↑,1283.0,45.981454,6,lugging,87.0,,22.0,18.0,29.0,18.0,29.0,18.0,87.0,11.0,87.0,normal,1402.0,419.0,689.0,-270.0,870.0,866.0,4.0,983.0,31.0,47.0,44.49153846153846,39.971538461538465,0.0,0.0,steady,33.7,25.0,603.0,472.0,-131.0,0.0,0.0,0.0,0.0,0.0,0.0,100.0,100.0,0.0,14.5,3.6,366.0,31.0,321.248807,621.992371,10294.874728,940.0,164.0,14.855072463768115,0.0,0.0,0.0,0.0,71.8053292089048,62.0,70.00705484330484,92.0,66.50333333333333,72.42857142857143,96.0,50.0,66.0,96.0,lugging
2026-01-01T12:06:57.307+00:00,873,replay,sample/replay,engine/SID807,decoded CSV,100%,2.173912863199577,0.0,0.9410000000000001,CLIMBING,↑,1281.0,45.981454,6,lugging,87.0,,22.0,18.0,29.0,18.0,29.0,18.0,87.0,11.0,87.0,normal,1411.0,428.0,692.0,-264.0,882.0,868.0,14.0,983.0,31.0,47.0,44.957948717948724,40.76794871794872,0.0,0.0,steady,34.800000000000004,25.0,605.0,476.0,-129.0,0.0,0.0,0.0,0.0,0.0,0.0,100.0,100.0,0.0,14.3,3.6,366.0,31.0,321.248807,621.992371,10294.874728,940.0,164.0,14.855072463768115,0.0,0.0,0.0,0.0,71.77131192164137,62.0,69.57509417537194,92.0,67.22,72.42857142857143,96.0,50.0,66.0,96.0,lugging
2026-01-01T12:06:57.758+00:00,874,replay,sample/replay,engine/SID807,decoded CSV,100%,2.2172950221264083,0.0,0.9410000000000001,CLIMBING,↑,1291.0,45.981454,6,lugging,87.0,,22.0,18.0,29.0,18.0,29.0,18.0,87.0,11.0,87.0,normal,1425.0,442.0,693.0,-251.0,885.0,870.0,15.0,983.0,32.0,47.0,44.94282051282052,41.016153846153856,0.0,0.0,steady,34.7,25.0,605.0,476.0,-129.0,0.0,0.0,0.0,0.0,0.0,0.0,100.0,100.0,0.0,14.5,3.6,368.0,32.0,321.248807,621.992371,10294.874728,940.0,164.0,14.855072463768115,0.0,0.0,0.0,0.0,71.95961307946288,62.0,69.60466860557138,92.0,68.31333333333333,72.42857142857143,96.0,50.0,66.0,96.0,lugging
2026-01-01T12:06:58.195+00:00,875,replay,sample/replay,engine/SID807,decoded CSV,100%,2.2883293296837652,0.0,0.9410000000000001,CLIMBING,↑,1294.0,46.602825,6,lugging,88.0,,22.0,18.0,29.0,18.0,29.0,18.0,88.0,11.0,88.0,normal,1432.0,448.0,696.0,-248.0,863.0,872.0,-9.0,984.0,32.0,47.0,45.06307692307692,41.80641025641026,0.6356468393693343,0.0648179387833087,gaining,34.9,25.0,607.0,496.0,-111.0,0.0,0.0,0.0,0.0,0.0,0.0,100.0,100.0,0.0,14.5,3.6,368.0,32.0,321.248807,621.992371,10294.874728,940.0,164.0,14.855072463768115,0.0,0.0,0.0,0.0,70.7232267852016,56.6333956043956,69.51364474517253,92.0,70.11333333333334,72.42857142857143,96.0,50.0,66.0,96.0,lugging
2026-01-01T12:06:58.676+00:00,876,replay,sample/replay,engine/SID807,decoded CSV,100%,2.0790023098351393,0.0,0.9410000000000001,CLIMBING,↑,1295.0,46.602825,6,lugging,88.0,,22.0,18.0,29.0,18.0,29.0,18.0,88.0,11.0,88.0,normal,1441.0,457.0,697.0,-240.0,889.0,875.0,14.0,984.0,32.0,47.0,45.246923076923075,42.21192307692308,0.0,0.0,steady,35.300000000000004,25.0,608.0,494.0,-114.0,0.0,0.0,0.0,0.0,0.0,0.0,100.0,100.0,0.0,14.3,3.6,368.0,32.0,321.248807,621.992371,10294.874728,940.0,164.0,14.855072463768115,0.0,0.0,0.0,0.0,70.75752075899264,56.704032967032965,69.35166646881923,92.0,70.55,72.42857142857143,96.0,50.0,66.0,96.0,lugging
2026-01-01T12:06:59.138+00:00,877,replay,sample/replay,engine/SID807,decoded CSV,100%,2.1645015479141216,0.0,0.9460000000000001,CLIMBING,↑,1299.0,46.602825,6,lugging,88.0,,22.0,18.0,29.0,18.0,29.0,18.0,88.0,11.0,88.0,normal,1451.0,468.0,699.0,-231.0,892.0,876.0,16.0,983.0,33.0,47.0,45.273589743589746,42.31608974358975,0.0,0.0,steady,35.300000000000004,25.0,608.0,491.0,-117.0,0.0,0.0,0.0,0.0,0.0,0.0,100.0,100.0,0.0,14.5,3.6,368.0,33.0,321.248807,621.992371,10294.874728,940.0,164.0,14.855072463768115,0.0,0.0,0.0,0.0,70.9473956205652,57.09289010989011,69.34222202437479,92.0,71.07,72.42857142857143,96.0,50.0,66.0,96.0,lugging
2026-01-01T12:06:59.589+00:00,878,replay,sample/replay,engine/SID807,decoded CSV,100%,2.2172950221264083,0.0,0.9460000000000001,CLIMBING,↑,1300.0,46.602825,6,lugging,88.0,,22.0,18.0,29.0,18.0,29.0,18.0,88.0,11.0,88.0,normal,1458.0,475.0,702.0,-227.0,864.0,877.0,-13.0,983.0,33.0,47.0,45.92564102564103,43.53980769230769,0.0,0.0,steady,36.9,25.0,610.0,509.0,-101.0,0.0,0.0,0.0,0.0,0.0,0.0,100.0,100.0,0.0,14.5,3.6,368.0,33.0,321.248807,621.992371,10294.874728,940.0,164.0,14.855072463768115,0.0,0.0,0.0,0.0,71.01124579590665,57.0932967032967,68.72382280785058,92.0,72.78666666666668,72.42857142857143,96.0,50.0,66.0,96.0,lugging
2026-01-01T12:07:00.069+00:00,879,replay,sample/replay,engine/SID807,decoded CSV,100%,2.083333250549108,0.0,0.9460000000000001,CLIMBING,↑,1313.0,47.224196,6,lugging,88.0,,22.0,18.0,29.0,17.0,29.0,17.0,88.0,12.0,88.0,normal,1470.0,487.0,707.0,-220.0,871.0,882.0,-11.0,983.0,34.0,47.0,45.77820512820513,43.59903846153847,0.5787035016710521,0.059011334316107146,gaining,36.300000000000004,25.0,613.0,509.0,-104.0,0.0,0.0,0.0,0.0,0.0,0.0,100.0,100.0,0.0,14.3,3.6,370.0,34.0,321.248807,621.992371,10294.874728,940.0,164.0,14.855072463768115,0.0,0.0,0.0,0.0,71.50991758438948,58.3921978021978,68.9213388334916,92.0,73.2,72.42857142857143,96.0,50.0,66.0,96.0,lugging
2026-01-01T12:07:00.525+00:00,880,replay,sample/replay,engine/SID807,decoded CSV,100%,2.192983171616468,0.0,0.9520000000000001,CLIMBING,↑,1316.0,47.224196,6,lugging,88.0,,22.0,18.0,29.0,17.0,29.0,17.0,88.0,12.0,88.0,normal,1478.0,494.0,713.0,-219.0,874.0,885.0,-11.0,984.0,34.0,47.0,45.93512820512821,44.047628205128206,0.0,0.0,steady,36.5,25.0,617.0,515.0,-102.0,0.0,0.0,0.0,0.0,0.0,0.0,99.0,100.0,1.0,14.5,3.6,370.0,34.0,321.248807,621.992371,10294.874728,940.0,164.0,14.855072463768115,0.0,0.0,0.0,0.0,71.60626882100816,58.663302197802196,68.81732886198164,92.0,73.55,72.42857142857143,96.0,50.0,66.0,96.0,lugging
2026-01-01T12:07:00.995+00:00,881,replay,sample/replay,engine/SID807,decoded CSV,100%,2.127659444951436,0.0,0.9520000000000001,CLIMBING,↑,1323.0,47.224196,6,lugging,88.0,,22.0,18.0,28.0,18.0,28.0,18.0,88.0,10.0,88.0,normal,1492.0,508.0,714.0,-206.0,880.0,889.0,-9.0,984.0,34.0,47.0,46.43333333333334,45.55583333333333,0.0,0.0,steady,37.7,25.0,619.0,535.0,-84.0,0.0,0.0,0.0,0.0,0.0,0.0,100.0,100.0,0.0,14.5,3.6,370.0,34.0,321.248807,621.992371,10294.874728,940.0,164.0,14.855072463768115,0.0,0.0,0.0,0.0,72.03977754193839,59.27607142857143,68.3502829218107,92.0,76.16333333333333,72.42857142857143,96.0,50.0,66.0,96.0,lugging
2026-01-01T12:07:01.796+00:00,882,replay,sample/replay,engine/SID807,decoded CSV,100%,1.2484392663733415,0.0,0.9580000000000001,CLIMBING,↑,1334.0,47.845567,6,lugging,89.0,,22.0,18.0,28.0,17.0,28.0,17.0,89.0,11.0,89.0,normal,1519.0,536.0,724.0,-188.0,888.0,895.0,-7.0,983.0,35.0,48.0,47.30794871794872,46.57211538461539,0.3467885778156117,0.035362593527413715,gaining,38.7,25.0,624.0,537.0,-87.0,0.0,0.0,0.0,0.0,0.0,0.0,100.0,100.0,0.0,14.3,3.6,371.0,35.0,321.248807,621.992371,10294.874728,940.0,164.0,14.855072463768115,0.0,0.0,0.0,0.0,72.27139885053936,60.225236263736264,67.60159880500157,92.0,77.56333333333333,72.42857142857143,96.0,50.0,66.0,96.0,lugging
2026-01-01T12:07:02.288+00:00,883,replay,sample/replay,engine/SID807,decoded CSV,100%,2.0325208846494736,0.0,0.963,CLIMBING,↑,1344.0,47.845567,6,lugging,89.0,,22.0,18.0,28.0,17.0,28.0,17.0,89.0,11.0,89.0,normal,1538.0,554.0,729.0,-175.0,912.0,898.0,14.0,984.0,37.0,48.0,47.07025641025641,47.357756410256414,0.0,0.0,steady,37.9,25.0,627.0,553.0,-74.0,0.0,0.0,0.0,0.0,0.0,0.0,100.0,100.0,0.0,14.5,3.6,371.0,37.0,321.248807,621.992371,10294.874728,940.0,164.0,14.855072463768115,0.0,0.0,0.0,0.0,73.32687831713218,61.24303296703297,67.87951369104147,92.0,81.70666666666666,72.42857142857143,96.0,50.0,66.0,96.0,lugging
2026-01-01T12:07:02.727+00:00,884,replay,sample/replay,engine/SID807,decoded CSV,100%,2.27790365502634,0.0,0.969,CLIMBING,↑,1343.0,47.845567,6,lugging,89.0,,22.0,18.0,28.0,18.0,28.0,18.0,89.0,10.0,89.0,normal,1553.0,570.0,735.0,-165.0,917.0,902.0,15.0,983.0,36.0,49.0,47.776153846153846,48.073653846153846,0.0,0.0,steady,38.6,25.0,627.0,557.0,-70.0,0.0,0.0,0.0,0.0,0.0,0.0,100.0,100.0,0.0,14.3,3.6,371.0,36.0,321.248807,621.992371,10294.874728,940.0,164.0,14.855072463768115,0.0,0.0,0.0,0.0,73.20036535109307,61.038934065934065,67.2632334203862,92.0,82.6,72.42857142857143,96.0,50.0,66.0,96.0,lugging
2026-01-01T12:07:03.188+00:00,885,replay,sample/replay,engine/SID807,decoded CSV,100%,2.16919755851082,0.0,0.969,CLIMBING,↑,1342.0,48.466938,6,lugging,89.0,,22.0,18.0,28.0,18.0,28.0,18.0,89.0,10.0,89.0,normal,1565.0,582.0,740.0,-158.0,908.0,908.0,0.0,983.0,38.0,49.0,47.90461538461538,47.98628205128205,0.6025546909480953,0.061443478756567776,gaining,38.7,25.0,632.0,550.0,-82.0,0.0,0.0,0.0,0.0,0.0,0.0,100.0,100.0,0.0,14.5,3.6,373.0,38.0,321.248807,621.992371,10294.874728,940.0,164.0,14.855072463768115,0.0,0.0,0.0,0.0,72.8372141421599,60.92145054945055,67.19352010129788,92.0,80.72,72.42857142857143,96.0,50.0,66.0,96.0,lugging
2026-01-01T12:07:03.663+00:00,886,replay,sample/replay,engine/SID807,decoded CSV,100%,2.105263580575959,0.0,0.974,CLIMBING,↑,1350.0,48.466938,6,lugging,89.0,,22.0,18.0,28.0,17.0,28.0,17.0,89.0,11.0,89.0,normal,1582.0,599.0,747.0,-148.0,904.0,910.0,-6.0,983.0,38.0,49.0,48.02641025641026,49.470576923076926,0.0,0.0,steady,38.800000000000004,25.0,636.0,581.0,-55.0,0.0,0.0,0.0,0.0,0.0,0.0,100.0,100.0,0.0,14.5,3.6,373.0,38.0,321.248807,621.992371,10294.874728,940.0,164.0,14.855072463768115,0.0,0.0,0.0,0.0,73.58409144928427,61.688895604395604,67.12616789332067,92.0,84.13666666666667,72.42857142857143,96.0,50.0,66.0,96.0,lugging
2026-01-01T12:07:04.112+00:00,887,replay,sample/replay,engine/SID807,decoded CSV,100%,2.227170896161568,0.0,0.979,CLIMBING,↑,1363.0,48.466938,6,lugging,89.0,,22.0,18.0,28.0,17.0,28.0,17.0,89.0,11.0,89.0,normal,1581.0,598.0,753.0,-155.0,912.0,918.0,-6.0,983.0,39.0,49.0,48.024358974358975,48.57269230769231,0.0,0.0,steady,38.5,25.0,638.0,558.0,-80.0,0.0,0.0,0.0,0.0,0.0,0.0,100.0,100.0,0.0,14.5,3.6,375.0,39.0,321.248807,621.992371,10294.874728,940.0,164.0,14.855072463768115,0.0,0.0,0.0,0.0,73.23906572307251,62.0,67.19954396169673,92.0,81.32666666666667,72.42857142857143,96.0,50.0,66.0,96.0,lugging
2026-01-01T12:07:04.598+00:00,888,replay,sample/replay,engine/SID807,decoded CSV,100%,2.0576129103153797,0.0,0.979,CLIMBING,↑,1371.0,49.088309,6,lugging,89.0,,22.0,18.0,28.0,17.0,28.0,17.0,89.0,11.0,89.0,normal,1610.0,626.0,757.0,-131.0,910.0,924.0,-14.0,984.0,40.0,49.0,48.56589743589744,50.78923076923078,0.5715589649275943,0.0582827943209551,gaining,39.7,25.0,640.0,592.0,-48.0,0.0,0.0,0.0,0.0,0.0,0.0,100.0,100.0,0.0,14.3,3.6,375.0,40.0,321.248807,621.992371,10294.874728,940.0,164.0,14.855072463768115,0.0,0.0,0.0,0.0,73.77513012378807,62.0,66.71715079930357,92.0,85.65333333333334,72.42857142857143,96.0,50.0,66.0,96.0,lugging
2026-01-01T12:07:05.048+00:00,889,replay,sample/replay,engine/SID807,decoded CSV,100%,2.222223164123181,0.0,0.985,CLIMBING,↑,1372.0,49.088309,6,lugging,89.0,,22.0,18.0,28.0,17.0,28.0,17.0,89.0,11.0,89.0,normal,1625.0,642.0,765.0,-123.0,922.0,932.0,-10.0,983.0,41.0,49.0,48.66076923076923,50.61326923076923,0.0,0.0,steady,39.6,25.0,643.0,579.0,-64.0,0.0,0.0,0.0,0.0,0.0,0.0,100.0,100.0,0.0,14.5,3.6,375.0,41.0,321.248807,621.992371,10294.874728,940.0,164.0,14.855072463768115,0.0,0.0,0.0,0.0,73.89340705680338,62.0,66.70776689616967,92.0,86.4,72.42857142857143,96.0,50.0,66.0,96.0,lugging
2026-01-01T12:07:05.487+00:00,890,replay,sample/replay,engine/SID807,decoded CSV,100%,2.27790365502634,0.0,0.99,CLIMBING,↑,1381.0,49.088309,6,lugging,89.0,,22.0,18.0,28.0,17.0,28.0,17.0,89.0,11.0,89.0,normal,1639.0,656.0,769.0,-113.0,963.0,937.0,26.0,983.0,41.0,49.0,48.999487179487176,51.19032051282051,0.0,0.0,steady,39.900000000000006,26.0,644.0,577.0,-67.0,0.0,0.0,0.0,0.0,0.0,0.0,100.0,100.0,0.0,14.5,3.6,376.0,41.0,321.248807,621.992371,10294.874728,940.0,164.0,14.855072463768115,0.0,0.0,0.0,0.0,73.94093252390734,62.0,66.43645101297878,92.0,87.27333333333334,72.42857142857143,96.0,50.0,66.0,96.0,lugging
2026-01-01T12:07:05.935+00:00,891,replay,sample/replay,engine/SID807,decoded CSV,100%,2.232143085221878,0.0,0.99,CLIMBING,↑,1389.0,49.70968,6,lugging,89.0,,22.0,18.0,27.0,17.0,27.0,17.0,89.0,10.0,89.0,normal,1650.0,667.0,791.0,-124.0,951.0,940.0,11.0,983.0,43.0,49.0,49.127948717948726,52.22128205128205,0.620039554069546,0.06322643859723209,gaining,40.0,25.0,652.0,600.0,-52.0,0.0,0.0,0.0,0.0,0.0,0.0,100.0,100.0,0.0,14.3,3.6,376.0,43.0,321.248807,621.992371,10294.874728,940.0,164.0,14.855072463768115,0.0,0.0,0.0,0.0,73.83065785187392,62.0,66.44544139759417,92.0,86.57666666666667,72.42857142857143,96.0,50.0,66.0,96.0,lugging
2026-01-01T12:07:06.421+00:00,892,replay,sample/replay,engine/SID807,decoded CSV,100%,2.0576129103153797,0.0,0.996,CLIMBING,↑,1396.0,49.70968,6,lugging,89.0,,22.0,18.0,27.0,17.0,27.0,17.0,89.0,10.0,89.0,normal,1674.0,691.0,789.0,-98.0,957.0,953.0,4.0,983.0,44.0,49.0,49.42153846153846,54.224038461538456,0.0,0.0,steady,40.2,26.0,651.0,639.0,-12.0,0.0,0.0,0.0,0.0,0.0,0.0,100.0,100.0,0.0,14.5,3.6,378.0,44.0,321.248807,621.992371,10294.874728,940.0,164.0,14.855072463768115,0.0,0.0,0.0,0.0,74.09949319772964,62.0,66.21432494460272,92.0,88.72333333333333,72.42857142857143,96.0,50.0,66.0,96.0,lugging
2026-01-01T12:07:06.861+00:00,893,replay,sample/replay,engine/SID807,decoded CSV,100%,2.272728208668361,0.0,1.002,CLIMBING,↑,1394.0,50.331051,6,lugging,89.0,,22.0,18.0,27.0,17.0,27.0,17.0,89.0,10.0,89.0,normal,1697.0,714.0,811.0,-97.0,953.0,963.0,-10.0,983.0,45.0,49.0,50.44282051282051,54.558653846153845,0.6313131959835588,0.06437603014113473,gaining,42.5,25.0,658.0,615.0,-43.0,0.0,0.0,0.0,0.0,0.0,0.0,100.0,100.0,0.0,14.3,3.6,378.0,45.0,321.248807,621.992371,10294.874728,940.0,164.0,14.855072463768115,0.0,0.0,0.0,0.0,74.50267832494092,62.0,65.3743445314973,92.0,93.0,72.42857142857143,96.0,50.0,66.0,96.0,lugging
2026-01-01T12:07:07.317+00:00,894,replay,sample/replay,engine/SID807,decoded CSV,100%,2.1929820250203518,0.0,1.002,CLIMBING,↑,1407.0,50.331051,6,lugging,89.0,,22.0,18.0,27.0,17.0,27.0,17.0,89.0,10.0,89.0,normal,1711.0,728.0,817.0,-89.0,948.0,965.0,-17.0,983.0,46.0,49.0,49.862307692307695,52.34814102564102,0.0,0.0,steady,40.800000000000004,25.0,656.0,567.0,-89.0,0.0,0.0,0.0,0.0,0.0,0.0,100.0,100.0,0.0,14.5,3.6,380.0,46.0,321.248807,621.992371,10294.874728,940.0,164.0,14.855072463768115,0.0,0.0,0.0,0.0,74.25296951953443,62.0,65.9916237337765,92.0,90.14333333333333,72.42857142857143,96.0,50.0,66.0,96.0,lugging
2026-01-01T12:07:07.760+00:00,895,replay,sample/replay,engine/SID807,decoded CSV,100%,2.257335944635233,0.0,1.0070000000000001,CLIMBING,↑,1422.0,50.952422,6,lugging,89.0,,22.0,18.0,27.0,17.0,27.0,17.0,89.0,10.0,89.0,normal,1730.0,747.0,835.0,-88.0,982.0,974.0,8.0,983.0,46.0,49.0,50.521538461538455,55.348205128205116,0.6270375684082373,0.06394003746521364,gaining,41.5,26.0,661.0,624.0,-37.0,0.0,0.0,0.0,0.0,0.0,0.0,100.0,100.0,0.0,14.5,3.6,381.0,46.0,321.248807,621.992371,10294.874728,940.0,164.0,14.855072463768115,0.0,0.0,0.0,0.0,74.54997446387951,62.0,65.50992679645458,92.0,93.0,72.42857142857143,96.0,50.0,66.0,96.0,lugging
2026-01-01T12:07:08.225+00:00,896,replay,sample/replay,engine/SID807,decoded CSV,100%,2.1505380313594835,0.0,1.0130000000000001,CLIMBING,↑,1423.0,50.952422,6,lugging,89.0,,22.0,18.0,27.0,17.0,27.0,17.0,89.0,10.0,89.0,normal,1752.0,768.0,853.0,-85.0,991.0,982.0,9.0,984.0,49.0,49.0,50.8702564102564,56.214423076923076,0.0,0.0,steady,41.800000000000004,26.0,665.0,633.0,-32.0,0.0,0.0,0.0,0.0,0.0,0.0,100.0,100.0,0.0,14.3,3.6,381.0,49.0,321.248807,621.992371,10294.874728,940.0,164.0,14.855072463768115,0.0,0.0,0.0,0.0,74.48154870359328,62.0,65.31377295030073,92.0,93.0,72.42857142857143,96.0,50.0,66.0,96.0,lugging
2026-01-01T12:07:08.685+00:00,897,replay,sample/replay,engine/SID807,decoded CSV,100%,2.173912863199577,0.0,1.0190000000000001,CLIMBING,↑,1438.0,51.573793,6,lugging,89.0,,22.0,18.0,27.0,17.0,27.0,17.0,89.0,10.0,89.0,normal,1784.0,800.0,877.0,-77.0,985.0,995.0,-10.0,984.0,50.0,49.0,52.35076923076923,57.536602564102566,0.6038644974008676,0.06157704184414327,gaining,44.800000000000004,26.0,668.0,623.0,-45.0,0.0,0.0,0.0,0.0,0.0,0.0,100.0,100.0,0.0,14.3,3.6,383.0,50.0,321.248807,621.992371,10294.874728,940.0,164.0,14.855072463768115,0.0,0.0,0.0,0.0,74.04520776739768,62.0,64.0629289332067,92.0,93.0,72.42857142857143,96.0,50.0,66.0,96.0,lugging
2026-01-01T12:07:09.140+00:00,898,replay,sample/replay,engine/SID807,decoded CSV,100%,2.197802566327536,0.0,1.0190000000000001,CLIMBING,↑,1444.0,51.573793,6,lugging,88.0,,22.0,18.0,27.0,17.0,27.0,17.0,88.0,10.0,88.0,normal,1823.0,840.0,902.0,-62.0,995.0,1003.0,-8.0,983.0,51.0,49.0,52.76948717948718,58.74282051282052,0.0,0.0,steady,45.1,26.0,674.0,632.0,-42.0,0.0,0.0,0.0,0.0,0.0,0.0,100.0,100.0,0.0,14.5,3.6,383.0,51.0,321.248807,621.992371,10294.874728,940.0,164.0,14.855072463768115,0.0,0.0,0.0,0.0,73.96813375129751,62.0,63.8419834203862,92.0,93.0,72.42857142857143,96.0,50.0,66.0,96.0,lugging
2026-01-01T12:07:09.591+00:00,899,replay,sample/replay,engine/SID807,decoded CSV,100%,2.2172950221264083,0.0,1.0190000000000001,CLIMBING,↑,1460.0,52.195164,6,lugging,88.0,,22.0,18.0,27.0,17.0,27.0,17.0,88.0,10.0,88.0,normal,1855.0,871.0,922.0,-51.0,995.0,1011.0,-16.0,984.0,53.0,49.0,53.06128205128204,61.038782051282055,0.6159150933745917,0.06280586065318858,gaining,45.2,26.0,675.0,677.0,2.0,0.0,0.0,0.0,0.0,0.0,0.0,100.0,100.0,0.0,14.5,3.6,384.0,53.0,321.248807,621.992371,10294.874728,940.0,164.0,14.855072463768115,0.0,0.0,0.0,0.0,73.92363588804965,62.0,63.714422879075656,92.0,93.0,72.42857142857143,96.0,50.0,66.0,96.0,lugging
2026-01-01T12:07:10.070+00:00,900,replay,sample/replay,engine/SID807,decoded CSV,100%,2.087682273208725,0.0,1.0190000000000001,CLIMBING,↑,1470.0,52.816535,6,lugging,88.0,,22.0,18.0,27.0,17.0,27.0,17.0,88.0,10.0,88.0,normal,1881.0,898.0,951.0,-53.0,1030.0,1020.0,10.0,983.0,56.0,49.0,53.488205128205124,61.982371794871796,0.5799115631472073,0.059134522303458094,gaining,45.400000000000006,26.0,679.0,681.0,2.0,0.0,0.0,0.0,0.0,0.0,0.0,100.0,100.0,0.0,14.3,3.6,386.0,56.0,321.248807,621.992371,10294.874728,940.0,164.0,14.855072463768115,0.0,0.0,0.0,0.0,73.85399578170897,62.0,63.514787907565676,92.0,93.0,72.42857142857143,96.0,50.0,66.0,96.0,lugging
2026-01-01T12:07:10.549+00:00,901,replay,sample/replay,engine/SID807,decoded CSV,100%,2.087682273208725,0.0,1.0230000000000001,CLIMBING,↑,1485.0,52.816535,6,lugging,87.0,,22.0,18.0,27.0,17.0,27.0,17.0,87.0,10.0,87.0,normal,1877.0,895.0,975.0,-80.0,1019.0,1029.0,-10.0,982.0,56.0,49.0,53.8651282051282,59.81096153846154,0.0,0.0,steady,45.6,26.0,683.0,623.0,-60.0,0.0,0.0,0.0,0.0,0.0,0.0,100.0,100.0,0.0,14.3,3.6,388.0,56.0,321.248807,621.992371,10294.874728,940.0,164.0,14.855072463768115,0.0,0.0,0.0,0.0,73.79053300094968,62.0,63.33286126938904,92.0,93.0,72.42857142857143,96.0,50.0,66.0,96.0,lugging
2026-01-01T12:07:10.985+00:00,902,replay,sample/replay,engine/SID807,decoded CSV,100%,2.2935786639368825,0.0,1.0230000000000001,CLIMBING,↑,1496.0,53.437906,6,lugging,87.0,,22.0,18.0,27.0,17.0,27.0,17.0,87.0,10.0,87.0,normal,1924.0,941.0,1014.0,-73.0,1027.0,1041.0,-14.0,983.0,59.0,49.0,54.37358974358974,63.743589743589745,0.6371049873218545,0.06496662849411924,gaining,45.7,26.0,689.0,704.0,15.0,0.0,0.0,0.0,0.0,0.0,0.0,100.0,100.0,0.0,14.3,3.6,389.0,59.0,321.248807,621.992371,10294.874728,940.0,164.0,14.855072463768115,0.0,0.0,0.0,0.0,73.7192667268491,62.0,63.12856461696739,92.0,93.0,72.42857142857143,96.0,50.0,66.0,96.0,lugging
2026-01-01T12:07:11.767+00:00,903,replay,sample/replay,engine/SID807,decoded CSV,100%,1.2787722724703394,0.0,1.0230000000000001,CLIMBING,↑,1517.0,54.059277,6,cruise,87.0,,22.0,18.0,27.0,17.0,27.0,17.0,87.0,10.0,87.0,normal,1961.0,977.0,1058.0,-81.0,1033.0,1053.0,-20.0,984.0,61.0,49.0,54.81666666666666,63.96416666666667,0.35521441023580447,0.036221789320084276,gaining,45.5,26.0,701.0,693.0,-8.0,0.0,0.0,0.0,0.0,0.0,0.0,100.0,100.0,0.0,14.5,3.6,391.0,61.0,321.248807,621.992371,10294.874728,940.0,164.0,14.855072463768115,0.0,0.0,0.0,0.0,78.54770043784094,79.4375,63.02007458847736,92.0,93.0,88.87977040816327,96.0,80.06335714285714,90.0,96.0,smug
2026-01-01T12:07:12.241+00:00,904,replay,sample/replay,engine/SID807,decoded CSV,100%,2.109704743222172,0.0,1.0230000000000001,CLIMBING,↑,1521.0,54.680648,6,accelerating,86.0,,22.0,18.0,27.0,17.0,27.0,17.0,86.0,10.0,86.0,normal,1987.0,1003.0,1065.0,-62.0,1065.0,1058.0,7.0,984.0,63.0,49.0,54.881538461538454,65.63570512820513,0.5860289140361513,0.05975831849165121,gaining,45.400000000000006,26.0,705.0,721.0,16.0,0.0,0.0,0.0,0.0,0.0,0.0,100.0,100.0,0.0,14.5,3.6,393.0,63.0,321.248807,621.992371,10294.874728,940.0,164.0,14.855072463768115,0.0,0.0,0.0,0.0,78.61790082046865,79.6875,63.02131568534347,92.0,93.0,88.6949583987441,96.0,79.54588351648351,90.0,96.0,smug
2026-01-01T12:07:12.696+00:00,905,replay,sample/replay,engine/SID807,decoded CSV,100%,2.197802566327536,0.0,1.0230000000000001,CLIMBING,↑,1537.0,54.680648,6,cruise,86.0,,22.0,18.0,27.0,17.0,27.0,17.0,86.0,10.0,86.0,normal,2002.0,1020.0,1088.0,-68.0,1059.0,1061.0,-2.0,982.0,65.0,49.0,55.09307692307693,66.75641025641026,0.0,0.0,steady,45.300000000000004,26.0,712.0,744.0,32.0,0.0,0.0,0.0,0.0,0.0,0.0,100.0,100.0,0.0,14.3,3.6,394.0,65.0,321.248807,621.992371,10294.874728,940.0,164.0,14.855072463768115,0.0,0.0,0.0,0.0,76.58838247918462,72.47843846153846,62.97061233776511,92.0,93.0,85.93356711145996,96.0,71.8139879120879,90.0,96.0,fine
2026-01-01T12:07:13.174+00:00,906,replay,sample/replay,engine/SID807,decoded CSV,100%,2.0920494912907417,0.0,1.0230000000000001,CLIMBING,↑,1546.0,55.302019,6,accelerating,85.0,,22.0,18.0,27.0,17.0,27.0,17.0,85.0,10.0,85.0,normal,2018.0,1034.0,1108.0,-74.0,1073.0,1066.0,7.0,984.0,66.0,49.0,55.249487179487176,66.58615384615385,0.5811246789057918,0.059258225684182854,gaining,45.1,26.0,723.0,732.0,9.0,0.0,0.0,0.0,0.0,0.0,0.0,100.0,100.0,0.0,14.3,3.6,396.0,66.0,321.248807,621.992371,10294.874728,940.0,164.0,14.855072463768115,0.0,0.0,0.0,0.0,76.83167471730823,73.35893846153846,62.963650087052855,92.0,93.0,86.09197762951334,96.0,72.25753736263738,90.0,96.0,smug
2026-01-01T12:07:13.660+00:00,907,replay,sample/replay,engine/SID807,decoded CSV,100%,2.0576139197255143,0.0,1.0230000000000001,CLIMBING,↑,1554.0,55.92339,6,accelerating,85.0,,22.0,18.0,27.0,17.0,27.0,17.0,85.0,10.0,85.0,normal,2040.0,1057.0,1116.0,-59.0,1052.0,1071.0,-19.0,983.0,67.0,49.0,55.36282051282051,68.80615384615385,0.571559245319205,0.05828282291294224,gaining,45.1,26.0,728.0,784.0,56.0,0.0,0.0,0.0,0.0,0.0,0.0,100.0,100.0,0.0,14.3,3.6,398.0,67.0,321.870178,621.992371,10294.874728,940.0,164.0,14.855072463768115,0.0,0.0,0.0,0.0,77.03738226054021,74.14623076923077,62.923511198163965,92.0,93.0,88.06785387231817,96.0,77.78999084249085,90.0,96.0,smug
2026-01-01T12:07:14.091+00:00,908,replay,sample/replay,engine/SID807,decoded CSV,100%,2.3201856456524563,0.0,1.0230000000000001,CLIMBING,↑,1572.0,55.92339,6,cruise,84.0,,22.0,18.0,27.0,17.0,27.0,17.0,84.0,10.0,84.0,normal,2056.0,1072.0,1155.0,-83.0,1098.0,1076.0,22.0,984.0,69.0,49.0,55.747692307692304,68.07185897435897,0.0,0.0,steady,45.0,26.0,741.0,749.0,8.0,0.0,0.0,0.0,0.0,0.0,0.0,100.0,100.0,0.0,14.5,3.6,399.0,69.0,321.870178,621.992371,10294.874728,940.0,164.0,14.855072463768115,0.0,0.0,0.0,0.0,77.48610285783698,75.89426153846154,62.81141896169674,92.0,93.0,88.07270015698587,96.0,77.80356043956046,90.0,96.0,smug
2026-01-01T12:07:14.549+00:00,909,replay,sample/replay,engine/SID807,decoded CSV,100%,2.1834052406256768,0.0,1.0230000000000001,CLIMBING,↑,1581.0,56.544761,6,accelerating,84.0,,22.0,18.0,27.0,17.0,27.0,17.0,84.0,10.0,84.0,normal,2073.0,1089.0,1141.0,-52.0,1085.0,1080.0,5.0,984.0,71.0,49.0,55.518974358974354,68.18314102564104,0.6065012680923637,0.061845917626545635,gaining,44.7,26.0,742.0,749.0,7.0,0.0,0.0,0.0,0.0,0.0,0.0,100.0,100.0,0.0,14.5,3.6,404.0,71.0,321.870178,621.992371,10294.874728,940.0,164.0,14.855072463768115,0.0,0.0,0.0,0.0,77.80476994191568,76.84408461538462,62.96507280785058,92.0,93.0,88.07595238095237,96.0,77.81266666666666,90.0,96.0,smug
2026-01-01T12:07:15.081+00:00,910,replay,sample/replay,engine/SID807,decoded CSV,100%,1.879699861385544,0.0,1.0230000000000001,CLIMBING,↑,1590.0,57.166132,6,accelerating,84.0,,22.0,18.0,27.0,17.0,27.0,17.0,84.0,10.0,84.0,normal,2088.0,1104.0,1151.0,-47.0,1068.0,1083.0,-15.0,984.0,72.0,49.0,55.63897435897435,68.64980769230769,0.5221386888476413,0.05324332864409776,gaining,44.7,26.0,752.0,757.0,5.0,0.0,0.0,0.0,0.0,0.0,0.0,100.0,100.0,0.0,14.3,3.6,406.0,72.0,321.870178,621.992371,10294.874728,940.0,164.0,14.855072463768115,0.0,0.0,0.0,0.0,78.03749427107489,77.73113846153846,62.92257280785058,92.0,93.0,88.01866038723182,96.0,77.65224908424909,90.0,96.0,smug
2026-01-01T12:07:15.596+00:00,911,replay,sample/replay,engine/SID807,decoded CSV,100%,1.9417471772866304,0.0,1.0230000000000001,CLIMBING,↑,1578.0,56.544761,6,coasting,83.0,,22.0,18.0,26.0,17.0,26.0,17.0,83.0,9.0,83.0,normal,1952.0,969.0,17.0,952.0,1106.0,1014.0,92.0,983.0,96.0,0.0,16.546666666666667,57.145833333333336,-0.5393740490435123,-0.05500084626692217,easing,19.5,23.0,428.0,763.0,335.0,60.0,50.0,-10.0,0.0,0.0,0.0,0.0,49.0,49.0,14.5,3.6,409.0,96.0,321.870178,621.992371,10294.874728,940.0,164.0,14.855072463768115,0.0,0.0,0.0,0.0,83.19160655325868,94.0,92.01906378600823,92.0,34.421875,82.18534613845539,96.0,90.02857142857142,46.93559663865546,96.0,fine
2026-01-01T12:07:16.047+00:00,912,replay,sample/replay,engine/SID807,decoded CSV,100%,2.2172950221264083,0.0,1.0230000000000001,CLIMBING,↑,1577.0,55.92339,6,decelerating,83.0,,22.0,18.0,23.0,17.0,23.0,17.0,83.0,6.0,83.0,normal,1236.0,252.0,17.0,235.0,697.0,343.0,354.0,984.0,48.0,21.0,11.023333333333332,21.05333333333333,-0.6159150933745989,-0.06280586065318931,easing,0.0,17.0,419.0,392.0,-27.0,0.0,0.0,0.0,0.0,0.0,0.0,0.0,0.0,0.0,14.3,3.6,411.0,48.0,321.870178,621.992371,10294.874728,940.0,164.0,14.855072463768115,0.0,0.0,0.0,0.0,86.53104453775481,94.0,93.97232767489712,92.0,50.75,85.63203463203462,96.0,92.0,58.45454545454545,96.0,fine
2026-01-01T12:07:16.510+00:00,913,replay,sample/replay,engine/SID807,decoded CSV,100%,2.1598269380003634,0.0,1.0230000000000001,CLIMBING,↑,1561.0,55.92339,6,cruise,82.0,,22.0,18.0,23.0,17.0,23.0,17.0,82.0,6.0,82.0,normal,1134.0,151.0,652.0,-501.0,617.0,621.0,-4.0,983.0,34.0,39.0,31.80358974358974,24.272756410256413,0.0,0.0,steady,13.200000000000001,25.0,624.0,403.0,-221.0,0.0,3.0,3.0,0.0,0.0,0.0,96.0,88.0,-8.0,14.3,3.6,413.0,34.0,321.870178,621.992371,10294.874728,940.0,164.0,14.855072463768115,0.0,0.0,0.0,0.0,81.60662840389584,94.0,81.68811253561253,92.0,46.82333333333333,84.86666666666667,96.0,92.0,55.24,96.0,fine
2026-01-01T12:07:16.971+00:00,914,replay,sample/replay,engine/SID807,decoded CSV,100%,2.16919755851082,0.0,1.0230000000000001,CLIMBING,↑,1564.0,55.92339,6,cruise,82.0,,22.0,18.0,25.0,17.0,25.0,17.0,82.0,8.0,82.0,normal,1302.0,319.0,966.0,-647.0,974.0,994.0,-20.0,983.0,38.0,44.0,46.13794871794872,41.63294871794872,0.0,0.0,steady,30.900000000000002,26.0,730.0,546.0,-184.0,0.0,0.0,0.0,0.0,0.0,0.0,100.0,100.0,0.0,14.5,3.6,416.0,38.0,321.870178,621.992371,10294.874728,940.0,164.0,14.855072463768115,0.0,0.0,0.0,0.0,75.18617819518983,82.375,70.64926638176638,92.0,50.96666666666667,85.79670329670328,96.0,92.0,59.146153846153844,96.0,fine
2026-01-01T12:07:17.433+00:00,915,replay,sample/replay,engine/SID807,decoded CSV,100%,2.1645026649217036,0.0,1.029,CLIMBING,↑,1554.0,55.92339,6,cruise,82.0,,22.0,18.0,26.0,17.0,26.0,17.0,82.0,9.0,82.0,normal,1500.0,516.0,688.0,-172.0,1023.0,1022.0,1.0,984.0,47.0,39.0,42.4523076923077,48.15480769230769,0.0,0.0,steady,33.0,25.0,646.0,603.0,-43.0,0.0,0.0,0.0,0.0,0.0,0.0,89.0,89.0,0.0,14.5,3.6,416.0,47.0,321.870178,621.992371,10294.874728,940.0,164.0,14.855072463768115,0.0,0.0,0.0,0.0,84.09524349035976,94.0,72.61792022792022,92.0,81.54666666666667,91.36796536796537,96.0,92.0,82.54545454545455,96.0,smug
2026-01-01T12:07:17.900+00:00,916,replay,sample/replay,engine/SID807,decoded CSV,100%,2.1413275881433984,0.0,1.029,CLIMBING,↑,1560.0,55.92339,6,cruise,81.0,,22.0,18.0,27.0,17.0,27.0,17.0,81.0,10.0,81.0,normal,1624.0,641.0,920.0,-279.0,1039.0,1054.0,-15.0,983.0,52.0,44.0,49.50102564102564,54.25519230769231,0.0,0.0,steady,39.800000000000004,26.0,719.0,637.0,-82.0,0.0,0.0,0.0,0.0,0.0,0.0,95.0,94.0,-1.0,14.5,3.6,418.0,52.0,321.870178,621.992371,10294.874728,940.0,164.0,14.855072463768115,0.0,0.0,0.0,0.0,77.84075661454537,82.125,67.2668356283634,92.0,74.95,89.6926406926407,96.0,92.0,75.50909090909092,96.0,smug
2026-01-01T12:07:18.346+00:00,917,replay,sample/replay,engine/SID807,decoded CSV,100%,2.242151967754696,0.0,1.034,CLIMBING,↑,1555.0,55.302019,6,decelerating,81.0,,22.0,18.0,27.0,17.0,27.0,17.0,81.0,10.0,81.0,normal,1745.0,761.0,1011.0,-250.0,1060.0,1070.0,-10.0,984.0,56.0,44.0,51.71000000000001,59.03333333333333,-0.6228197983574099,-0.06350994461486949,easing,42.900000000000006,26.0,728.0,676.0,-52.0,0.0,0.0,0.0,0.0,0.0,0.0,94.0,94.0,0.0,14.5,3.6,420.0,56.0,321.870178,621.992371,10294.874728,940.0,164.0,14.855072463768115,0.0,0.0,0.0,0.0,77.7603102569624,81.8125,65.73377829218106,92.0,78.27666666666667,90.57640692640695,96.0,92.0,79.22090909090909,96.0,smug
2026-01-01T12:07:18.778+00:00,918,replay,sample/replay,engine/SID807,decoded CSV,100%,2.3148152338461725,0.0,1.034,CLIMBING,↑,1557.0,55.92339,6,accelerating,81.0,,22.0,18.0,27.0,17.0,27.0,17.0,81.0,10.0,81.0,normal,1822.0,839.0,1078.0,-239.0,1070.0,1071.0,-1.0,983.0,60.0,50.0,54.448205128205124,61.23070512820512,0.6430040326938559,0.06556816371481147,gaining,42.800000000000004,26.0,730.0,699.0,-31.0,0.0,0.0,0.0,0.0,0.0,0.0,92.0,93.0,1.0,14.5,3.6,423.0,60.0,321.870178,621.992371,10294.874728,940.0,164.0,14.855072463768115,0.0,0.0,0.0,0.0,77.31181877912499,81.9375,63.60765827793605,92.0,79.86333333333333,90.43469696969696,96.0,90.40866666666668,81.01272727272728,96.0,smug
2026-01-01T12:07:19.222+00:00,919,replay,sample/replay,engine/SID807,decoded CSV,100%,2.2522522232263724,0.0,1.034,CLIMBING,↑,1551.0,55.92339,6,cruise,81.0,,22.0,18.0,27.0,17.0,27.0,17.0,81.0,10.0,81.0,normal,1902.0,919.0,1133.0,-214.0,1076.0,1072.0,4.0,983.0,63.0,50.0,55.96641025641025,63.50807692307693,0.0,0.0,steady,45.300000000000004,26.0,728.0,698.0,-30.0,0.0,0.0,0.0,0.0,0.0,0.0,93.0,95.0,2.0,14.3,3.6,425.0,63.0,321.870178,621.992371,10294.874728,940.0,164.0,14.855072463768115,0.0,0.0,0.0,0.0,75.05258789560281,73.7347,62.4645475229503,92.0,82.49666666666667,87.85074990485704,96.0,81.22513003663003,83.93545454545455,96.0,smug
2026-01-01T12:07:19.699+00:00,920,replay,sample/replay,engine/SID807,decoded CSV,100%,2.0964360670830913,0.0,1.034,CLIMBING,↑,1556.0,55.92339,6,cruise,81.0,,22.0,18.0,26.0,17.0,26.0,17.0,81.0,9.0,81.0,normal,1956.0,973.0,1139.0,-166.0,1051.0,1072.0,-21.0,983.0,67.0,51.0,56.33794871794871,65.41961538461538,0.0,0.0,steady,45.2,26.0,731.0,730.0,-1.0,0.0,0.0,0.0,0.0,0.0,0.0,93.0,94.0,1.0,14.3,3.6,427.0,67.0,321.870178,621.992371,10294.874728,940.0,164.0,14.855072463768115,0.0,0.0,0.0,0.0,75.72963975904946,74.17263076923076,62.160418249446025,92.0,86.55666666666667,88.33800497121926,96.0,79.63308058608058,88.37,96.0,smug
2026-01-01T12:07:20.198+00:00,921,replay,sample/replay,engine/SID807,decoded CSV,100%,2.004007724951958,0.0,1.034,CLIMBING,↑,1561.0,55.92339,6,cruise,81.0,,22.0,18.0,26.0,17.0,26.0,17.0,81.0,9.0,81.0,normal,1982.0,999.0,1165.0,-166.0,1047.0,1075.0,-28.0,983.0,68.0,52.0,57.12179487179487,66.52179487179487,0.0,0.0,steady,45.6,26.0,734.0,744.0,10.0,0.0,0.0,0.0,0.0,0.0,0.0,94.0,93.0,-1.0,14.3,3.6,430.0,68.0,321.870178,621.992371,10294.874728,940.0,164.0,14.855072463768115,0.0,0.0,0.0,0.0,75.67419840047263,74.53634615384615,61.589180713833485,92.0,86.81666666666666,88.03257605489748,96.0,78.57303113553114,88.67727272727272,96.0,smug
2026-01-01T12:07:20.658+00:00,922,replay,sample/replay,engine/SID807,decoded CSV,100%,2.173912863199577,0.0,1.034,CLIMBING,↑,1568.0,55.92339,6,cruise,81.0,,22.0,18.0,26.0,17.0,26.0,17.0,81.0,9.0,81.0,normal,1987.0,1003.0,1166.0,-163.0,1056.0,1076.0,-20.0,984.0,69.0,52.0,57.176923076923075,66.48525641025641,0.0,0.0,steady,45.7,26.0,736.0,738.0,2.0,0.0,0.0,0.0,0.0,0.0,0.0,95.0,94.0,-1.0,14.5,3.6,432.0,69.0,321.870178,621.992371,10294.874728,940.0,164.0,14.855072463768115,0.0,0.0,0.0,0.0,75.89572342034938,75.23315384615384,61.545439616967386,92.0,87.07666666666667,88.14286487322202,96.0,78.69214285714287,88.96181818181819,96.0,smug
2026-01-01T12:07:21.138+00:00,923,replay,sample/replay,engine/SID807,decoded CSV,100%,2.083333250549108,0.0,1.034,CLIMBING,↑,1574.0,56.544761,6,accelerating,81.0,,22.0,18.0,26.0,17.0,26.0,17.0,81.0,9.0,81.0,normal,2005.0,1022.0,1184.0,-162.0,1078.0,1079.0,-1.0,983.0,71.0,53.0,57.72692307692307,66.93108974358975,0.5787035016710588,0.059011334316107826,gaining,45.7,26.0,743.0,737.0,-6.0,0.0,0.0,0.0,0.0,0.0,0.0,97.0,94.0,-3.0,14.3,3.6,434.0,71.0,321.870178,621.992371,10294.874728,940.0,164.0,14.855072463768115,0.0,0.0,0.0,0.0,75.94342807648137,75.73992307692308,61.15388869104146,92.0,87.34,87.976020705485,96.0,78.02255494505495,89.26545454545455,96.0,smug
2026-01-01T12:07:21.829+00:00,924,replay,sample/replay,engine/SID807,decoded CSV,100%,1.4471780348512076,0.0,1.034,CLIMBING,↑,1593.0,57.166132,6,cruise,81.0,,22.0,18.0,26.0,17.0,26.0,17.0,81.0,9.0,81.0,normal,2050.0,1067.0,1205.0,-138.0,1076.0,1084.0,-8.0,983.0,72.0,53.0,57.931794871794864,68.8926282051282,0.4019937742025131,0.040991956907049105,gaining,45.6,26.0,754.0,769.0,15.0,0.0,0.0,0.0,0.0,0.0,0.0,99.0,96.0,-3.0,14.3,3.6,437.0,72.0,321.870178,621.992371,10294.874728,940.0,164.0,14.855072463768115,0.0,0.0,0.0,0.0,77.37299956823252,77.62131538461539,61.10554645457423,92.0,93.0,87.90515829408686,96.0,77.33444322344323,90.0,96.0,smug
2026-01-01T12:07:22.349+00:00,925,replay,sample/replay,engine/SID807,decoded CSV,100%,1.9230769936149668,0.0,1.034,CLIMBING,↑,1604.0,57.166132,6,cruise,81.0,,22.0,18.0,26.0,17.0,26.0,17.0,81.0,9.0,81.0,normal,2081.0,1098.0,1206.0,-108.0,1063.0,1087.0,-24.0,983.0,73.0,53.0,58.00025641025641,69.58525641025642,0.0,0.0,steady,45.7,26.0,752.0,774.0,22.0,0.0,0.0,0.0,0.0,0.0,0.0,99.0,100.0,1.0,14.3,3.6,439.0,73.0,321.870178,621.992371,10294.874728,940.0,164.0,14.855072463768115,0.0,0.0,0.0,0.0,77.66258320468651,78.71956923076922,61.057083135485904,92.0,93.0,87.72403780743066,96.0,76.82730586080586,90.0,96.0,smug
2026-01-01T12:07:22.799+00:00,926,replay,sample/replay,engine/SID807,decoded CSV,100%,2.2222219867471074,0.0,1.034,CLIMBING,↑,1607.0,57.166132,6,cruise,81.0,,22.0,18.0,26.0,17.0,26.0,17.0,81.0,9.0,81.0,normal,2119.0,1136.0,1210.0,-74.0,1086.0,1089.0,-3.0,983.0,76.0,53.0,58.05358974358975,70.00692307692307,0.0,0.0,steady,45.7,26.0,752.0,764.0,12.0,0.0,0.0,0.0,0.0,0.0,0.0,98.0,100.0,2.0,14.5,3.6,441.0,76.0,321.870178,621.992371,10294.874728,940.0,164.0,14.855072463768115,0.0,0.0,0.0,0.0,77.73784092680933,79.01285384615385,61.038194246597016,92.0,93.0,87.36511054421769,96.0,75.82230952380952,90.0,96.0,smug
2026-01-01T12:07:23.226+00:00,927,replay,sample/replay,engine/SID807,decoded CSV,100%,2.341921431271486,0.0,1.034,CLIMBING,↑,1616.0,57.787503,6,accelerating,81.0,,22.0,18.0,26.0,17.0,26.0,17.0,81.0,9.0,81.0,normal,2149.0,1166.0,1232.0,-66.0,1068.0,1092.0,-24.0,983.0,79.0,53.0,58.2551282051282,71.05346153846153,0.6505335296492263,0.06633595872690738,gaining,45.6,26.0,765.0,782.0,17.0,0.0,0.0,0.0,0.0,0.0,0.0,99.0,100.0,1.0,14.5,3.6,441.0,79.0,321.870178,621.992371,10294.874728,940.0,164.0,14.855072463768115,0.0,0.0,0.0,0.0,77.96484320269883,79.88523076923077,60.991032565685344,92.0,93.0,87.13582875457875,96.0,75.18032051282051,90.0,96.0,smug
2026-01-01T12:07:23.666+00:00,928,replay,sample/replay,engine/SID807,decoded CSV,100%,2.272726977167089,0.0,1.034,CLIMBING,↑,1619.0,57.787503,6,cruise,81.0,,22.0,18.0,26.0,17.0,26.0,17.0,81.0,9.0,81.0,normal,2175.0,1192.0,1239.0,-47.0,1103.0,1096.0,7.0,983.0,80.0,53.0,58.50179487179487,72.74262820512821,0.0,0.0,steady,45.6,27.0,767.0,809.0,42.0,0.0,0.0,0.0,0.0,0.0,0.0,99.0,100.0,1.0,14.3,3.6,444.0,80.0,321.870178,621.992371,10294.874728,940.0,164.0,14.855072463768115,0.0,0.0,0.0,0.0,77.9790488576382,80.14371538461539,60.82496775087052,92.0,93.0,86.85446951857665,96.0,74.39251465201465,90.0,96.0,smug
2026-01-01T12:07:24.107+00:00,929,replay,sample/replay,engine/SID807,decoded CSV,100%,2.2675737746041493,0.0,1.034,CLIMBING,↑,1623.0,58.408874,6,accelerating,81.0,,22.0,18.0,26.0,17.0,26.0,17.0,81.0,9.0,81.0,normal,2191.0,1208.0,1247.0,-39.0,1110.0,1099.0,11.0,983.0,82.0,52.0,58.290256410256404,72.24525641025642,0.6298814091864533,0.0642300285200811,gaining,45.7,27.0,771.0,786.0,15.0,0.0,0.0,0.0,0.0,0.0,0.0,100.0,100.0,0.0,14.5,3.6,446.0,82.0,321.870178,621.992371,10294.874728,940.0,164.0,14.855072463768115,0.0,0.0,0.0,0.0,78.18870039311822,80.58563846153847,61.07243035770813,92.0,93.0,86.79525641025641,96.0,74.22671794871795,90.0,96.0,smug
2026-01-01T12:07:24.567+00:00,930,replay,sample/replay,engine/SID807,decoded CSV,100%,2.173912863199577,0.0,1.034,CLIMBING,↑,1647.0,58.408874,6,cruise,81.0,,22.0,18.0,26.0,17.0,26.0,17.0,81.0,9.0,81.0,normal,2202.0,1219.0,1257.0,-38.0,1110.0,1102.0,8.0,983.0,83.0,52.0,58.37179487179487,72.88262820512821,0.0,0.0,steady,45.6,27.0,776.0,797.0,21.0,0.0,0.0,0.0,0.0,0.0,0.0,100.0,100.0,0.0,14.5,3.6,446.0,83.0,321.870178,621.992371,10294.874728,940.0,164.0,14.855072463768115,0.0,0.0,0.0,0.0,78.8591858532653,82.99403846153847,61.06776867679645,92.0,93.0,86.99375327053899,96.0,74.78250915750915,90.0,96.0,smug
2026-01-01T12:07:25.032+00:00,931,replay,sample/replay,engine/SID807,decoded CSV,100%,2.1505380313594835,0.0,1.034,CLIMBING,↑,1630.0,59.030245,6,accelerating,81.0,,22.0,18.0,27.0,17.0,27.0,17.0,81.0,10.0,81.0,normal,2219.0,1236.0,1270.0,-34.0,1092.0,1107.0,-15.0,983.0,84.0,52.0,58.34666666666667,72.87583333333333,0.5973714905651782,0.06091493941001038,gaining,45.5,26.0,784.0,795.0,11.0,0.0,0.0,0.0,0.0,0.0,0.0,100.0,100.0,0.0,14.5,3.6,448.0,84.0,321.870178,621.992371,10294.874728,940.0,164.0,14.855072463768115,0.0,0.0,0.0,0.0,78.42047469246228,81.28221538461538,61.17958847736625,92.0,93.0,86.59260073260073,96.0,73.65928205128206,90.0,96.0,smug
2026-01-01T12:07:25.504+00:00,932,replay,sample/replay,engine/SID807,decoded CSV,100%,2.1186435198655156,0.0,1.034,CLIMBING,↑,1637.0,59.030245,6,cruise,81.0,,22.0,18.0,25.0,17.0,25.0,17.0,81.0,8.0,81.0,normal,1683.0,701.0,213.0,488.0,1079.0,1036.0,43.0,982.0,118.0,52.0,38.15717948717949,51.974679487179486,0.0,0.0,steady,22.5,24.0,346.0,713.0,367.0,0.0,21.0,21.0,0.0,0.0,0.0,0.0,0.0,0.0,14.5,3.6,448.0,118.0,321.870178,621.992371,10294.874728,940.0,164.0,14.855072463768115,0.0,0.0,0.0,0.0,77.55089569668058,94.0,74.295900997151,92.0,37.75,82.73469387755101,96.0,92.0,46.285714285714285,96.0,fine
2026-01-01T12:07:25.974+00:00,933,replay,sample/replay,engine/SID807,decoded CSV,100%,2.127659444951436,0.0,1.034,CLIMBING,↑,1625.0,58.408874,6,decelerating,81.0,,22.0,18.0,23.0,17.0,23.0,17.0,81.0,6.0,81.0,normal,1200.0,216.0,53.0,163.0,677.0,624.0,53.0,984.0,46.0,52.0,26.818205128205133,22.62903846153846,-0.5910163296401888,-0.060266893346880825,easing,5.1000000000000005,22.0,325.0,397.0,72.0,0.0,0.0,0.0,0.0,0.0,0.0,85.0,27.0,-58.0,14.3,3.6,451.0,46.0,321.870178,621.992371,10294.874728,940.0,164.0,14.855072463768115,0.0,0.0,0.0,0.0,86.82794548797456,94.0,83.1762215099715,92.0,75.70833333333333,91.43456543456544,96.0,92.0,82.82517482517483,96.0,smug
2026-01-01T12:07:26.426+00:00,934,replay,sample/replay,engine/SID807,decoded CSV,100%,2.2123898566587106,0.0,1.034,CLIMBING,↑,1633.0,58.408874,6,cruise,81.0,,22.0,18.0,24.0,17.0,24.0,17.0,81.0,7.0,81.0,normal,1167.0,183.0,71.0,112.0,520.0,541.0,-21.0,984.0,33.0,52.0,26.702564102564104,19.32923076923077,0.0,0.0,steady,4.6000000000000005,25.0,289.0,356.0,67.0,9.0,8.0,-1.0,0.0,0.0,0.0,83.0,89.0,6.0,14.5,3.6,451.0,33.0,321.870178,621.992371,10294.874728,940.0,164.0,14.855072463768115,0.0,0.0,0.0,0.0,88.10969489167164,94.0,83.09779202279202,92.0,83.75,92.63003663003663,96.0,92.0,87.84615384615384,96.0,smug
2026-01-01T12:07:26.881+00:00,935,replay,sample/replay,engine/SID807,decoded CSV,100%,2.197801414686265,0.0,1.034,CLIMBING,↑,1618.0,57.787503,6,decelerating,82.0,,22.0,18.0,24.0,17.0,24.0,17.0,82.0,7.0,82.0,normal,1133.0,150.0,76.0,74.0,679.0,681.0,-2.0,983.0,26.0,54.0,29.50512820512821,18.32096153846154,-0.6105002040942337,-0.062253695614122424,easing,7.9,24.0,270.0,283.0,13.0,21.0,21.0,0.0,0.0,0.0,0.0,79.0,85.0,6.0,14.5,3.6,451.0,26.0,321.870178,621.992371,10294.874728,940.0,164.0,14.855072463768115,0.0,0.0,0.0,0.0,88.83744533889883,94.0,80.8673433048433,92.0,93.0,93.14285714285715,96.0,92.0,90.0,96.0,smug
2026-01-01T12:07:27.329+00:00,936,replay,sample/replay,engine/SID807,decoded CSV,100%,2.232143085221878,0.0,1.034,CLIMBING,↑,1616.0,57.787503,6,cruise,82.0,,22.0,18.0,25.0,17.0,25.0,17.0,82.0,8.0,82.0,normal,1103.0,120.0,110.0,10.0,759.0,753.0,6.0,983.0,22.0,54.0,31.667435897435897,18.339935897435897,0.0,0.0,steady,11.0,25.0,279.0,251.0,-28.0,26.0,26.0,0.0,0.0,0.0,0.0,75.0,82.0,7.0,14.3,3.6,451.0,22.0,321.870178,621.992371,10294.874728,940.0,164.0,14.855072463768115,0.0,0.0,0.0,0.0,88.24823469489166,94.0,79.1782727920228,92.0,93.0,93.14285714285715,96.0,92.0,90.0,96.0,smug
2026-01-01T12:07:27.788+00:00,937,replay,sample/replay,engine/SID807,decoded CSV,100%,2.1786498440409625,0.0,1.034,CLIMBING,↑,1606.0,57.787503,6,cruise,82.0,,22.0,18.0,25.0,17.0,25.0,17.0,82.0,8.0,82.0,normal,1094.0,112.0,204.0,-92.0,921.0,913.0,8.0,982.0,23.0,54.0,36.44333333333333,24.610000000000003,0.0,0.0,steady,18.2,25.0,343.0,320.0,-23.0,13.0,13.0,0.0,0.0,0.0,0.0,80.0,79.0,-1.0,14.5,3.6,454.0,23.0,321.870178,621.992371,10294.874728,940.0,164.0,14.855072463768115,0.0,0.0,0.0,0.0,86.16552002583978,94.0,75.54115740740741,92.0,88.0,93.0995670995671,96.0,92.0,89.81818181818181,96.0,smug
2026-01-01T12:07:28.227+00:00,938,replay,sample/replay,engine/SID807,decoded CSV,100%,2.27790365502634,0.0,1.034,CLIMBING,↑,1606.0,57.787503,6,cruise,82.0,,22.0,18.0,25.0,17.0,25.0,17.0,82.0,8.0,82.0,normal,1117.0,134.0,208.0,-74.0,933.0,937.0,-4.0,983.0,27.0,54.0,37.02794871794872,26.378782051282055,0.0,0.0,steady,19.200000000000003,25.0,345.0,345.0,0.0,12.0,12.0,0.0,0.0,0.0,0.0,82.0,80.0,-2.0,14.5,3.6,454.0,27.0,321.870178,621.992371,10294.874728,940.0,164.0,14.855072463768115,0.0,0.0,0.0,0.0,86.81355222619757,94.0,75.06551638176637,92.0,93.0,93.14285714285715,96.0,92.0,90.0,96.0,smug
2026-01-01T12:07:28.689+00:00,939,replay,sample/replay,engine/SID807,decoded CSV,100%,2.1645026649217036,0.0,1.034,CLIMBING,↑,1612.0,57.787503,6,cruise,82.0,,22.0,18.0,25.0,17.0,25.0,17.0,82.0,8.0,82.0,normal,1140.0,158.0,238.0,-80.0,956.0,949.0,7.0,982.0,28.0,54.0,37.86948717948718,27.151153846153843,0.0,0.0,steady,20.400000000000002,25.0,361.0,338.0,-23.0,11.0,11.0,0.0,0.0,0.0,0.0,86.0,82.0,-4.0,14.3,3.6,454.0,28.0,321.870178,621.992371,10294.874728,940.0,164.0,14.855072463768115,0.0,0.0,0.0,0.0,86.59613272709204,94.0,74.44224715099715,92.0,93.0,93.14285714285715,96.0,92.0,90.0,96.0,smug
2026-01-01T12:07:29.186+00:00,940,replay,sample/replay,engine/SID807,decoded CSV,100%,2.012072519547206,0.0,1.04,CLIMBING,↑,1604.0,57.166132,6,decelerating,83.0,,22.0,18.0,26.0,17.0,26.0,17.0,83.0,9.0,83.0,normal,1176.0,193.0,250.0,-57.0,985.0,974.0,11.0,983.0,31.0,55.0,39.121538461538464,29.79153846153846,-0.5589088602945194,-0.05699284264193373,easing,22.0,25.0,370.0,372.0,2.0,8.0,7.0,-1.0,0.0,0.0,0.0,87.0,85.0,-2.0,14.5,3.6,454.0,31.0,321.870178,621.992371,10294.874728,940.0,164.0,14.855072463768115,0.0,0.0,0.0,0.0,86.21655982905982,94.0,73.35413817663817,92.0,93.0,93.14285714285715,96.0,92.0,90.0,96.0,smug
2026-01-01T12:07:29.618+00:00,941,replay,sample/replay,engine/SID807,decoded CSV,100%,2.3148139563120194,0.0,1.04,CLIMBING,↑,1598.0,57.166132,6,cruise,83.0,,22.0,18.0,26.0,17.0,26.0,17.0,83.0,9.0,83.0,normal,1212.0,229.0,265.0,-36.0,980.0,972.0,8.0,983.0,33.0,55.0,39.45051282051282,30.71801282051282,0.0,0.0,steady,22.5,25.0,380.0,377.0,-3.0,9.0,8.0,-1.0,0.0,0.0,0.0,87.0,86.0,-1.0,14.3,3.6,454.0,33.0,321.870178,621.992371,10294.874728,940.0,164.0,14.855072463768115,0.0,0.0,0.0,0.0,86.12880267342477,94.0,73.10256766381767,92.0,93.0,93.14285714285715,96.0,92.0,90.0,96.0,smug
2026-01-01T12:07:30.070+00:00,942,replay,sample/replay,engine/SID807,decoded CSV,100%,2.2123898566587106,0.0,1.04,CLIMBING,↑,1596.0,57.787503,6,accelerating,83.0,,22.0,18.0,26.0,17.0,26.0,17.0,83.0,9.0,83.0,normal,1242.0,260.0,308.0,-48.0,1000.0,998.0,2.0,982.0,33.0,55.0,40.82307692307692,32.84307692307693,0.6145525478328885,0.06266691967520902,gaining,24.5,25.0,407.0,396.0,-11.0,7.0,8.0,1.0,0.0,0.0,0.0,88.0,86.0,-2.0,14.5,3.6,454.0,33.0,321.870178,621.992371,10294.874728,940.0,164.0,14.855072463768115,0.0,0.0,0.0,0.0,85.77036126018685,94.0,72.07503561253561,92.0,93.0,93.14285714285715,96.0,92.0,90.0,96.0,smug
2026-01-01T12:07:30.525+00:00,943,replay,sample/replay,engine/SID807,decoded CSV,100%,2.197802566327536,0.0,1.04,CLIMBING,↑,1608.0,57.166132,6,decelerating,83.0,,22.0,18.0,26.0,17.0,26.0,17.0,83.0,9.0,83.0,normal,1266.0,283.0,288.0,-5.0,991.0,987.0,4.0,983.0,35.0,55.0,40.20358974358975,32.41025641025641,-0.6105005239944948,-0.062253728234870714,easing,23.6,25.0,395.0,384.0,-11.0,9.0,8.0,-1.0,0.0,0.0,0.0,87.0,87.0,0.0,14.5,3.6,454.0,35.0,321.870178,621.992371,10294.874728,940.0,164.0,14.855072463768115,0.0,0.0,0.0,0.0,85.93189972172532,94.0,72.53811253561253,92.0,93.0,93.14285714285715,96.0,92.0,90.0,96.0,smug
2026-01-01T12:07:31.010+00:00,944,replay,sample/replay,engine/SID807,decoded CSV,100%,2.0618551025002976,0.0,1.04,CLIMBING,↑,1599.0,57.166132,6,cruise,83.0,,22.0,18.0,25.0,17.0,25.0,17.0,83.0,8.0,83.0,normal,1283.0,300.0,279.0,21.0,990.0,990.0,0.0,983.0,35.0,55.0,40.095128205128205,33.21846153846154,0.0,0.0,steady,23.5,25.0,389.0,400.0,11.0,10.0,9.0,-1.0,0.0,0.0,0.0,87.0,87.0,0.0,14.3,3.6,454.0,35.0,321.870178,621.992371,10294.874728,940.0,164.0,14.855072463768115,0.0,0.0,0.0,0.0,85.95503254820116,94.0,72.60442663817663,92.0,93.0,93.14285714285715,96.0,92.0,90.0,96.0,smug
2026-01-01T12:07:31.798+00:00,945,replay,sample/replay,engine/SID807,decoded CSV,100%,1.2690357449416978,0.0,1.04,CLIMBING,↑,1603.0,57.166132,6,cruise,84.0,,22.0,18.0,25.0,17.0,25.0,17.0,84.0,8.0,84.0,normal,1283.0,299.0,288.0,11.0,995.0,990.0,5.0,984.0,34.0,55.0,40.22358974358975,32.761923076923075,0.0,0.0,steady,23.6,25.0,395.0,386.0,-9.0,10.0,10.0,0.0,0.0,0.0,0.0,87.0,87.0,0.0,14.5,3.6,454.0,34.0,321.870178,621.992371,10294.874728,940.0,164.0,14.855072463768115,0.0,0.0,0.0,0.0,85.92928344265555,94.0,72.53061253561253,92.0,93.0,93.14285714285715,96.0,92.0,90.0,96.0,smug
2026-01-01T12:07:32.308+00:00,946,replay,sample/replay,engine/SID807,decoded CSV,100%,1.9607843503911702,0.0,1.04,CLIMBING,↑,1603.0,57.166132,6,cruise,84.0,,22.0,18.0,25.0,17.0,25.0,17.0,84.0,8.0,84.0,normal,1277.0,294.0,292.0,2.0,978.0,986.0,-8.0,983.0,34.0,54.0,39.963846153846156,32.26717948717949,0.0,0.0,steady,23.8,25.0,398.0,376.0,-22.0,10.0,10.0,0.0,0.0,0.0,0.0,87.0,87.0,0.0,14.5,3.6,454.0,34.0,321.870178,621.992371,10294.874728,940.0,164.0,14.855072463768115,0.0,0.0,0.0,0.0,86.01804685947128,94.0,72.78506766381766,92.0,93.0,93.14285714285715,96.0,92.0,90.0,96.0,smug
2026-01-01T12:07:32.812+00:00,947,replay,sample/replay,engine/SID807,decoded CSV,100%,1.984126248267445,0.0,1.046,CLIMBING,↑,1603.0,57.166132,6,cruise,84.0,,22.0,18.0,25.0,17.0,25.0,17.0,84.0,8.0,84.0,normal,1292.0,309.0,324.0,-15.0,1007.0,1005.0,2.0,983.0,37.0,54.0,40.91051282051282,34.93551282051283,0.0,0.0,steady,25.1,25.0,421.0,422.0,1.0,6.0,7.0,1.0,0.0,0.0,0.0,88.0,87.0,-1.0,14.5,3.6,458.0,37.0,321.870178,621.992371,10294.874728,940.0,164.0,14.855072463768115,0.0,0.0,0.0,0.0,85.7779305804015,94.0,72.09673433048432,92.0,93.0,93.14285714285715,96.0,92.0,90.0,96.0,smug
2026-01-01T12:07:33.297+00:00,948,replay,sample/replay,engine/SID807,decoded CSV,100%,2.061856116076937,0.0,1.046,CLIMBING,↑,1607.0,57.787503,6,accelerating,84.0,,22.0,18.0,25.0,17.0,25.0,17.0,84.0,8.0,84.0,normal,1311.0,328.0,303.0,25.0,995.0,998.0,-3.0,983.0,38.0,54.0,40.34615384615385,34.27782051282051,0.5727376328300419,0.05840298499793935,gaining,24.3,25.0,404.0,406.0,2.0,9.0,7.0,-2.0,0.0,0.0,0.0,87.0,87.0,0.0,14.5,3.6,458.0,38.0,321.870178,621.992371,10294.874728,940.0,164.0,14.855072463768115,0.0,0.0,0.0,0.0,85.92331295965016,94.0,72.51349715099714,92.0,93.0,93.14285714285715,96.0,92.0,90.0,96.0,smug
2026-01-01T12:07:33.778+00:00,949,replay,sample/replay,engine/SID807,decoded CSV,100%,2.0790023098351393,0.0,1.046,CLIMBING,↑,1607.0,57.787503,6,cruise,84.0,,22.0,18.0,25.0,17.0,25.0,17.0,84.0,8.0,84.0,normal,1319.0,336.0,278.0,58.0,997.0,992.0,5.0,983.0,36.0,54.0,39.74846153846154,34.19179487179487,0.0,0.0,steady,23.5,25.0,387.0,408.0,21.0,11.0,10.0,-1.0,0.0,0.0,0.0,86.0,87.0,1.0,14.5,3.6,458.0,36.0,321.870178,621.992371,10294.874728,940.0,164.0,14.855072463768115,0.0,0.0,0.0,0.0,86.0730558040151,94.0,72.94275997150996,92.0,93.0,93.14285714285715,96.0,92.0,90.0,96.0,smug
2026-01-01T12:07:34.249+00:00,950,replay,sample/replay,engine/SID807,decoded CSV,100%,2.1231424482806274,0.0,1.046,CLIMBING,↑,1607.0,57.787503,6,cruise,84.0,,22.0,18.0,25.0,17.0,25.0,17.0,84.0,8.0,84.0,normal,1290.0,306.0,228.0,78.0,968.0,970.0,-2.0,984.0,34.0,54.0,38.255641025641026,30.402307692307694,0.0,0.0,steady,21.3,25.0,355.0,348.0,-7.0,15.0,14.0,-1.0,0.0,0.0,0.0,83.0,87.0,4.0,14.5,3.6,458.0,34.0,321.870178,621.992371,10294.874728,940.0,164.0,14.855072463768115,0.0,0.0,0.0,0.0,86.46511752136753,94.0,74.06667022792023,92.0,93.0,93.14285714285715,96.0,92.0,90.0,96.0,smug
2026-01-01T12:07:34.724+00:00,951,replay,sample/replay,engine/SID807,decoded CSV,100%,2.1052625238732214,0.0,1.046,CLIMBING,↑,1611.0,57.787503,6,cruise,84.0,,22.0,18.0,24.0,17.0,24.0,17.0,84.0,7.0,84.0,normal,1253.0,270.0,212.0,58.0,957.0,953.0,4.0,983.0,32.0,54.0,37.48230769230769,28.04230769230769,0.0,0.0,steady,20.0,25.0,347.0,316.0,-31.0,17.0,17.0,0.0,0.0,0.0,0.0,81.0,85.0,4.0,14.5,3.6,458.0,32.0,321.870178,621.992371,10294.874728,940.0,164.0,14.855072463768115,0.0,0.0,0.0,0.0,86.68255938183263,94.0,74.69000356125355,92.0,93.0,93.14285714285715,96.0,92.0,90.0,96.0,smug
2026-01-01T12:07:35.181+00:00,952,replay,sample/replay,engine/SID807,decoded CSV,100%,2.1881837252458136,0.0,1.046,CLIMBING,↑,1605.0,57.787503,6,cruise,84.0,,22.0,18.0,24.0,17.0,24.0,17.0,84.0,7.0,84.0,normal,1221.0,237.0,186.0,51.0,939.0,934.0,5.0,984.0,31.0,54.0,36.48025641025641,27.599423076923078,0.0,0.0,steady,18.400000000000002,25.0,337.0,339.0,2.0,17.0,17.0,0.0,0.0,0.0,0.0,77.0,82.0,5.0,14.3,3.6,458.0,31.0,321.870178,621.992371,10294.874728,940.0,164.0,14.855072463768115,0.0,0.0,0.0,0.0,86.95675437288808,94.0,75.4760292022792,92.0,93.0,93.14285714285715,96.0,92.0,90.0,96.0,smug
2026-01-01T12:07:35.651+00:00,953,replay,sample/replay,engine/SID807,decoded CSV,100%,2.127659444951436,0.0,1.046,CLIMBING,↑,1610.0,57.787503,6,cruise,84.0,,22.0,18.0,24.0,17.0,24.0,17.0,84.0,7.0,84.0,normal,1189.0,206.0,200.0,6.0,914.0,922.0,-8.0,983.0,29.0,54.0,36.578717948717944,26.07121794871795,0.0,0.0,steady,18.5,25.0,343.0,315.0,-28.0,17.0,18.0,1.0,0.0,0.0,0.0,79.0,80.0,1.0,14.5,3.6,458.0,29.0,321.870178,621.992371,10294.874728,940.0,164.0,14.855072463768115,0.0,0.0,0.0,0.0,86.93492968594713,94.0,75.4134650997151,92.0,93.0,93.14285714285715,96.0,92.0,90.0,96.0,smug
2026-01-01T12:07:36.141+00:00,954,replay,sample/replay,engine/SID807,decoded CSV,100%,2.040816286810733,0.0,1.046,CLIMBING,↑,1605.0,57.787503,6,cruise,84.0,,22.0,18.0,24.0,17.0,24.0,17.0,84.0,7.0,84.0,normal,1177.0,193.0,203.0,-10.0,945.0,948.0,-3.0,984.0,29.0,54.0,37.166666666666664,27.55416666666667,0.0,0.0,steady,19.5,25.0,344.0,345.0,1.0,14.0,15.0,1.0,0.0,0.0,0.0,79.0,80.0,1.0,14.3,3.6,458.0,29.0,321.870178,621.992371,10294.874728,940.0,164.0,14.855072463768115,0.0,0.0,0.0,0.0,86.76857235142118,94.0,74.93657407407407,92.0,93.0,93.14285714285715,96.0,92.0,90.0,96.0,smug
2026-01-01T12:07:36.616+00:00,955,replay,sample/replay,engine/SID807,decoded CSV,100%,2.105263580575959,0.0,1.046,CLIMBING,↑,1601.0,57.166132,6,decelerating,84.0,,22.0,18.0,24.0,17.0,24.0,17.0,84.0,7.0,84.0,normal,1172.0,188.0,203.0,-15.0,935.0,938.0,-3.0,984.0,29.0,54.0,37.02307692307692,27.538910256410254,-0.5847952581272071,-0.05963252059849257,easing,19.3,25.0,344.0,351.0,7.0,14.0,14.0,0.0,0.0,0.0,0.0,80.0,79.0,-1.0,14.3,3.6,458.0,29.0,321.870178,621.992371,10294.874728,940.0,164.0,14.855072463768115,0.0,0.0,0.0,0.0,86.80524498111708,94.0,75.04170227920228,92.0,93.0,93.14285714285715,96.0,92.0,90.0,96.0,smug
2026-01-01T12:07:37.063+00:00,956,replay,sample/replay,engine/SID807,decoded CSV,100%,2.2371363316823603,0.0,1.046,CLIMBING,↑,1596.0,57.166132,6,cruise,84.0,,22.0,18.0,24.0,17.0,24.0,17.0,84.0,7.0,84.0,normal,1177.0,193.0,245.0,-52.0,956.0,956.0,0.0,984.0,31.0,54.0,38.37076923076923,28.66576923076923,0.0,0.0,steady,21.400000000000002,25.0,368.0,354.0,-14.0,11.0,12.0,1.0,0.0,0.0,0.0,85.0,82.0,-3.0,14.3,3.6,458.0,31.0,321.870178,621.992371,10294.874728,940.0,164.0,14.855072463768115,0.0,0.0,0.0,0.0,86.44111260186841,94.0,73.99785612535612,92.0,93.0,93.14285714285715,96.0,92.0,90.0,96.0,smug
2026-01-01T12:07:37.527+00:00,957,replay,sample/replay,engine/SID807,decoded CSV,100%,2.15517247580745,0.0,1.046,CLIMBING,↑,1600.0,57.166132,6,cruise,84.0,,22.0,18.0,24.0,17.0,24.0,17.0,84.0,7.0,84.0,normal,1212.0,229.0,337.0,-108.0,997.0,1000.0,-3.0,983.0,37.0,55.0,41.43410256410256,33.752435897435895,0.0,0.0,steady,25.3,25.0,432.0,426.0,-6.0,2.0,2.0,0.0,0.0,0.0,0.0,87.0,85.0,-2.0,14.5,3.6,458.0,37.0,321.870178,621.992371,10294.874728,940.0,164.0,14.855072463768115,0.0,0.0,0.0,0.0,84.58786647783742,94.0,71.64077279202279,92.0,86.66666666666667,92.75324675324676,96.0,92.0,88.36363636363636,96.0,smug
2026-01-01T12:07:38.018+00:00,958,replay,sample/replay,engine/SID807,decoded CSV,100%,2.0366601388849097,0.0,1.046,CLIMBING,↑,1593.0,57.166132,6,cruise,83.0,,22.0,18.0,25.0,17.0,25.0,17.0,83.0,8.0,83.0,normal,1311.0,328.0,358.0,-30.0,1032.0,1019.0,13.0,983.0,43.0,55.0,42.23230769230769,39.111474358974355,0.0,0.0,steady,26.5,25.0,448.0,507.0,59.0,4.0,2.0,-2.0,0.0,0.0,0.0,86.0,85.0,-1.0,14.5,3.6,458.0,43.0,321.870178,621.992371,10294.874728,940.0,164.0,14.855072463768115,0.0,0.0,0.0,0.0,85.407123335321,94.0,71.03375356125356,92.0,93.0,93.14285714285715,96.0,92.0,90.0,96.0,smug
2026-01-01T12:07:38.486+00:00,959,replay,sample/replay,engine/SID807,decoded CSV,100%,2.1367524328377825,0.0,1.046,CLIMBING,↑,1598.0,57.166132,6,cruise,83.0,,22.0,18.0,25.0,17.0,25.0,17.0,83.0,8.0,83.0,normal,1370.0,386.0,418.0,-32.0,1029.0,1025.0,4.0,984.0,44.0,55.0,43.56076923076923,39.97576923076923,0.0,0.0,steady,27.900000000000002,26.0,493.0,490.0,-3.0,3.0,3.0,0.0,0.0,0.0,0.0,86.0,85.0,-1.0,14.3,3.6,458.0,44.0,321.870178,621.992371,10294.874728,940.0,164.0,14.855072463768115,0.0,0.0,0.0,0.0,85.07904864838005,94.0,70.09327279202279,92.0,93.0,93.14285714285715,96.0,92.0,90.0,96.0,smug
2026-01-01T12:07:38.957+00:00,960,replay,sample/replay,engine/SID807,decoded CSV,100%,2.1231413735536706,0.0,1.046,CLIMBING,↑,1602.0,57.166132,6,cruise,83.0,,22.0,18.0,25.0,17.0,25.0,17.0,83.0,8.0,83.0,normal,1419.0,435.0,397.0,38.0,1023.0,1033.0,-10.0,984.0,46.0,55.0,43.36948717948718,41.63115384615384,0.0,0.0,steady,28.200000000000003,25.0,478.0,510.0,32.0,4.0,3.0,-1.0,0.0,0.0,0.0,85.0,85.0,0.0,14.5,3.6,458.0,46.0,321.870178,621.992371,10294.874728,940.0,164.0,14.855072463768115,0.0,0.0,0.0,0.0,85.10630714569669,94.0,70.1714138176638,92.0,93.0,93.14285714285715,96.0,92.0,90.0,96.0,smug
2026-01-01T12:07:39.440+00:00,961,replay,sample/replay,engine/SID807,decoded CSV,100%,2.0703942250356393,0.0,1.046,CLIMBING,↑,1602.0,57.166132,6,cruise,83.0,,22.0,18.0,25.0,17.0,25.0,17.0,83.0,8.0,83.0,normal,1422.0,438.0,379.0,59.0,1031.0,1024.0,7.0,984.0,44.0,55.0,42.70641025641025,39.88641025641026,0.0,0.0,steady,27.1,25.0,464.0,472.0,8.0,8.0,7.0,-1.0,0.0,0.0,0.0,84.0,84.0,0.0,14.5,3.6,458.0,44.0,321.870178,621.992371,10294.874728,940.0,164.0,14.855072463768115,0.0,0.0,0.0,0.0,85.29143684158218,94.0,70.70211894586895,92.0,93.0,93.14285714285715,96.0,92.0,90.0,96.0,smug
2026-01-01T12:07:39.921+00:00,962,replay,sample/replay,engine/SID807,decoded CSV,100%,2.0790012793308024,0.0,1.051,CLIMBING,↑,1598.0,57.166132,6,cruise,83.0,,22.0,18.0,24.0,17.0,24.0,17.0,83.0,7.0,83.0,normal,1397.0,415.0,383.0,32.0,1019.0,1020.0,-1.0,982.0,43.0,55.0,42.681282051282054,38.321282051282054,0.0,0.0,steady,27.0,25.0,466.0,444.0,-22.0,8.0,9.0,1.0,0.0,0.0,0.0,84.0,84.0,0.0,14.5,3.6,458.0,43.0,321.870178,621.992371,10294.874728,940.0,164.0,14.855072463768115,0.0,0.0,0.0,0.0,85.30366850526735,94.0,70.73718304843305,92.0,93.0,93.14285714285715,96.0,92.0,90.0,96.0,smug
2026-01-01T12:07:40.391+00:00,963,replay,sample/replay,engine/SID807,decoded CSV,100%,2.127659444951436,0.0,1.051,CLIMBING,↑,1599.0,57.166132,6,cruise,82.0,,22.0,18.0,24.0,17.0,24.0,17.0,82.0,7.0,82.0,normal,1392.0,409.0,470.0,-61.0,1034.0,1036.0,-2.0,983.0,46.0,55.0,44.73102564102564,41.72269230769231,0.0,0.0,steady,29.400000000000002,26.0,529.0,510.0,-19.0,1.0,2.0,1.0,0.0,0.0,0.0,85.0,84.0,-1.0,14.5,3.6,454.0,46.0,321.870178,621.992371,10294.874728,940.0,164.0,14.855072463768115,0.0,0.0,0.0,0.0,84.80594556803374,94.0,69.31037729503007,92.0,93.0,93.14285714285715,96.0,92.0,90.0,96.0,smug
2026-01-01T12:07:40.868+00:00,964,replay,sample/replay,engine/SID807,decoded CSV,100%,2.0964360670830913,0.0,1.051,CLIMBING,↑,1597.0,57.166132,6,cruise,82.0,,22.0,18.0,24.0,17.0,24.0,17.0,82.0,7.0,82.0,normal,1454.0,471.0,439.0,32.0,1033.0,1035.0,-2.0,983.0,50.0,55.0,43.99512820512821,43.97346153846154,0.0,0.0,steady,28.700000000000003,25.0,506.0,550.0,44.0,3.0,2.0,-1.0,0.0,0.0,0.0,83.0,84.0,1.0,14.5,3.6,454.0,50.0,321.870178,621.992371,10294.874728,940.0,164.0,14.855072463768115,0.0,0.0,0.0,0.0,84.98345128260341,94.0,69.81922701012978,92.0,93.0,93.14285714285715,96.0,92.0,90.0,96.0,smug
2026-01-01T12:07:41.371+00:00,965,replay,sample/replay,engine/SID807,decoded CSV,100%,1.9880714876512926,0.0,1.051,CLIMBING,↑,1603.0,57.166132,6,cruise,82.0,,22.0,18.0,24.0,17.0,24.0,17.0,82.0,7.0,82.0,normal,1449.0,466.0,388.0,78.0,1024.0,1033.0,-9.0,983.0,46.0,55.0,43.241025641025644,40.844358974358975,0.0,0.0,steady,28.1,25.0,468.0,476.0,8.0,9.0,8.0,-1.0,0.0,0.0,0.0,81.0,82.0,1.0,14.3,3.6,454.0,46.0,321.870178,621.992371,10294.874728,940.0,164.0,14.855072463768115,0.0,0.0,0.0,0.0,85.1320562512423,94.0,70.24522792022792,92.0,93.0,93.14285714285715,96.0,92.0,90.0,96.0,smug
2026-01-01T12:07:42.107+00:00,966,replay,sample/replay,engine/SID807,decoded CSV,100%,1.358695979633347,0.0,1.051,CLIMBING,↑,1603.0,57.166132,6,cruise,81.0,,22.0,18.0,24.0,17.0,24.0,17.0,81.0,7.0,81.0,normal,1400.0,416.0,368.0,48.0,1027.0,1021.0,6.0,984.0,41.0,54.0,41.99564102564103,37.24064102564103,0.0,0.0,steady,26.5,25.0,456.0,418.0,-38.0,13.0,15.0,2.0,0.0,0.0,0.0,82.0,81.0,-1.0,14.5,3.6,454.0,41.0,321.870178,621.992371,10294.874728,940.0,164.0,14.855072463768115,0.0,0.0,0.0,0.0,85.51075705625125,94.0,71.3308368945869,92.0,93.0,93.14285714285715,96.0,92.0,90.0,96.0,smug
2026-01-01T12:07:42.555+00:00,967,replay,sample/replay,engine/SID807,decoded CSV,100%,2.232143085221878,0.0,1.051,CLIMBING,↑,1604.0,57.787503,6,accelerating,81.0,,22.0,18.0,24.0,17.0,24.0,17.0,81.0,7.0,81.0,normal,1365.0,382.0,407.0,-25.0,1034.0,1030.0,4.0,983.0,42.0,54.0,43.09564102564102,39.32397435897436,0.6200395540695532,0.06322643859723283,gaining,27.8,26.0,482.0,474.0,-8.0,4.0,5.0,1.0,0.0,0.0,0.0,82.0,82.0,0.0,14.3,3.6,454.0,42.0,321.870178,621.992371,10294.874728,940.0,164.0,14.855072463768115,0.0,0.0,0.0,0.0,85.22151287020475,94.0,70.50167022792023,92.0,93.0,93.14285714285715,96.0,92.0,90.0,96.0,smug
2026-01-01T12:07:42.995+00:00,968,replay,sample/replay,engine/SID807,decoded CSV,100%,2.272726977167089,0.0,1.051,CLIMBING,↑,1604.0,57.787503,6,cruise,81.0,,22.0,18.0,24.0,17.0,24.0,17.0,81.0,7.0,81.0,normal,1383.0,400.0,354.0,46.0,1020.0,1025.0,-5.0,983.0,45.0,54.0,41.88230769230769,39.33064102564103,0.0,0.0,steady,26.5,25.0,442.0,482.0,40.0,8.0,5.0,-3.0,0.0,0.0,0.0,82.0,82.0,0.0,14.5,3.6,454.0,45.0,321.870178,621.992371,10294.874728,940.0,164.0,14.855072463768115,0.0,0.0,0.0,0.0,85.52558263764658,94.0,71.37333689458688,92.0,93.0,93.14285714285715,96.0,92.0,90.0,96.0,smug
2026-01-01T12:07:43.438+00:00,969,replay,sample/replay,engine/SID807,decoded CSV,100%,2.257335944635233,0.0,1.051,CLIMBING,↑,1603.0,57.166132,6,decelerating,81.0,,22.0,18.0,24.0,17.0,24.0,17.0,81.0,7.0,81.0,normal,1370.0,387.0,339.0,48.0,1020.0,1014.0,6.0,983.0,41.0,54.0,41.312820512820515,37.114487179487185,-0.6270375684082446,-0.06394003746521439,easing,25.6,25.0,432.0,438.0,6.0,12.0,11.0,-1.0,0.0,0.0,0.0,81.0,81.0,0.0,14.3,3.6,454.0,41.0,321.870178,621.992371,10294.874728,940.0,164.0,14.855072463768115,0.0,0.0,0.0,0.0,85.68058040151065,94.0,71.81766381766381,92.0,93.0,93.14285714285715,96.0,92.0,90.0,96.0,smug
2026-01-01T12:07:43.878+00:00,970,replay,sample/replay,engine/SID807,decoded CSV,100%,2.272726977167089,0.0,1.051,CLIMBING,↑,1600.0,57.166132,6,cruise,81.0,,22.0,18.0,24.0,17.0,24.0,17.0,81.0,7.0,81.0,normal,1339.0,357.0,349.0,8.0,1000.0,1010.0,-10.0,982.0,40.0,54.0,41.463076923076926,35.57307692307692,0.0,0.0,steady,25.8,25.0,439.0,412.0,-27.0,11.0,12.0,1.0,0.0,0.0,0.0,81.0,81.0,0.0,14.5,3.6,454.0,40.0,321.870178,621.992371,10294.874728,940.0,164.0,14.855072463768115,0.0,0.0,0.0,0.0,85.64303567879149,94.0,71.7100356125356,92.0,93.0,93.14285714285715,96.0,92.0,90.0,96.0,smug
2026-01-01T12:07:44.326+00:00,971,replay,sample/replay,engine/SID807,decoded CSV,100%,2.232143085221878,0.0,1.051,CLIMBING,↑,1605.0,57.166132,6,cruise,81.0,,22.0,18.0,23.0,17.0,23.0,17.0,81.0,6.0,81.0,normal,1328.0,345.0,404.0,-59.0,1012.0,1026.0,-14.0,983.0,41.0,54.0,42.81205128205128,37.512051282051274,0.0,0.0,steady,27.6,25.0,482.0,448.0,-34.0,3.0,4.0,1.0,0.0,0.0,0.0,82.0,82.0,0.0,14.5,3.6,454.0,41.0,321.870178,621.992371,10294.874728,940.0,164.0,14.855072463768115,0.0,0.0,0.0,0.0,85.30556922083086,94.0,70.74263176638178,92.0,93.0,93.14285714285715,96.0,92.0,90.0,96.0,smug
2026-01-01T12:07:44.742+00:00,972,replay,sample/replay,engine/SID807,decoded CSV,100%,2.4038467930973217,0.0,1.051,CLIMBING,↑,1600.0,57.166132,6,cruise,81.0,,22.0,18.0,24.0,17.0,24.0,17.0,81.0,7.0,81.0,normal,1382.0,399.0,424.0,-25.0,1029.0,1035.0,-6.0,983.0,48.0,54.0,43.3797435897436,42.37891025641026,0.0,0.0,steady,28.400000000000002,25.0,497.0,543.0,46.0,2.0,1.0,-1.0,0.0,0.0,0.0,82.0,82.0,0.0,14.5,3.6,454.0,48.0,321.870178,621.992371,10294.874728,940.0,164.0,14.855072463768115,0.0,0.0,0.0,0.0,85.15975079507056,94.0,70.32461894586895,92.0,93.0,93.14285714285715,96.0,92.0,90.0,96.0,smug
2026-01-01T12:07:45.206+00:00,973,replay,sample/replay,engine/SID807,decoded CSV,100%,2.15517247580745,0.0,1.051,CLIMBING,↑,1605.0,57.166132,6,cruise,80.0,,22.0,18.0,24.0,17.0,24.0,17.0,80.0,7.0,80.0,normal,1421.0,438.0,425.0,13.0,1021.0,1031.0,-10.0,983.0,49.0,54.0,43.324615384615385,42.241282051282056,0.0,0.0,steady,28.3,25.0,498.0,524.0,26.0,4.0,3.0,-1.0,0.0,0.0,0.0,81.0,82.0,1.0,14.5,3.6,454.0,49.0,321.870178,621.992371,10294.874728,940.0,164.0,14.855072463768115,0.0,0.0,0.0,0.0,85.17590687736038,94.0,70.37093304843305,92.0,93.0,93.14285714285715,96.0,92.0,90.0,96.0,smug
2026-01-01T12:07:45.637+00:00,974,replay,sample/replay,engine/SID807,decoded CSV,100%,2.3201856456524563,0.0,1.051,CLIMBING,↑,1604.0,57.166132,6,cruise,80.0,,22.0,18.0,24.0,17.0,24.0,17.0,80.0,7.0,80.0,normal,1437.0,453.0,442.0,11.0,1028.0,1036.0,-8.0,984.0,49.0,54.0,43.72025641025641,42.20192307692308,0.0,0.0,steady,28.8,25.0,510.0,510.0,0.0,3.0,3.0,0.0,0.0,0.0,0.0,81.0,82.0,1.0,14.5,3.6,451.0,49.0,321.870178,621.992371,10294.874728,940.0,164.0,14.855072463768115,0.0,0.0,0.0,0.0,85.07942879149273,94.0,70.09436253561253,92.0,93.0,93.14285714285715,96.0,92.0,90.0,96.0,smug
2026-01-01T12:07:46.088+00:00,975,replay,sample/replay,engine/SID807,decoded CSV,100%,2.2172950221264083,0.0,1.051,CLIMBING,↑,1600.0,57.166132,6,cruise,80.0,,22.0,18.0,24.0,17.0,24.0,17.0,80.0,7.0,80.0,normal,1437.0,454.0,426.0,28.0,1025.0,1033.0,-8.0,983.0,49.0,54.0,43.30948717948718,41.65448717948718,0.0,0.0,steady,28.200000000000003,25.0,498.0,502.0,4.0,5.0,5.0,0.0,0.0,0.0,0.0,81.0,81.0,0.0,14.3,3.6,451.0,49.0,321.870178,621.992371,10294.874728,940.0,164.0,14.855072463768115,0.0,0.0,0.0,0.0,85.18683040151063,94.0,70.40224715099714,92.0,93.0,93.14285714285715,96.0,92.0,90.0,96.0,smug
2026-01-01T12:07:46.528+00:00,976,replay,sample/replay,engine/SID807,decoded CSV,100%,2.272726977167089,0.0,1.057,CLIMBING,↑,1601.0,57.166132,6,cruise,80.0,,22.0,18.0,24.0,17.0,24.0,17.0,80.0,7.0,80.0,normal,1426.0,444.0,433.0,11.0,1021.0,1033.0,-12.0,982.0,47.0,54.0,43.45641025641026,40.94141025641026,0.0,0.0,steady,28.400000000000002,25.0,502.0,486.0,-16.0,5.0,6.0,1.0,0.0,0.0,0.0,81.0,81.0,0.0,14.3,3.6,451.0,47.0,321.870178,621.992371,10294.874728,940.0,164.0,14.855072463768115,0.0,0.0,0.0,0.0,85.14972172530311,94.0,70.29586894586893,92.0,93.0,93.14285714285715,96.0,92.0,90.0,96.0,smug
2026-01-01T12:07:46.986+00:00,977,replay,sample/replay,engine/SID807,decoded CSV,100%,2.183406377229253,0.0,1.057,CLIMBING,↑,1601.0,57.166132,6,cruise,80.0,,22.0,18.0,24.0,17.0,24.0,17.0,80.0,7.0,80.0,normal,1423.0,441.0,439.0,2.0,1040.0,1034.0,6.0,982.0,48.0,54.0,43.6,41.620000000000005,0.0,0.0,steady,28.6,25.0,506.0,500.0,-6.0,5.0,5.0,0.0,0.0,0.0,0.0,81.0,81.0,0.0,14.5,3.6,451.0,48.0,321.870178,621.992371,10294.874728,940.0,164.0,14.855072463768115,0.0,0.0,0.0,0.0,85.11304909560724,94.0,70.19074074074074,92.0,93.0,93.14285714285715,96.0,92.0,90.0,96.0,smug
2026-01-01T12:07:47.427+00:00,978,replay,sample/replay,engine/SID807,decoded CSV,100%,2.2675725486825082,0.0,1.057,CLIMBING,↑,1594.0,57.166132,6,cruise,80.0,,22.0,18.0,24.0,17.0,24.0,17.0,80.0,7.0,80.0,normal,1429.0,446.0,461.0,-15.0,1046.0,1038.0,8.0,983.0,50.0,54.0,44.265897435897436,43.03923076923078,0.0,0.0,steady,29.3,26.0,522.0,528.0,6.0,3.0,3.0,0.0,0.0,0.0,0.0,81.0,81.0,0.0,14.5,3.6,451.0,50.0,321.870178,621.992371,10294.874728,940.0,164.0,14.855072463768115,0.0,0.0,0.0,0.0,84.94049511086817,94.0,69.69608598448876,92.0,93.0,93.14285714285715,96.0,92.0,90.0,96.0,smug
2026-01-01T12:07:47.919+00:00,979,replay,sample/replay,engine/SID807,decoded CSV,100%,2.0325208846494736,0.0,1.057,CLIMBING,↑,1609.0,57.787503,6,accelerating,80.0,,22.0,18.0,24.0,17.0,24.0,17.0,80.0,7.0,80.0,normal,1450.0,467.0,479.0,-12.0,1040.0,1040.0,0.0,983.0,51.0,55.0,44.77461538461539,43.66461538461539,0.5645889599545288,0.057572051613397936,gaining,29.6,25.0,534.0,532.0,-2.0,2.0,2.0,0.0,0.0,0.0,0.0,81.0,81.0,0.0,14.5,3.6,448.0,51.0,321.870178,621.992371,10294.874728,940.0,164.0,14.855072463768115,0.0,0.0,0.0,0.0,84.81111973817885,94.0,69.32520991611268,92.0,93.0,93.14285714285715,96.0,92.0,90.0,96.0,smug
2026-01-01T12:07:48.377+00:00,980,replay,sample/replay,engine/SID807,decoded CSV,100%,2.183406377229253,0.0,1.057,CLIMBING,↑,1603.0,57.166132,6,decelerating,80.0,,22.0,18.0,24.0,17.0,24.0,17.0,80.0,7.0,80.0,normal,1468.0,484.0,448.0,36.0,1048.0,1038.0,10.0,984.0,52.0,55.0,44.258974358974356,44.163974358974365,-0.6065015838154817,-0.06184594982134386,easing,29.1,25.0,514.0,542.0,28.0,4.0,3.0,-1.0,0.0,0.0,0.0,81.0,81.0,0.0,14.3,3.6,448.0,52.0,321.870178,621.992371,10294.874728,940.0,164.0,14.855072463768115,0.0,0.0,0.0,0.0,84.91706351178249,94.0,69.62891540044316,92.0,93.0,93.14285714285715,96.0,92.0,90.0,96.0,smug
2026-01-01T12:07:48.833+00:00,981,replay,sample/replay,engine/SID807,decoded CSV,100%,2.1929820250203518,0.0,1.057,CLIMBING,↑,1602.0,57.166132,6,cruise,80.0,,22.0,18.0,24.0,17.0,24.0,17.0,80.0,7.0,80.0,normal,1457.0,476.0,450.0,26.0,1045.0,1036.0,9.0,981.0,50.0,55.0,44.15025641025642,42.95442307692307,0.0,0.0,steady,28.8,25.0,514.0,517.0,3.0,5.0,6.0,1.0,0.0,0.0,0.0,80.0,80.0,0.0,14.5,3.6,448.0,50.0,321.870178,621.992371,10294.874728,940.0,164.0,14.855072463768115,0.0,0.0,0.0,0.0,84.95583810927803,94.0,69.74006924659702,92.0,93.0,93.14285714285715,96.0,92.0,90.0,96.0,smug
2026-01-01T12:07:49.265+00:00,982,replay,sample/replay,engine/SID807,decoded CSV,100%,2.3148152338461725,0.0,1.057,CLIMBING,↑,1605.0,57.166132,6,cruise,80.0,,22.0,18.0,23.0,17.0,23.0,17.0,80.0,6.0,80.0,normal,1441.0,458.0,465.0,-7.0,1027.0,1037.0,-10.0,983.0,49.0,55.0,44.49923076923077,42.43673076923078,0.0,0.0,steady,29.3,25.0,526.0,509.0,-17.0,4.0,5.0,1.0,0.0,0.0,0.0,81.0,80.0,-1.0,14.5,3.6,448.0,49.0,321.870178,621.992371,10294.874728,940.0,164.0,14.855072463768115,0.0,0.0,0.0,0.0,84.8704854209457,94.0,69.49539154004431,92.0,93.0,93.14285714285715,96.0,92.0,90.0,96.0,smug
2026-01-01T12:07:49.720+00:00,983,replay,sample/replay,engine/SID807,decoded CSV,100%,2.197801414686265,0.0,1.057,CLIMBING,↑,1601.0,57.166132,6,cruise,80.0,,22.0,18.0,23.0,17.0,23.0,17.0,80.0,6.0,80.0,normal,1454.0,472.0,586.0,-114.0,1033.0,1042.0,-9.0,982.0,52.0,55.0,46.011794871794876,44.27846153846154,0.0,0.0,steady,30.0,25.0,577.0,544.0,-33.0,1.0,2.0,1.0,0.0,0.0,0.0,83.0,81.0,-2.0,14.3,3.6,448.0,52.0,321.870178,621.992371,10294.874728,940.0,164.0,14.855072463768115,0.0,0.0,0.0,0.0,80.91323971929592,84.6875,68.79017608420385,92.0,86.16666666666667,92.62337662337661,96.0,92.0,87.81818181818181,96.0,smug
2026-01-01T12:07:50.224+00:00,984,replay,sample/replay,engine/SID807,decoded CSV,100%,1.984127186863892,0.0,1.057,CLIMBING,↑,1607.0,57.787503,6,accelerating,81.0,,22.0,18.0,24.0,17.0,24.0,17.0,81.0,7.0,81.0,normal,1496.0,513.0,576.0,-63.0,1056.0,1047.0,9.0,983.0,56.0,55.0,46.47974358974359,46.94474358974358,0.5511462702840474,0.05620127875309585,gaining,31.0,26.0,573.0,582.0,9.0,0.0,0.0,0.0,0.0,0.0,0.0,83.0,83.0,0.0,14.3,3.6,448.0,56.0,321.870178,621.992371,10294.874728,940.0,164.0,14.855072463768115,0.0,0.0,0.0,0.0,81.9605495235098,85.0625,68.30357530072808,92.0,93.0,93.14285714285715,96.0,92.0,90.0,96.0,smug
2026-01-01T12:07:50.670+00:00,985,replay,sample/replay,engine/SID807,decoded CSV,100%,2.2421531663440533,0.0,1.057,CLIMBING,↑,1605.0,57.787503,6,cruise,81.0,,22.0,18.0,24.0,17.0,24.0,17.0,81.0,7.0,81.0,normal,1506.0,524.0,423.0,101.0,1043.0,1034.0,9.0,982.0,52.0,55.0,43.674615384615386,43.29628205128206,0.0,0.0,steady,28.3,25.0,494.0,510.0,16.0,9.0,7.0,-2.0,0.0,0.0,0.0,79.0,82.0,3.0,14.5,3.6,448.0,52.0,321.870178,621.992371,10294.874728,940.0,164.0,14.855072463768115,0.0,0.0,0.0,0.0,84.12140106340688,94.0,70.03134971509971,92.0,87.25,92.90476190476191,96.0,92.0,89.0,96.0,smug
2026-01-01T12:07:51.141+00:00,986,replay,sample/replay,engine/SID807,decoded CSV,100%,2.1231413735536706,0.0,1.057,CLIMBING,↑,1606.0,57.787503,6,cruise,81.0,,22.0,18.0,23.0,17.0,23.0,17.0,81.0,6.0,81.0,normal,1448.0,465.0,403.0,62.0,1029.0,1033.0,-4.0,983.0,46.0,55.0,43.31410256410256,39.18160256410256,0.0,0.0,steady,27.900000000000002,25.0,478.0,433.0,-45.0,13.0,13.0,0.0,0.0,0.0,0.0,79.0,80.0,1.0,14.5,3.6,446.0,46.0,321.870178,621.992371,10294.874728,940.0,164.0,14.855072463768115,0.0,0.0,0.0,0.0,85.14038585768236,94.0,70.26910612535613,92.0,93.0,93.14285714285715,96.0,92.0,90.0,96.0,smug
2026-01-01T12:07:51.830+00:00,987,replay,sample/replay,engine/SID807,decoded CSV,100%,1.451379038885765,0.0,1.057,CLIMBING,↑,1606.0,57.787503,6,cruise,81.0,,22.0,18.0,23.0,17.0,23.0,17.0,81.0,6.0,81.0,normal,1365.0,382.0,373.0,9.0,1019.0,1026.0,-7.0,983.0,43.0,55.0,42.58282051282051,37.64698717948718,0.0,0.0,steady,26.900000000000002,25.0,457.0,441.0,-16.0,10.0,12.0,2.0,0.0,0.0,0.0,79.0,79.0,0.0,14.5,3.6,446.0,43.0,321.870178,621.992371,10294.874728,940.0,164.0,14.855072463768115,0.0,0.0,0.0,0.0,85.32549319220831,94.0,70.79974715099715,92.0,93.0,93.14285714285715,96.0,92.0,90.0,96.0,smug
2026-01-01T12:07:52.341+00:00,988,replay,sample/replay,engine/SID807,decoded CSV,100%,1.9569474765185657,0.0,1.057,CLIMBING,↑,1605.0,57.166132,6,decelerating,81.0,,22.0,18.0,23.0,17.0,23.0,17.0,81.0,6.0,81.0,normal,1345.0,362.0,357.0,5.0,1025.0,1021.0,4.0,983.0,41.0,55.0,42.12025641025642,37.38108974358974,-0.5435963530794428,-0.055431401455078216,easing,26.200000000000003,25.0,446.0,449.0,3.0,11.0,10.0,-1.0,0.0,0.0,0.0,80.0,79.0,-1.0,14.5,3.6,446.0,41.0,321.870178,621.992371,10294.874728,940.0,164.0,14.855072463768115,0.0,0.0,0.0,0.0,85.44861483800439,94.0,71.15269586894586,92.0,93.0,93.14285714285715,96.0,92.0,90.0,96.0,smug
2026-01-01T12:07:52.826+00:00,989,replay,sample/replay,engine/SID807,decoded CSV,100%,2.0618551025002976,0.0,1.063,CLIMBING,↑,1603.0,57.166132,6,cruise,81.0,,22.0,18.0,23.0,17.0,23.0,17.0,81.0,6.0,81.0,normal,1335.0,353.0,397.0,-44.0,1022.0,1028.0,-6.0,982.0,43.0,55.0,43.02846153846154,38.078461538461546,0.0,0.0,steady,27.400000000000002,25.0,475.0,460.0,-15.0,5.0,6.0,1.0,0.0,0.0,0.0,80.0,79.0,-1.0,14.5,3.6,446.0,43.0,322.491549,621.992371,10294.874728,940.0,164.0,14.855072463768115,0.0,0.0,0.0,0.0,85.22247440866626,94.0,70.50442663817662,92.0,93.0,93.14285714285715,96.0,92.0,90.0,96.0,smug
2026-01-01T12:07:53.288+00:00,990,replay,sample/replay,engine/SID807,decoded CSV,100%,2.1645026649217036,0.0,1.063,CLIMBING,↑,1602.0,57.787503,6,accelerating,81.0,,22.0,18.0,23.0,17.0,23.0,17.0,81.0,6.0,81.0,normal,1357.0,375.0,396.0,-21.0,1030.0,1029.0,1.0,982.0,45.0,55.0,43.10205128205128,39.54705128205128,0.6012505542434832,0.06131049382240451,gaining,27.6,25.0,475.0,486.0,11.0,5.0,4.0,-1.0,0.0,0.0,0.0,80.0,80.0,0.0,14.5,3.6,446.0,45.0,322.491549,621.992371,10294.874728,940.0,164.0,14.855072463768115,0.0,0.0,0.0,0.0,85.19495875571458,94.0,70.42554843304843,92.0,93.0,93.14285714285715,96.0,92.0,90.0,96.0,smug
2026-01-01T12:07:53.786+00:00,991,replay,sample/replay,engine/SID807,decoded CSV,100%,2.0080315440135887,0.0,1.063,CLIMBING,↑,1605.0,57.166132,6,decelerating,81.0,,22.0,18.0,23.0,17.0,23.0,17.0,81.0,6.0,81.0,normal,1375.0,392.0,380.0,12.0,1024.0,1027.0,-3.0,983.0,45.0,55.0,42.7748717948718,39.15903846153846,-0.5577863674380092,-0.0568783802254602,easing,27.200000000000003,25.0,464.0,473.0,9.0,7.0,6.0,-1.0,0.0,0.0,0.0,80.0,80.0,0.0,14.3,3.6,444.0,45.0,322.491549,621.992371,10294.874728,940.0,164.0,14.855072463768115,0.0,0.0,0.0,0.0,85.27353657324588,94.0,70.65080484330484,92.0,93.0,93.14285714285715,96.0,92.0,90.0,96.0,smug
2026-01-01T12:07:54.259+00:00,992,replay,sample/replay,engine/SID807,decoded CSV,100%,2.114165748863983,0.0,1.063,CLIMBING,↑,1604.0,57.166132,6,cruise,82.0,,22.0,18.0,23.0,17.0,23.0,17.0,82.0,6.0,82.0,normal,1370.0,388.0,384.0,4.0,1031.0,1027.0,4.0,982.0,44.0,55.0,42.77641025641026,37.82224358974359,0.0,0.0,steady,27.1,25.0,464.0,439.0,-25.0,8.0,8.0,0.0,0.0,0.0,0.0,80.0,80.0,0.0,14.5,3.6,444.0,44.0,322.491549,621.992371,10294.874728,940.0,164.0,14.855072463768115,0.0,0.0,0.0,0.0,85.282279864838,94.0,70.67586894586894,92.0,93.0,93.14285714285715,96.0,92.0,90.0,96.0,smug
2026-01-01T12:07:54.731+00:00,993,replay,sample/replay,engine/SID807,decoded CSV,100%,2.1186435198655156,0.0,1.063,CLIMBING,↑,1605.0,57.787503,6,accelerating,82.0,,22.0,18.0,23.0,17.0,23.0,17.0,82.0,6.0,82.0,normal,1362.0,379.0,397.0,-18.0,1020.0,1027.0,-7.0,983.0,44.0,55.0,42.9448717948718,38.09070512820513,0.5885119067800195,0.06001151328741411,gaining,27.200000000000003,25.0,475.0,451.0,-24.0,6.0,8.0,2.0,0.0,0.0,0.0,80.0,80.0,0.0,14.5,3.6,444.0,44.0,322.491549,621.992371,10294.874728,940.0,164.0,14.855072463768115,0.0,0.0,0.0,0.0,85.25129820115285,94.0,70.58705484330483,92.0,93.0,93.14285714285715,96.0,92.0,90.0,96.0,smug
2026-01-01T12:07:55.250+00:00,994,replay,sample/replay,engine/SID807,decoded CSV,100%,1.9267820753347507,0.0,1.063,CLIMBING,↑,1603.0,57.787503,6,cruise,82.0,,22.0,18.0,23.0,17.0,23.0,17.0,82.0,6.0,82.0,normal,1368.0,386.0,394.0,-8.0,1036.0,1029.0,7.0,982.0,45.0,55.0,42.96666666666667,39.84583333333334,0.0,0.0,steady,27.3,25.0,471.0,491.0,20.0,6.0,5.0,-1.0,0.0,0.0,0.0,80.0,80.0,0.0,14.5,3.6,444.0,45.0,322.491549,621.992371,10294.874728,940.0,164.0,14.855072463768115,0.0,0.0,0.0,0.0,85.23950258397933,94.0,70.55324074074073,92.0,93.0,93.14285714285715,96.0,92.0,90.0,96.0,smug
2026-01-01T12:07:55.717+00:00,995,replay,sample/replay,engine/SID807,decoded CSV,100%,2.1413275881433984,0.0,1.063,CLIMBING,↑,1607.0,57.787503,6,cruise,82.0,,22.0,18.0,23.0,17.0,23.0,17.0,82.0,6.0,82.0,normal,1374.0,392.0,360.0,32.0,1029.0,1026.0,3.0,982.0,45.0,55.0,42.337435897435896,38.74326923076923,0.0,0.0,steady,26.6,25.0,446.0,467.0,21.0,9.0,8.0,-1.0,0.0,0.0,0.0,80.0,80.0,0.0,14.5,3.6,444.0,45.0,322.491549,621.992371,10294.874728,940.0,164.0,14.855072463768115,0.0,0.0,0.0,0.0,85.3844265553568,94.0,70.96868945868945,92.0,93.0,93.14285714285715,96.0,92.0,90.0,96.0,smug
2026-01-01T12:07:56.217+00:00,996,replay,sample/replay,engine/SID807,decoded CSV,100%,2.0,0.0,1.063,CLIMBING,↑,1609.0,57.787503,6,cruise,82.0,,22.0,18.0,23.0,17.0,23.0,17.0,82.0,6.0,82.0,normal,1349.0,367.0,337.0,30.0,1011.0,1019.0,-8.0,982.0,41.0,55.0,41.79153846153846,35.95653846153846,0.0,0.0,steady,25.900000000000002,25.0,428.0,414.0,-14.0,12.0,12.0,0.0,0.0,0.0,0.0,79.0,80.0,1.0,14.5,3.6,444.0,41.0,322.491549,621.992371,10294.874728,940.0,164.0,14.855072463768115,0.0,0.0,0.0,0.0,85.51844936394356,94.0,71.35288817663817,92.0,93.0,93.14285714285715,96.0,92.0,90.0,96.0,smug
2026-01-01T12:07:56.662+00:00,997,replay,sample/replay,engine/SID807,decoded CSV,100%,2.247191348351027,0.0,1.063,CLIMBING,↑,1609.0,57.787503,6,cruise,82.0,,22.0,18.0,23.0,17.0,23.0,17.0,82.0,6.0,82.0,normal,1319.0,338.0,301.0,37.0,995.0,1001.0,-6.0,981.0,40.0,55.0,40.73461538461538,34.26461538461539,0.0,0.0,steady,24.400000000000002,25.0,402.0,400.0,-2.0,13.0,13.0,0.0,0.0,0.0,0.0,79.0,79.0,0.0,14.5,3.6,444.0,40.0,322.491549,621.992371,10294.874728,940.0,164.0,14.855072463768115,0.0,0.0,0.0,0.0,85.79087780759292,94.0,72.13384971509971,92.0,93.0,93.14285714285715,96.0,92.0,90.0,96.0,smug
2026-01-01T12:07:57.152+00:00,998,replay,sample/replay,engine/SID807,decoded CSV,100%,2.040816286810733,0.0,1.063,CLIMBING,↑,1605.0,57.166132,6,decelerating,83.0,,22.0,18.0,23.0,17.0,23.0,17.0,83.0,6.0,83.0,normal,1292.0,309.0,275.0,34.0,991.0,988.0,3.0,983.0,38.0,55.0,40.00333333333333,33.16916666666667,-0.5668932376197681,-0.05780702254284267,easing,23.400000000000002,25.0,386.0,395.0,9.0,14.0,15.0,1.0,0.0,0.0,0.0,79.0,79.0,0.0,14.5,3.6,441.0,38.0,322.491549,621.992371,10294.874728,940.0,164.0,14.855072463768115,0.0,0.0,0.0,0.0,85.97598514211887,94.0,72.66449074074073,92.0,93.0,93.14285714285715,96.0,92.0,90.0,96.0,smug
2026-01-01T12:07:57.649+00:00,999,replay,sample/replay,engine/SID807,decoded CSV,100%,2.012072519547206,0.0,1.063,CLIMBING,↑,1600.0,57.166132,6,cruise,83.0,,22.0,18.0,23.0,17.0,23.0,17.0,83.0,6.0,83.0,normal,1267.0,285.0,317.0,-32.0,991.0,996.0,-5.0,982.0,36.0,55.0,40.86128205128205,33.24961538461538,0.0,0.0,steady,24.400000000000002,25.0,414.0,398.0,-16.0,10.0,12.0,2.0,0.0,0.0,0.0,79.0,79.0,0.0,14.3,3.6,441.0,36.0,322.491549,621.992371,10294.874728,940.0,164.0,14.855072463768115,0.0,0.0,0.0,0.0,85.77430804015107,94.0,72.08634971509971,92.0,93.0,93.14285714285715,96.0,92.0,90.0,96.0,smug
2026-01-01T12:07:58.114+00:00,1000,replay,sample/replay,engine/SID807,decoded CSV,100%,2.1505380313594835,0.0,1.067,CLIMBING,↑,1601.0,57.166132,6,cruise,83.0,,22.0,18.0,23.0,17.0,23.0,17.0,83.0,6.0,83.0,normal,1280.0,297.0,354.0,-57.0,1017.0,1014.0,3.0,983.0,41.0,55.0,41.96666666666667,36.04166666666667,0.0,0.0,steady,26.0,25.0,442.0,446.0,4.0,4.0,5.0,1.0,0.0,0.0,0.0,81.0,80.0,-1.0,14.3,3.6,441.0,41.0,322.491549,621.992371,10294.874728,940.0,164.0,14.855072463768115,0.0,0.0,0.0,0.0,85.48659560723515,94.0,71.26157407407406,92.0,93.0,93.14285714285715,96.0,92.0,90.0,96.0,smug
2026-01-01T12:07:58.600+00:00,1001,replay,sample/replay,engine/SID807,decoded CSV,100%,2.0576129103153797,0.0,1.067,CLIMBING,↑,1598.0,57.166132,6,cruise,83.0,,22.0,18.0,23.0,17.0,23.0,17.0,83.0,6.0,83.0,normal,1327.0,345.0,399.0,-54.0,1029.0,1027.0,2.0,982.0,45.0,55.0,43.11871794871795,40.03955128205128,0.0,0.0,steady,27.6,25.0,477.0,513.0,36.0,2.0,2.0,0.0,0.0,0.0,0.0,81.0,80.0,-1.0,14.5,3.6,441.0,45.0,322.491549,621.992371,10294.874728,940.0,164.0,14.855072463768115,0.0,0.0,0.0,0.0,85.19277852315645,94.0,70.41929843304844,92.0,93.0,93.14285714285715,96.0,92.0,90.0,96.0,smug
2026-01-01T12:07:59.049+00:00,1002,replay,sample/replay,engine/SID807,decoded CSV,100%,2.227170896161568,0.0,1.067,CLIMBING,↑,1599.0,57.166132,6,cruise,83.0,,22.0,18.0,23.0,17.0,23.0,17.0,83.0,6.0,83.0,normal,1384.0,402.0,450.0,-48.0,1041.0,1033.0,8.0,982.0,49.0,55.0,44.091794871794875,42.17096153846154,0.0,0.0,steady,28.700000000000003,25.0,514.0,531.0,17.0,1.0,1.0,0.0,0.0,0.0,0.0,81.0,80.0,-1.0,14.5,3.6,441.0,49.0,322.491549,621.992371,10294.874728,940.0,164.0,14.855072463768115,0.0,0.0,0.0,0.0,84.97150845314606,94.0,69.78499089901867,92.0,93.0,93.14285714285715,96.0,92.0,90.0,96.0,smug
2026-01-01T12:07:59.529+00:00,1003,replay,sample/replay,engine/SID807,decoded CSV,100%,2.083333250549108,0.0,1.067,CLIMBING,↑,1607.0,57.166132,6,cruise,83.0,,22.0,18.0,23.0,17.0,23.0,17.0,83.0,6.0,83.0,normal,1435.0,453.0,483.0,-30.0,1044.0,1039.0,5.0,982.0,52.0,55.0,44.84641025641026,44.53974358974359,0.0,0.0,steady,29.700000000000003,25.0,538.0,560.0,22.0,1.0,1.0,0.0,0.0,0.0,0.0,80.0,80.0,0.0,14.5,3.6,441.0,52.0,322.491549,621.992371,10294.874728,940.0,164.0,14.855072463768115,0.0,0.0,0.0,0.0,84.79380210748911,94.0,69.2755660414688,92.0,93.0,93.14285714285715,96.0,92.0,90.0,96.0,smug
2026-01-01T12:08:00.000+00:00,1004,replay,sample/replay,engine/SID807,decoded CSV,100%,2.1231424482806274,0.0,1.067,CLIMBING,↑,1598.0,57.166132,6,cruise,83.0,,22.0,18.0,23.0,17.0,23.0,17.0,83.0,6.0,83.0,normal,1469.0,487.0,450.0,37.0,1038.0,1042.0,-4.0,982.0,54.0,55.0,44.3825641025641,44.5075641025641,0.0,0.0,steady,29.3,25.0,514.0,550.0,36.0,4.0,3.0,-1.0,0.0,0.0,0.0,80.0,80.0,0.0,14.3,3.6,441.0,54.0,322.491549,621.992371,10294.874728,940.0,164.0,14.855072463768115,0.0,0.0,0.0,0.0,84.88489918063563,94.0,69.53671098448876,92.0,93.0,93.14285714285715,96.0,92.0,90.0,96.0,smug
2026-01-01T12:08:00.519+00:00,1005,replay,sample/replay,engine/SID807,decoded CSV,100%,1.9267820753347507,0.0,1.067,CLIMBING,↑,1604.0,57.166132,6,cruise,83.0,,22.0,18.0,23.0,17.0,23.0,17.0,83.0,6.0,83.0,normal,1442.0,460.0,399.0,61.0,1034.0,1028.0,6.0,982.0,48.0,55.0,43.12538461538462,40.172051282051285,0.0,0.0,steady,27.6,25.0,478.0,464.0,-14.0,13.0,13.0,0.0,0.0,0.0,0.0,78.0,79.0,1.0,14.5,3.6,441.0,48.0,322.491549,621.992371,10294.874728,940.0,164.0,14.855072463768115,0.0,0.0,0.0,0.0,85.19190643013317,94.0,70.41679843304843,92.0,93.0,93.14285714285715,96.0,92.0,90.0,96.0,smug
2026-01-01T12:08:00.982+00:00,1006,replay,sample/replay,engine/SID807,decoded CSV,100%,2.1598280501884175,0.0,1.067,CLIMBING,↑,1605.0,57.787503,6,accelerating,83.0,,22.0,18.0,23.0,17.0,23.0,17.0,83.0,6.0,83.0,normal,1393.0,410.0,410.0,0.0,1036.0,1033.0,3.0,983.0,45.0,55.0,43.46102564102564,39.81019230769232,0.5999520505526297,0.061178083295787014,gaining,28.1,25.0,486.0,471.0,-15.0,6.0,7.0,1.0,0.0,0.0,0.0,79.0,79.0,0.0,14.5,3.6,441.0,45.0,322.491549,621.992371,10294.874728,940.0,164.0,14.855072463768115,0.0,0.0,0.0,0.0,85.10327718147485,94.0,70.16272792022792,92.0,93.0,93.14285714285715,96.0,92.0,90.0,96.0,smug
2026-01-01T12:08:01.437+00:00,1007,replay,sample/replay,engine/SID807,decoded CSV,100%,2.197801414686265,0.0,1.067,CLIMBING,↑,1603.0,57.166132,6,decelerating,83.0,,22.0,18.0,22.0,17.0,22.0,17.0,83.0,5.0,83.0,normal,1386.0,405.0,373.0,32.0,1041.0,1028.0,13.0,981.0,45.0,55.0,42.67307692307692,39.29391025641026,-0.6105002040942408,-0.06225369561412315,easing,27.1,25.0,457.0,469.0,12.0,8.0,7.0,-1.0,0.0,0.0,0.0,79.0,79.0,0.0,14.5,3.6,441.0,45.0,322.491549,621.992371,10294.874728,940.0,164.0,14.855072463768115,0.0,0.0,0.0,0.0,85.29579730669847,94.0,70.71461894586895,92.0,93.0,93.14285714285715,96.0,92.0,90.0,96.0,smug
2026-01-01T12:08:02.186+00:00,1008,replay,sample/replay,engine/SID807,decoded CSV,100%,1.335113780437767,0.0,1.067,CLIMBING,↑,1604.0,57.166132,6,cruise,83.0,,22.0,18.0,22.0,17.0,22.0,17.0,83.0,5.0,83.0,normal,1347.0,365.0,351.0,14.0,1017.0,1016.0,1.0,982.0,41.0,55.0,41.873076923076916,35.79557692307692,0.0,0.0,steady,25.8,25.0,439.0,411.0,-28.0,12.0,13.0,1.0,0.0,0.0,0.0,79.0,79.0,0.0,14.5,3.6,441.0,41.0,322.491549,621.992371,10294.874728,940.0,164.0,14.855072463768115,0.0,0.0,0.0,0.0,85.5167275392566,94.0,71.34795227920227,92.0,93.0,93.14285714285715,96.0,92.0,90.0,96.0,smug
2026-01-01T12:08:02.639+00:00,1009,replay,sample/replay,engine/SID807,decoded CSV,100%,2.207505184155956,0.0,1.067,CLIMBING,↑,1607.0,57.787503,6,accelerating,83.0,,22.0,18.0,22.0,17.0,22.0,17.0,83.0,5.0,83.0,normal,1323.0,341.0,350.0,-9.0,1015.0,1021.0,-6.0,982.0,41.0,55.0,42.011794871794876,35.35762820512821,0.6131956947796792,0.0625285591695104,gaining,26.1,25.0,439.0,407.0,-32.0,9.0,10.0,1.0,0.0,0.0,0.0,79.0,79.0,0.0,14.3,3.6,441.0,41.0,322.491549,621.992371,10294.874728,940.0,164.0,14.855072463768115,0.0,0.0,0.0,0.0,85.47174766448023,94.0,71.21900997150996,92.0,93.0,93.14285714285715,96.0,92.0,90.0,96.0,smug
2026-01-01T12:08:03.083+00:00,1010,replay,sample/replay,engine/SID807,decoded CSV,100%,2.2522522232263724,0.0,1.067,CLIMBING,↑,1605.0,57.166132,6,decelerating,83.0,,22.0,18.0,22.0,17.0,22.0,17.0,83.0,5.0,83.0,normal,1319.0,336.0,348.0,-12.0,1017.0,1017.0,0.0,983.0,43.0,55.0,41.92666666666666,36.2175,-0.6256254240093337,-0.06379603881135085,easing,26.0,25.0,439.0,433.0,-6.0,8.0,8.0,0.0,0.0,0.0,0.0,79.0,79.0,0.0,14.5,3.6,441.0,43.0,322.491549,621.992371,10294.874728,940.0,164.0,14.855072463768115,0.0,0.0,0.0,0.0,85.49182816537467,94.0,71.27657407407406,92.0,93.0,93.14285714285715,96.0,92.0,90.0,96.0,smug
2026-01-01T12:08:03.520+00:00,1011,replay,sample/replay,engine/SID807,decoded CSV,100%,2.2883293296837652,0.0,1.067,CLIMBING,↑,1604.0,57.787503,6,accelerating,83.0,,22.0,18.0,22.0,17.0,22.0,17.0,83.0,5.0,83.0,normal,1326.0,343.0,360.0,-17.0,1033.0,1023.0,10.0,983.0,43.0,55.0,42.20205128205128,36.815384615384616,0.6356468393693343,0.0648179387833087,gaining,26.3,25.0,446.0,440.0,-6.0,7.0,7.0,0.0,0.0,0.0,0.0,79.0,79.0,0.0,14.5,3.6,441.0,43.0,322.491549,621.992371,10294.874728,940.0,164.0,14.855072463768115,0.0,0.0,0.0,0.0,85.42897038362156,94.0,71.09638176638177,92.0,93.0,93.14285714285715,96.0,92.0,90.0,96.0,smug
2026-01-01T12:08:03.983+00:00,1012,replay,sample/replay,engine/SID807,decoded CSV,100%,2.1598269380003634,0.0,1.067,CLIMBING,↑,1608.0,57.787503,6,cruise,83.0,,22.0,18.0,23.0,17.0,23.0,17.0,83.0,6.0,83.0,normal,1330.0,347.0,336.0,11.0,1011.0,1015.0,-4.0,983.0,43.0,55.0,41.639487179487176,36.74198717948718,0.0,0.0,steady,25.6,25.0,428.0,447.0,19.0,10.0,8.0,-2.0,0.0,0.0,0.0,79.0,79.0,0.0,14.3,3.6,441.0,43.0,322.491549,621.992371,10294.874728,940.0,164.0,14.855072463768115,0.0,0.0,0.0,0.0,85.56517342476646,94.0,71.48683048433048,92.0,93.0,93.14285714285715,96.0,92.0,90.0,96.0,smug
2026-01-01T12:08:04.417+00:00,1013,replay,sample/replay,engine/SID807,decoded CSV,100%,2.3041486502150437,0.0,1.067,CLIMBING,↑,1602.0,57.787503,6,cruise,82.0,,22.0,18.0,23.0,17.0,23.0,17.0,82.0,6.0,82.0,normal,1322.0,340.0,327.0,13.0,1020.0,1011.0,9.0,982.0,41.0,55.0,41.36897435897436,35.34897435897436,0.0,0.0,steady,25.200000000000003,25.0,421.0,416.0,-5.0,11.0,10.0,-1.0,0.0,0.0,0.0,79.0,79.0,0.0,14.5,3.6,441.0,41.0,322.491549,621.992371,10294.874728,940.0,164.0,14.855072463768115,0.0,0.0,0.0,0.0,85.63633845160008,94.0,71.69083689458688,92.0,93.0,93.14285714285715,96.0,92.0,90.0,96.0,smug
2026-01-01T12:08:04.878+00:00,1014,replay,sample/replay,engine/SID807,decoded CSV,100%,2.169196436652315,0.0,1.067,CLIMBING,↑,1605.0,57.166132,6,decelerating,82.0,,22.0,18.0,22.0,17.0,22.0,17.0,82.0,5.0,82.0,normal,1305.0,323.0,325.0,-2.0,990.0,1002.0,-12.0,982.0,40.0,55.0,41.173589743589744,33.710256410256406,-0.6025543793208362,-0.061443446979430924,easing,24.900000000000002,25.0,421.0,388.0,-33.0,11.0,12.0,1.0,0.0,0.0,0.0,79.0,79.0,0.0,14.3,3.6,441.0,40.0,322.491549,621.992371,10294.874728,940.0,164.0,14.855072463768115,0.0,0.0,0.0,0.0,85.68873111707413,94.0,71.8410292022792,92.0,93.0,93.14285714285715,96.0,92.0,90.0,96.0,smug
2026-01-01T12:08:05.318+00:00,1015,replay,sample/replay,engine/SID807,decoded CSV,100%,2.272728208668361,0.0,1.073,CLIMBING,↑,1603.0,57.166132,6,cruise,82.0,,22.0,18.0,22.0,17.0,22.0,17.0,82.0,5.0,82.0,normal,1298.0,316.0,358.0,-42.0,1031.0,1018.0,13.0,982.0,41.0,55.0,42.11025641025641,36.01025641025641,0.0,0.0,steady,26.200000000000003,25.0,446.0,432.0,-14.0,6.0,7.0,1.0,0.0,0.0,0.0,80.0,79.0,-1.0,14.5,3.6,441.0,41.0,322.491549,621.992371,10294.874728,940.0,164.0,14.855072463768115,0.0,0.0,0.0,0.0,85.44992297753927,94.0,71.15644586894587,92.0,93.0,93.14285714285715,96.0,92.0,90.0,96.0,smug
2026-01-01T12:08:05.765+00:00,1016,replay,sample/replay,engine/SID807,decoded CSV,100%,2.2371363316823603,0.0,1.073,CLIMBING,↑,1599.0,57.166132,6,cruise,82.0,,22.0,18.0,22.0,17.0,22.0,17.0,82.0,5.0,82.0,normal,1332.0,349.0,402.0,-53.0,1016.0,1027.0,-11.0,983.0,46.0,55.0,43.18717948717949,39.98634615384615,0.0,0.0,steady,27.700000000000003,25.0,481.0,511.0,30.0,2.0,1.0,-1.0,0.0,0.0,0.0,80.0,80.0,0.0,14.5,3.6,441.0,46.0,322.491549,621.992371,10294.874728,940.0,164.0,14.855072463768115,0.0,0.0,0.0,0.0,85.17487825482011,94.0,70.36798433048432,92.0,93.0,93.14285714285715,96.0,92.0,90.0,96.0,smug
2026-01-01T12:08:06.227+00:00,1017,replay,sample/replay,engine/SID807,decoded CSV,100%,2.1645015479141216,0.0,1.073,CLIMBING,↑,1600.0,57.166132,6,cruise,82.0,,22.0,18.0,23.0,17.0,23.0,17.0,82.0,6.0,82.0,normal,1391.0,408.0,462.0,-54.0,1034.0,1034.0,0.0,983.0,51.0,55.0,44.48384615384615,42.90551282051282,0.0,0.0,steady,29.0,26.0,522.0,546.0,24.0,1.0,1.0,0.0,0.0,0.0,0.0,80.0,80.0,0.0,14.5,3.6,441.0,51.0,322.491549,621.992371,10294.874728,940.0,164.0,14.855072463768115,0.0,0.0,0.0,0.0,84.87027423032754,94.0,69.4947861269389,92.0,93.0,93.14285714285715,96.0,92.0,90.0,96.0,smug
2026-01-01T12:08:06.658+00:00,1018,replay,sample/replay,engine/SID807,decoded CSV,100%,2.3201856456524563,0.0,1.073,CLIMBING,↑,1604.0,57.166132,6,cruise,81.0,,22.0,18.0,23.0,17.0,23.0,17.0,81.0,6.0,81.0,normal,1443.0,461.0,462.0,-1.0,1045.0,1038.0,7.0,982.0,54.0,55.0,44.70282051282051,45.00532051282051,0.0,0.0,steady,29.5,26.0,522.0,571.0,49.0,1.0,1.0,0.0,0.0,0.0,0.0,80.0,80.0,0.0,14.5,3.6,441.0,54.0,322.491549,621.992371,10294.874728,940.0,164.0,14.855072463768115,0.0,0.0,0.0,0.0,84.8009825885068,94.0,69.29615008705285,92.0,93.0,93.14285714285715,96.0,92.0,90.0,96.0,smug
2026-01-01T12:08:07.097+00:00,1019,replay,sample/replay,engine/SID807,decoded CSV,100%,2.2779048921440785,0.0,1.073,CLIMBING,↑,1602.0,57.166132,6,cruise,81.0,,22.0,18.0,23.0,17.0,23.0,17.0,81.0,6.0,81.0,normal,1468.0,486.0,463.0,23.0,1032.0,1041.0,-9.0,982.0,54.0,55.0,44.58282051282052,44.91615384615385,0.0,0.0,steady,29.5,25.0,522.0,560.0,38.0,3.0,2.0,-1.0,0.0,0.0,0.0,79.0,80.0,1.0,14.5,3.6,441.0,54.0,322.491549,621.992371,10294.874728,940.0,164.0,14.855072463768115,0.0,0.0,0.0,0.0,84.8432629502639,94.0,69.41735379075656,92.0,93.0,93.14285714285715,96.0,92.0,90.0,96.0,smug
2026-01-01T12:08:07.561+00:00,1020,replay,sample/replay,engine/SID807,decoded CSV,100%,2.15517247580745,0.0,1.073,CLIMBING,↑,1600.0,57.166132,6,cruise,81.0,,22.0,18.0,23.0,17.0,23.0,17.0,81.0,6.0,81.0,normal,1461.0,479.0,412.0,67.0,1040.0,1032.0,8.0,982.0,51.0,55.0,43.47435897435897,42.24519230769231,0.0,0.0,steady,28.1,25.0,486.0,505.0,19.0,9.0,8.0,-1.0,0.0,0.0,0.0,78.0,79.0,1.0,14.3,3.6,441.0,51.0,322.491549,621.992371,10294.874728,940.0,164.0,14.855072463768115,0.0,0.0,0.0,0.0,85.10153299542836,94.0,70.15772792022791,92.0,93.0,93.14285714285715,96.0,92.0,90.0,96.0,smug
2026-01-01T12:08:08.043+00:00,1021,replay,sample/replay,engine/SID807,decoded CSV,100%,2.074688312298587,0.0,1.073,CLIMBING,↑,1603.0,57.166132,6,cruise,81.0,,22.0,18.0,22.0,17.0,22.0,17.0,81.0,5.0,81.0,normal,1412.0,430.0,429.0,1.0,1033.0,1031.0,2.0,982.0,46.0,55.0,43.676153846153845,39.14282051282052,0.0,0.0,steady,28.200000000000003,25.0,498.0,444.0,-54.0,8.0,11.0,3.0,0.0,0.0,0.0,79.0,79.0,0.0,14.5,3.6,441.0,46.0,322.491549,621.992371,10294.874728,940.0,164.0,14.855072463768115,0.0,0.0,0.0,0.0,85.06619086662693,94.0,70.05641381766381,92.0,93.0,93.14285714285715,96.0,92.0,90.0,96.0,smug
2026-01-01T12:08:08.497+00:00,1022,replay,sample/replay,engine/SID807,decoded CSV,100%,2.202643190313694,0.0,1.073,CLIMBING,↑,1604.0,57.166132,6,cruise,81.0,,22.0,18.0,22.0,17.0,22.0,17.0,81.0,5.0,81.0,normal,1396.0,414.0,456.0,-42.0,1026.0,1034.0,-8.0,982.0,48.0,55.0,44.196923076923085,40.67608974358974,0.0,0.0,steady,28.8,25.0,518.0,487.0,-31.0,3.0,4.0,1.0,0.0,0.0,0.0,79.0,79.0,0.0,14.5,3.6,441.0,48.0,322.491549,621.992371,10294.874728,940.0,164.0,14.855072463768115,0.0,0.0,0.0,0.0,84.95007260540206,94.0,69.72354146881923,92.0,93.0,93.14285714285715,96.0,92.0,90.0,96.0,smug
2026-01-01T12:08:08.951+00:00,1023,replay,sample/replay,engine/SID807,decoded CSV,100%,2.202643190313694,0.0,1.073,CLIMBING,↑,1601.0,57.166132,6,cruise,81.0,,22.0,18.0,22.0,17.0,22.0,17.0,81.0,5.0,81.0,normal,1424.0,441.0,477.0,-36.0,1052.0,1039.0,13.0,983.0,52.0,55.0,44.74794871794872,44.559615384615384,0.0,0.0,steady,29.6,25.0,534.0,566.0,32.0,1.0,1.0,0.0,0.0,0.0,0.0,80.0,79.0,-1.0,14.5,3.6,441.0,52.0,322.491549,621.992371,10294.874728,940.0,164.0,14.855072463768115,0.0,0.0,0.0,0.0,84.81441431182226,94.0,69.33465436055714,92.0,93.0,93.14285714285715,96.0,92.0,90.0,96.0,smug
2026-01-01T12:08:09.450+00:00,1024,replay,sample/replay,engine/SID807,decoded CSV,100%,2.004007724951958,0.0,1.073,CLIMBING,↑,1603.0,57.166132,6,cruise,81.0,,22.0,18.0,23.0,17.0,23.0,17.0,81.0,6.0,81.0,normal,1453.0,470.0,463.0,7.0,1051.0,1040.0,11.0,983.0,53.0,55.0,44.49923076923078,43.7275641025641,0.0,0.0,steady,29.3,25.0,522.0,534.0,12.0,4.0,3.0,-1.0,0.0,0.0,0.0,79.0,79.0,0.0,14.5,3.6,441.0,53.0,322.491549,621.992371,10294.874728,940.0,164.0,14.855072463768115,0.0,0.0,0.0,0.0,84.8704854209457,94.0,69.49539154004431,92.0,93.0,93.14285714285715,96.0,92.0,90.0,96.0,smug
2026-01-01T12:08:09.927+00:00,1025,replay,sample/replay,engine/SID807,decoded CSV,100%,2.0964360670830913,0.0,1.073,CLIMBING,↑,1604.0,57.166132,6,cruise,81.0,,22.0,18.0,22.0,17.0,22.0,17.0,81.0,5.0,81.0,normal,1446.0,463.0,411.0,52.0,1036.0,1035.0,1.0,983.0,50.0,55.0,43.48435897435897,42.19019230769231,0.0,0.0,steady,28.1,25.0,486.0,511.0,25.0,9.0,8.0,-1.0,0.0,0.0,0.0,78.0,79.0,1.0,14.3,3.6,441.0,50.0,322.491549,621.992371,10294.874728,940.0,164.0,14.855072463768115,0.0,0.0,0.0,0.0,85.10022485589346,94.0,70.15397792022792,92.0,93.0,93.14285714285715,96.0,92.0,90.0,96.0,smug
2026-01-01T12:08:10.382+00:00,1026,replay,sample/replay,engine/SID807,decoded CSV,100%,2.197802566327536,0.0,1.073,CLIMBING,↑,1608.0,57.166132,6,cruise,81.0,,22.0,18.0,22.0,17.0,22.0,17.0,81.0,5.0,81.0,normal,1409.0,427.0,401.0,26.0,1029.0,1029.0,0.0,982.0,46.0,55.0,43.152051282051275,39.002051282051276,0.0,0.0,steady,27.6,25.0,478.0,448.0,-30.0,11.0,12.0,1.0,0.0,0.0,0.0,78.0,79.0,1.0,14.5,3.6,441.0,46.0,322.491549,621.992371,10294.874728,940.0,164.0,14.855072463768115,0.0,0.0,0.0,0.0,85.18841805804014,94.0,70.40679843304844,92.0,93.0,93.14285714285715,96.0,92.0,90.0,96.0,smug
2026-01-01T12:08:10.826+00:00,1027,replay,sample/replay,engine/SID807,decoded CSV,100%,2.2522522232263724,0.0,1.073,CLIMBING,↑,1603.0,57.166132,6,cruise,81.0,,22.0,18.0,22.0,17.0,22.0,17.0,81.0,5.0,81.0,normal,1381.0,399.0,423.0,-24.0,1039.0,1033.0,6.0,982.0,48.0,55.0,43.62948717948718,40.05365384615385,0.0,0.0,steady,28.200000000000003,25.0,494.0,481.0,-13.0,5.0,5.0,0.0,0.0,0.0,0.0,79.0,79.0,0.0,14.3,3.6,441.0,48.0,322.491549,621.992371,10294.874728,940.0,164.0,14.855072463768115,0.0,0.0,0.0,0.0,85.07229551778971,94.0,70.07391381766381,92.0,93.0,93.14285714285715,96.0,92.0,90.0,96.0,smug
2026-01-01T12:08:11.289+00:00,1028,replay,sample/replay,engine/SID807,decoded CSV,100%,2.1598269380003634,0.0,1.073,CLIMBING,↑,1604.0,57.166132,6,cruise,81.0,,22.0,18.0,22.0,17.0,22.0,17.0,81.0,5.0,81.0,normal,1392.0,410.0,423.0,-13.0,1032.0,1033.0,-1.0,982.0,49.0,55.0,43.62948717948718,41.206153846153846,0.0,0.0,steady,28.200000000000003,25.0,494.0,508.0,14.0,4.0,4.0,0.0,0.0,0.0,0.0,79.0,79.0,0.0,14.3,3.6,441.0,49.0,322.491549,621.992371,10294.874728,940.0,164.0,14.855072463768115,0.0,0.0,0.0,0.0,85.07229551778971,94.0,70.07391381766381,92.0,93.0,93.14285714285715,96.0,92.0,90.0,96.0,smug
2026-01-01T12:08:11.950+00:00,1029,replay,sample/replay,engine/SID807,decoded CSV,100%,1.5128592735267012,0.0,1.073,CLIMBING,↑,1604.0,57.787503,6,cruise,81.0,,22.0,18.0,22.0,17.0,22.0,17.0,81.0,5.0,81.0,normal,1411.0,428.0,450.0,-22.0,1037.0,1037.0,0.0,983.0,50.0,55.0,44.19538461538461,42.37121794871795,0.42023855707898866,0.04285240699718953,gaining,28.900000000000002,25.0,514.0,523.0,9.0,3.0,3.0,0.0,0.0,0.0,0.0,79.0,79.0,0.0,14.3,3.6,444.0,50.0,322.491549,621.992371,10294.874728,940.0,164.0,14.855072463768115,0.0,0.0,0.0,0.0,84.94181505223173,94.0,69.6998698163976,92.0,93.0,93.14285714285715,96.0,92.0,90.0,96.0,smug
2026-01-01T12:08:12.401+00:00,1030,replay,sample/replay,engine/SID807,decoded CSV,100%,2.2172950221264083,0.0,1.073,CLIMBING,↑,1604.0,57.166132,6,decelerating,81.0,,22.0,18.0,22.0,17.0,22.0,17.0,81.0,5.0,81.0,normal,1424.0,442.0,417.0,25.0,1033.0,1033.0,0.0,982.0,50.0,55.0,43.53102564102564,41.18269230769231,-0.6159150933745989,-0.06280586065318931,easing,28.1,25.0,490.0,494.0,4.0,6.0,5.0,-1.0,0.0,0.0,0.0,79.0,79.0,0.0,14.5,3.6,444.0,50.0,322.491549,621.992371,10294.874728,940.0,164.0,14.855072463768115,0.0,0.0,0.0,0.0,85.09412020473067,94.0,70.13647792022792,92.0,93.0,93.14285714285715,96.0,92.0,90.0,96.0,smug
2026-01-01T12:08:12.893+00:00,1031,replay,sample/replay,engine/SID807,decoded CSV,100%,2.0325208846494736,0.0,1.073,CLIMBING,↑,1607.0,57.787503,6,accelerating,81.0,,22.0,18.0,22.0,17.0,22.0,17.0,81.0,5.0,81.0,normal,1410.0,427.0,428.0,-1.0,1027.0,1034.0,-7.0,983.0,49.0,55.0,43.76307692307692,40.64307692307692,0.5645889599545288,0.057572051613397936,gaining,28.400000000000002,25.0,498.0,484.0,-14.0,6.0,7.0,1.0,0.0,0.0,0.0,79.0,79.0,0.0,14.5,3.6,444.0,49.0,322.491549,621.992371,10294.874728,940.0,164.0,14.855072463768115,0.0,0.0,0.0,0.0,85.03746328319973,94.0,69.97406141183919,92.0,93.0,93.14285714285715,96.0,92.0,90.0,96.0,smug
2026-01-01T12:08:13.375+00:00,1032,replay,sample/replay,engine/SID807,decoded CSV,100%,2.074688312298587,0.0,1.073,CLIMBING,↑,1606.0,57.166132,6,decelerating,81.0,,22.0,18.0,22.0,17.0,22.0,17.0,81.0,5.0,81.0,normal,1402.0,419.0,405.0,14.0,1029.0,1033.0,-4.0,983.0,49.0,55.0,43.372564102564105,40.70339743589744,-0.5763021306777298,-0.05876646262258058,easing,28.0,25.0,482.0,493.0,11.0,7.0,6.0,-1.0,0.0,0.0,0.0,79.0,79.0,0.0,14.5,3.6,444.0,49.0,322.491549,621.992371,10294.874728,940.0,164.0,14.855072463768115,0.0,0.0,0.0,0.0,85.12379372888095,94.0,70.22154202279202,92.0,93.0,93.14285714285715,96.0,92.0,90.0,96.0,smug
2026-01-01T12:08:13.814+00:00,1033,replay,sample/replay,engine/SID807,decoded CSV,100%,2.2779048921440785,0.0,1.073,CLIMBING,↑,1608.0,57.787503,6,accelerating,81.0,,22.0,18.0,22.0,16.0,22.0,16.0,81.0,6.0,81.0,normal,1393.0,411.0,395.0,16.0,1037.0,1032.0,5.0,982.0,48.0,56.0,43.61205128205128,39.726217948717945,0.6327511631708299,0.06452266198659379,gaining,27.6,26.0,471.0,473.0,2.0,8.0,8.0,0.0,0.0,0.0,0.0,79.0,79.0,0.0,14.3,3.6,444.0,48.0,322.491549,621.992371,10294.874728,940.0,164.0,14.855072463768115,0.0,0.0,0.0,0.0,85.02761124086221,94.0,69.94581889047167,92.0,93.0,93.14285714285715,96.0,92.0,90.0,96.0,smug
2026-01-01T12:08:14.265+00:00,1034,replay,sample/replay,engine/SID807,decoded CSV,100%,2.2172950221264083,0.0,1.073,CLIMBING,↑,1608.0,57.787503,6,cruise,81.0,,22.0,18.0,22.0,16.0,22.0,16.0,81.0,6.0,81.0,normal,1387.0,405.0,401.0,4.0,975.0,967.0,8.0,982.0,50.0,56.0,42.58871794871794,40.362884615384615,0.0,0.0,steady,26.3,25.0,511.0,517.0,6.0,2.0,2.0,0.0,0.0,0.0,0.0,75.0,78.0,3.0,14.5,3.6,444.0,50.0,322.491549,621.992371,10294.874728,940.0,164.0,14.855072463768115,0.0,0.0,0.0,0.0,85.30571456966805,94.0,70.74304843304843,92.0,93.0,93.14285714285715,96.0,92.0,90.0,96.0,smug
2026-01-01T12:08:14.692+00:00,1035,replay,sample/replay,engine/SID807,decoded CSV,100%,2.3419201236426335,0.0,1.073,CLIMBING,↑,1607.0,57.787503,6,cruise,81.0,,22.0,18.0,22.0,16.0,22.0,16.0,81.0,6.0,81.0,normal,1394.0,412.0,399.0,13.0,958.0,959.0,-1.0,982.0,51.0,56.0,42.361538461538466,40.05903846153846,0.0,0.0,steady,25.900000000000002,25.0,509.0,513.0,4.0,3.0,2.0,-1.0,0.0,0.0,0.0,74.0,76.0,2.0,14.3,3.6,444.0,51.0,322.491549,621.992371,10294.874728,940.0,164.0,14.855072463768115,0.0,0.0,0.0,0.0,85.37121099185052,94.0,70.93080484330484,92.0,93.0,93.14285714285715,96.0,92.0,90.0,96.0,smug
2026-01-01T12:08:15.133+00:00,1036,replay,sample/replay,engine/SID807,decoded CSV,100%,2.2675737746041493,0.0,1.073,CLIMBING,↑,1609.0,57.787503,6,cruise,81.0,,22.0,18.0,22.0,16.0,22.0,16.0,81.0,6.0,81.0,normal,1382.0,400.0,361.0,39.0,953.0,948.0,5.0,982.0,50.0,56.0,41.446666666666665,38.28333333333334,0.0,0.0,steady,24.700000000000003,25.0,491.0,484.0,-7.0,6.0,6.0,0.0,0.0,0.0,0.0,74.0,73.0,-1.0,14.5,3.6,444.0,50.0,322.491549,621.992371,10294.874728,940.0,164.0,14.855072463768115,0.0,0.0,0.0,0.0,85.5982235142119,94.0,71.58157407407407,92.0,93.0,93.14285714285715,96.0,92.0,90.0,96.0,smug
2026-01-01T12:08:15.571+00:00,1037,replay,sample/replay,engine/SID807,decoded CSV,100%,2.28310521173259,0.0,1.073,CLIMBING,↑,1609.0,57.787503,6,cruise,81.0,,22.0,18.0,22.0,16.0,22.0,16.0,81.0,6.0,81.0,normal,1343.0,361.0,318.0,43.0,916.0,925.0,-9.0,982.0,47.0,56.0,40.24794871794872,36.32128205128205,0.0,0.0,steady,23.1,25.0,469.0,472.0,3.0,7.0,7.0,0.0,0.0,0.0,0.0,73.0,73.0,0.0,14.5,3.6,444.0,47.0,322.491549,621.992371,10294.874728,940.0,164.0,14.855072463768115,0.0,0.0,0.0,0.0,85.89814524945339,94.0,72.4413497150997,92.0,93.0,93.14285714285715,96.0,92.0,90.0,96.0,smug
2026-01-01T12:08:16.009+00:00,1038,replay,sample/replay,engine/SID807,decoded CSV,100%,2.28310521173259,0.0,1.073,CLIMBING,↑,1606.0,57.787503,6,cruise,81.0,,22.0,18.0,22.0,16.0,22.0,16.0,81.0,6.0,81.0,normal,1301.0,319.0,308.0,11.0,902.0,913.0,-11.0,982.0,45.0,56.0,39.83717948717948,33.787179487179486,0.0,0.0,steady,22.5,25.0,463.0,432.0,-31.0,5.0,7.0,2.0,0.0,0.0,0.0,73.0,72.0,-1.0,14.3,3.6,446.0,45.0,322.491549,621.992371,10294.874728,940.0,164.0,14.855072463768115,0.0,0.0,0.0,0.0,86.00554685947127,94.0,72.74923433048433,92.0,93.0,93.14285714285715,96.0,92.0,90.0,96.0,smug
2026-01-01T12:08:16.484+00:00,1039,replay,sample/replay,engine/SID807,decoded CSV,100%,2.1052625238732214,0.0,1.073,CLIMBING,↑,1607.0,57.787503,6,cruise,81.0,,22.0,18.0,22.0,16.0,22.0,16.0,81.0,6.0,81.0,normal,1281.0,299.0,318.0,-19.0,913.0,917.0,-4.0,982.0,45.0,56.0,40.07923076923077,34.39589743589744,0.0,0.0,steady,22.8,25.0,469.0,452.0,-17.0,3.0,4.0,1.0,0.0,0.0,0.0,74.0,73.0,-1.0,14.5,3.6,446.0,45.0,322.491549,621.992371,10294.874728,940.0,164.0,14.855072463768115,0.0,0.0,0.0,0.0,85.94704954283443,94.0,72.58154202279202,92.0,93.0,93.14285714285715,96.0,92.0,90.0,96.0,smug
2026-01-01T12:08:16.956+00:00,1040,replay,sample/replay,engine/SID807,decoded CSV,100%,2.118644590043698,0.0,1.073,CLIMBING,↑,1606.0,57.787503,6,cruise,81.0,,22.0,18.0,22.0,16.0,22.0,16.0,81.0,6.0,81.0,normal,1282.0,300.0,308.0,-8.0,928.0,916.0,12.0,982.0,46.0,56.0,39.93410256410256,35.07076923076923,0.0,0.0,steady,22.700000000000003,25.0,463.0,468.0,5.0,3.0,2.0,-1.0,0.0,0.0,0.0,74.0,73.0,-1.0,14.5,3.6,446.0,46.0,322.491549,621.992371,10294.874728,940.0,164.0,14.855072463768115,0.0,0.0,0.0,0.0,85.97497888093818,94.0,72.66160612535613,92.0,93.0,93.14285714285715,96.0,92.0,90.0,96.0,smug
2026-01-01T12:08:17.407+00:00,1041,replay,sample/replay,engine/SID807,decoded CSV,100%,2.2172950221264083,0.0,1.073,CLIMBING,↑,1574.0,57.787503,6,coasting,81.0,,22.0,18.0,22.0,16.0,22.0,16.0,81.0,6.0,81.0,normal,1280.0,298.0,18.0,280.0,908.0,906.0,2.0,982.0,41.0,0.0,16.290512820512824,33.533012820512816,0.0,0.0,steady,19.900000000000002,25.0,328.0,463.0,135.0,0.0,5.0,5.0,0.0,0.0,0.0,85.0,75.0,-10.0,14.5,3.6,446.0,41.0,322.491549,621.992371,10294.874728,940.0,164.0,14.855072463768115,0.0,0.0,0.0,0.0,87.96973341670532,94.0,91.91323579455523,92.0,64.0,88.37595737595737,96.0,92.0,69.97902097902097,96.0,smug
2026-01-01T12:08:17.871+00:00,1042,replay,sample/replay,engine/SID807,decoded CSV,100%,2.155171368408937,0.0,1.073,CLIMBING,↑,1578.0,56.544761,6,coasting,82.0,,22.0,18.0,22.0,16.0,22.0,16.0,82.0,6.0,82.0,normal,1192.0,210.0,18.0,192.0,557.0,415.0,142.0,982.0,41.0,0.0,5.263333333333334,21.46083333333333,-1.1973170564725775,-0.1220923614560097,braking/down,1.3,21.0,328.0,433.0,105.0,0.0,0.0,0.0,0.0,0.0,0.0,85.0,83.0,-2.0,14.5,3.6,446.0,41.0,322.491549,621.992371,10294.874728,940.0,164.0,14.855072463768115,0.0,0.0,0.0,0.0,90.69089147286823,94.0,96.0,92.0,71.95833333333333,92.24791874791873,96.0,98.0,77.24125874125873,96.0,smug
2026-01-01T12:08:18.327+00:00,1043,replay,sample/replay,engine/SID807,decoded CSV,100%,2.192983171616468,0.0,1.073,CLIMBING,↑,1564.0,55.92339,6,coasting,82.0,,22.0,18.0,22.0,16.0,22.0,16.0,82.0,6.0,82.0,normal,1139.0,156.0,17.0,139.0,462.0,421.0,41.0,983.0,40.0,0.0,5.093333333333333,18.668333333333333,-0.6091618036555885,-0.0621172167514481,easing,0.0,23.0,328.0,414.0,86.0,0.0,0.0,0.0,0.0,0.0,0.0,85.0,83.0,-2.0,14.600000000000001,3.6,446.0,40.0,322.491549,621.992371,10294.874728,940.0,164.0,14.855072463768115,0.0,0.0,0.0,0.0,92.61046511627907,94.0,96.0,92.0,83.75,95.1991341991342,96.0,98.0,89.63636363636364,96.0,smug
2026-01-01T12:08:18.807+00:00,1044,replay,sample/replay,engine/SID807,decoded CSV,100%,2.083333250549108,0.0,1.073,CLIMBING,↑,1544.0,55.302019,6,coasting,82.0,,22.0,18.0,22.0,16.0,22.0,16.0,82.0,6.0,82.0,normal,1115.0,132.0,17.0,115.0,408.0,419.0,-11.0,983.0,39.0,0.0,5.2299999999999995,17.729166666666668,-0.5787035016710521,-0.059011334316107146,easing,0.0,24.0,327.0,411.0,84.0,0.0,0.0,0.0,0.0,0.0,0.0,85.0,84.0,-1.0,14.600000000000001,3.6,446.0,39.0,322.491549,621.992371,10294.874728,940.0,164.0,14.855072463768115,0.0,0.0,0.0,0.0,92.65116279069768,94.0,96.0,92.0,84.0,95.28571428571429,96.0,98.0,90.0,96.0,smug
2026-01-01T12:08:19.272+00:00,1045,replay,sample/replay,engine/SID807,decoded CSV,100%,2.1505380313594835,0.0,1.073,CLIMBING,↑,1528.0,54.680648,6,coasting,82.0,,22.0,18.0,22.0,16.0,22.0,16.0,82.0,6.0,82.0,normal,1103.0,121.0,18.0,103.0,408.0,417.0,-9.0,982.0,38.0,0.0,5.076666666666666,17.305,-0.5973714905651782,-0.06091493941001038,easing,0.0,23.0,327.0,406.0,79.0,0.0,0.0,0.0,0.0,0.0,0.0,85.0,84.0,-1.0,14.600000000000001,3.6,446.0,38.0,322.491549,621.992371,10294.874728,940.0,164.0,14.855072463768115,0.0,0.0,0.0,0.0,92.65116279069768,94.0,96.0,92.0,84.0,95.28571428571429,96.0,98.0,90.0,96.0,smug
2026-01-01T12:08:19.756+00:00,1046,replay,sample/replay,engine/SID807,decoded CSV,100%,2.0661148231269864,0.0,1.073,CLIMBING,↑,1516.0,54.059277,6,coasting,82.0,,22.0,18.0,22.0,16.0,22.0,16.0,82.0,6.0,82.0,normal,1096.0,114.0,18.0,96.0,406.0,416.0,-10.0,982.0,37.0,0.0,5.22,17.66,-0.5739206066446207,-0.05852361475576479,easing,0.0,24.0,326.0,420.0,94.0,0.0,0.0,0.0,0.0,0.0,0.0,85.0,84.0,-1.0,14.700000000000001,3.6,446.0,37.0,322.491549,621.992371,10294.874728,940.0,164.0,14.855072463768115,0.0,0.0,0.0,0.0,92.65116279069768,94.0,96.0,92.0,84.0,95.28571428571429,96.0,98.0,90.0,96.0,smug
2026-01-01T12:08:20.277+00:00,1047,replay,sample/replay,engine/SID807,decoded CSV,100%,1.9193861338292684,0.0,1.067,CLIMBING,↑,1498.0,53.437906,6,coasting,82.0,,22.0,18.0,22.0,16.0,22.0,16.0,82.0,6.0,82.0,normal,1089.0,108.0,19.0,89.0,411.0,414.0,-3.0,981.0,37.0,0.0,5.216666666666667,17.233333333333334,-0.5331626500047986,-0.054367459836416984,easing,0.0,24.0,325.0,412.0,87.0,0.0,0.0,0.0,0.0,0.0,0.0,85.0,85.0,0.0,14.600000000000001,3.6,446.0,37.0,322.491549,621.992371,10294.874728,940.0,164.0,14.855072463768115,0.0,0.0,0.0,0.0,92.65116279069768,94.0,96.0,92.0,84.0,95.28571428571429,96.0,98.0,90.0,96.0,smug
2026-01-01T12:08:20.739+00:00,1048,replay,sample/replay,engine/SID807,decoded CSV,100%,2.1645026649217036,0.0,1.067,CLIMBING,↑,1479.0,53.437906,6,coasting,82.0,,22.0,18.0,22.0,16.0,22.0,16.0,82.0,6.0,82.0,normal,1085.0,102.0,17.0,85.0,413.0,411.0,2.0,983.0,37.0,0.0,5.176666666666666,16.708333333333332,0.0,0.0,steady,0.0,24.0,324.0,402.0,78.0,0.0,0.0,0.0,0.0,0.0,0.0,85.0,85.0,0.0,14.700000000000001,3.6,446.0,37.0,322.491549,621.992371,10294.874728,940.0,164.0,14.855072463768115,21.95999999999998,-34.27999999999997,-8.360000000000014,20.680000000000007,92.65116279069768,94.0,96.0,92.0,84.0,95.28571428571429,96.0,98.0,90.0,96.0,smug
2026-01-01T12:08:21.219+00:00,1049,replay,sample/replay,engine/SID807,decoded CSV,100%,2.083333250549108,0.0,1.067,CLIMBING,↑,1464.0,52.816535,6,coasting,83.0,,22.0,18.0,22.0,16.0,22.0,16.0,83.0,6.0,83.0,normal,1082.0,100.0,18.0,82.0,400.0,408.0,-8.0,982.0,34.0,0.0,5.166666666666666,16.800833333333333,-0.5787035016710521,-0.059011334316107146,easing,0.0,24.0,323.0,409.0,86.0,0.0,0.0,0.0,0.0,0.0,0.0,86.0,85.0,-1.0,14.600000000000001,3.6,446.0,34.0,322.491549,621.992371,10294.874728,940.0,164.0,14.855072463768115,21.95999999999998,-34.27999999999997,-8.360000000000014,20.680000000000007,92.65116279069768,94.0,96.0,92.0,84.0,95.28571428571429,96.0,98.0,90.0,96.0,smug
2026-01-01T12:08:21.903+00:00,1050,replay,sample/replay,engine/SID807,decoded CSV,100%,1.4619882714792827,0.0,1.067,CLIMBING,↑,1443.0,51.573793,6,coasting,83.0,,22.0,18.0,22.0,16.0,22.0,16.0,83.0,6.0,83.0,normal,1078.0,97.0,19.0,78.0,397.0,404.0,-7.0,981.0,34.0,0.0,5.0,16.098333333333336,-0.8122154550973327,-0.08282292679939968,braking/down,0.0,23.0,323.0,394.0,71.0,0.0,0.0,0.0,0.0,0.0,0.0,86.0,86.0,0.0,14.700000000000001,3.6,446.0,34.0,322.491549,621.992371,10294.874728,940.0,164.0,14.855072463768115,21.95999999999998,-34.27999999999997,-8.360000000000014,20.680000000000007,92.65116279069768,94.0,96.0,92.0,84.0,95.28571428571429,96.0,98.0,90.0,96.0,smug
2026-01-01T12:08:22.349+00:00,1051,replay,sample/replay,engine/SID807,decoded CSV,100%,2.242151967754696,0.0,1.067,CLIMBING,↑,1425.0,50.952422,6,coasting,83.0,,22.0,18.0,22.0,16.0,22.0,16.0,83.0,6.0,83.0,normal,1075.0,93.0,18.0,75.0,398.0,401.0,-3.0,982.0,33.0,0.0,4.97,16.053333333333335,-0.6228197983574171,-0.06350994461487022,easing,0.0,23.0,322.0,396.0,74.0,0.0,0.0,0.0,0.0,0.0,0.0,86.0,86.0,0.0,14.700000000000001,3.6,446.0,33.0,322.491549,621.992371,10294.874728,940.0,164.0,14.855072463768115,21.95999999999998,-34.27999999999997,-8.360000000000014,20.680000000000007,92.65116279069768,94.0,96.0,92.0,84.0,95.28571428571429,96.0,98.0,90.0,96.0,smug
2026-01-01T12:08:22.827+00:00,1052,replay,sample/replay,engine/SID807,decoded CSV,100%,2.092050534770961,0.0,1.067,CLIMBING,↑,1415.0,50.952422,6,coasting,83.0,,22.0,18.0,22.0,16.0,22.0,16.0,83.0,6.0,83.0,normal,1072.0,90.0,18.0,72.0,395.0,398.0,-3.0,982.0,33.0,0.0,4.95,16.2125,0.0,0.0,steady,0.0,23.0,321.0,403.0,82.0,0.0,0.0,0.0,0.0,0.0,0.0,87.0,86.0,-1.0,14.600000000000001,3.6,446.0,33.0,322.491549,621.992371,10294.874728,940.0,164.0,14.855072463768115,21.95999999999998,-34.27999999999997,-8.360000000000014,20.680000000000007,92.65116279069768,94.0,96.0,92.0,84.0,95.28571428571429,96.0,98.0,90.0,96.0,smug
2026-01-01T12:08:23.259+00:00,1053,replay,sample/replay,engine/SID807,decoded CSV,100%,2.3148152338461725,0.0,1.067,CLIMBING,↑,1403.0,50.331051,6,coasting,82.0,,22.0,18.0,22.0,16.0,22.0,16.0,82.0,6.0,82.0,normal,1071.0,89.0,18.0,71.0,399.0,396.0,3.0,982.0,33.0,0.0,4.9366666666666665,16.107499999999998,-0.6430040326938559,-0.06556816371481147,easing,0.0,23.0,320.0,401.0,81.0,0.0,0.0,0.0,0.0,0.0,0.0,87.0,87.0,0.0,14.700000000000001,3.6,446.0,33.0,322.491549,621.992371,10294.874728,940.0,164.0,14.855072463768115,21.95999999999998,-34.27999999999997,-8.360000000000014,20.680000000000007,92.65116279069768,94.0,96.0,92.0,84.0,95.28571428571429,96.0,98.0,90.0,96.0,smug
2026-01-01T12:08:23.721+00:00,1054,replay,sample/replay,engine/SID807,decoded CSV,100%,2.1645015479141216,0.0,1.067,CLIMBING,↑,1390.0,49.70968,6,decelerating,82.0,,22.0,18.0,22.0,16.0,22.0,16.0,82.0,6.0,82.0,normal,1070.0,88.0,18.0,70.0,392.0,394.0,-2.0,982.0,32.0,30.0,15.423333333333332,15.925833333333335,-0.6012502439636953,-0.061310462182671485,easing,0.0,23.0,320.0,399.0,79.0,0.0,0.0,0.0,0.0,0.0,0.0,87.0,87.0,0.0,14.600000000000001,3.6,446.0,32.0,322.491549,621.992371,10294.874728,940.0,164.0,14.855072463768115,21.95999999999998,-34.27999999999997,-8.360000000000014,20.680000000000007,91.96757554550676,94.0,91.51260545267489,92.0,89.41666666666667,92.88644688644689,96.0,92.0,88.92307692307692,96.0,smug
2026-01-01T12:08:24.189+00:00,1055,replay,sample/replay,engine/SID807,decoded CSV,100%,2.1367524328377825,0.0,1.063,CLIMBING,↑,1378.0,49.70968,6,cruise,82.0,,22.0,18.0,22.0,16.0,22.0,16.0,82.0,6.0,82.0,normal,1066.0,84.0,18.0,66.0,391.0,391.0,0.0,982.0,32.0,31.0,15.903333333333332,16.1875,0.0,0.0,steady,0.0,24.0,319.0,409.0,90.0,0.0,0.0,0.0,0.0,0.0,0.0,87.0,87.0,0.0,14.5,3.6,446.0,32.0,322.491549,621.992371,10294.874728,940.0,164.0,14.855072463768115,21.95999999999998,-34.27999999999997,-8.360000000000014,20.680000000000007,91.71780164369797,94.0,91.22436471193416,92.0,88.5,92.6849816849817,96.0,92.0,88.07692307692308,96.0,smug
2026-01-01T12:08:24.641+00:00,1056,replay,sample/replay,engine/SID807,decoded CSV,100%,2.2123886896793272,0.0,1.063,CLIMBING,↑,1366.0,49.088309,6,decelerating,82.0,,22.0,18.0,22.0,16.0,22.0,16.0,82.0,6.0,82.0,normal,1065.0,83.0,18.0,65.0,387.0,389.0,-2.0,982.0,32.0,31.0,15.889999999999999,15.541666666666666,-0.6145522236720419,-0.06266688662000193,easing,0.0,24.0,318.0,394.0,76.0,0.0,0.0,0.0,0.0,0.0,0.0,88.0,87.0,-1.0,14.5,3.6,446.0,32.0,322.491549,621.992371,10294.874728,940.0,164.0,14.855072463768115,21.95999999999998,-34.27999999999997,-8.360000000000014,20.680000000000007,91.90879001579098,94.0,91.2274202674897,92.0,89.66666666666667,92.94139194139196,96.0,92.0,89.15384615384616,96.0,smug
2026-01-01T12:08:25.123+00:00,1057,replay,sample/replay,engine/SID807,decoded CSV,100%,2.074689338531717,0.0,1.063,CLIMBING,↑,1350.0,48.466938,6,decelerating,82.0,,22.0,18.0,22.0,16.0,22.0,16.0,82.0,6.0,82.0,normal,1064.0,82.0,18.0,64.0,385.0,387.0,-2.0,982.0,32.0,35.0,17.276666666666667,15.195833333333335,-0.5763024157424,-0.05876649169108718,easing,0.0,24.0,317.0,387.0,70.0,0.0,0.0,0.0,0.0,0.0,0.0,88.0,88.0,0.0,14.5,3.6,446.0,32.0,322.491549,621.992371,10294.874728,940.0,164.0,14.855072463768115,21.95999999999998,-34.27999999999997,-8.360000000000014,20.680000000000007,91.70168407263853,94.0,90.40038323045268,92.0,90.16666666666667,93.05128205128206,96.0,92.0,89.61538461538461,96.0,smug
2026-01-01T12:08:25.616+00:00,1058,replay,sample/replay,engine/SID807,decoded CSV,100%,2.0283974403615064,0.0,1.063,CLIMBING,↑,1340.0,47.845567,6,lugging,82.0,,22.0,18.0,22.0,16.0,22.0,16.0,82.0,6.0,82.0,normal,1068.0,86.0,23.0,63.0,375.0,368.0,7.0,982.0,28.0,39.0,19.253846153846155,14.503846153846153,-0.5634435591177799,-0.057455253233038794,easing,1.7000000000000002,24.0,221.0,352.0,131.0,14.0,7.0,-7.0,0.0,0.0,0.0,88.0,88.0,0.0,14.5,3.6,446.0,28.0,322.491549,621.992371,10294.874728,940.0,164.0,14.855072463768115,18.480000000000018,-28.850000000000023,-7.029999999999973,17.399999999999977,81.51530027717044,62.0,89.17163857233301,92.0,85.08333333333333,72.42857142857143,96.0,50.0,66.0,96.0,lugging
2026-01-01T12:08:26.057+00:00,1059,replay,sample/replay,engine/SID807,decoded CSV,100%,2.2675737746041493,0.0,1.063,CLIMBING,↑,1340.0,47.845567,6,lugging,82.0,,22.0,18.0,22.0,16.0,22.0,16.0,82.0,6.0,82.0,normal,1073.0,92.0,707.0,-615.0,589.0,565.0,24.0,981.0,29.0,40.0,36.63410256410256,27.082435897435897,0.0,0.0,steady,24.0,26.0,619.0,418.0,-201.0,0.0,0.0,0.0,0.0,0.0,0.0,100.0,89.0,-11.0,14.5,3.6,446.0,29.0,322.491549,621.992371,10294.874728,940.0,164.0,14.855072463768115,0.0,0.0,0.0,0.0,71.2399207414033,62.0,76.81577279202278,92.0,48.44,70.22106227106227,96.0,50.0,56.72846153846154,96.0,lugging
2026-01-01T12:08:26.526+00:00,1060,replay,sample/replay,engine/SID807,decoded CSV,100%,2.1321957024679112,0.0,1.063,CLIMBING,↑,1344.0,47.845567,6,lugging,82.0,,22.0,18.0,23.0,16.0,23.0,16.0,82.0,7.0,82.0,normal,1175.0,193.0,707.0,-514.0,926.0,877.0,49.0,982.0,34.0,41.0,41.06794871794872,34.979615384615386,0.0,0.0,steady,29.6,25.0,620.0,466.0,-154.0,0.0,0.0,0.0,0.0,0.0,0.0,100.0,100.0,0.0,14.5,3.6,446.0,34.0,322.491549,621.992371,10294.874728,940.0,164.0,14.855072463768115,0.0,0.0,0.0,0.0,70.75463749751539,62.0,73.59218304843304,92.0,52.36666666666667,71.08424908424908,96.0,50.0,60.353846153846156,96.0,lugging
2026-01-01T12:08:26.949+00:00,1061,replay,sample/replay,engine/SID807,decoded CSV,100%,2.36406698267942,0.0,1.067,CLIMBING,↑,1345.0,47.845567,6,lugging,82.0,,22.0,18.0,23.0,16.0,23.0,16.0,82.0,7.0,82.0,normal,1286.0,304.0,713.0,-409.0,889.0,889.0,0.0,982.0,38.0,42.0,42.67333333333333,38.86416666666667,0.0,0.0,steady,32.5,25.0,624.0,497.0,-127.0,0.0,0.0,0.0,0.0,0.0,0.0,100.0,100.0,0.0,14.5,3.6,446.0,38.0,322.491549,621.992371,10294.874728,940.0,164.0,14.855072463768115,0.0,0.0,0.0,0.0,70.75574289405684,62.0,72.03824074074073,92.0,55.70333333333333,71.58827838827838,96.0,50.0,62.47076923076923,96.0,lugging
2026-01-01T12:08:27.394+00:00,1062,replay,sample/replay,engine/SID807,decoded CSV,100%,2.247190144369091,0.0,1.067,CLIMBING,↑,1351.0,48.466938,6,lugging,81.0,,22.0,18.0,23.0,16.0,23.0,16.0,81.0,7.0,81.0,normal,1371.0,389.0,714.0,-325.0,889.0,897.0,-8.0,982.0,40.0,42.0,43.390512820512825,42.67967948717949,0.6242192914284388,0.06365265319231733,gaining,34.2,25.0,625.0,543.0,-82.0,0.0,0.0,0.0,0.0,0.0,0.0,100.0,100.0,0.0,14.3,3.6,446.0,40.0,322.491549,621.992371,10294.874728,940.0,164.0,14.855072463768115,0.0,0.0,0.0,0.0,72.26312437885113,62.0,71.33340099715099,92.0,66.47333333333334,72.42857142857143,96.0,50.0,66.0,96.0,lugging
2026-01-01T12:08:27.833+00:00,1063,replay,sample/replay,engine/SID807,decoded CSV,100%,2.2779048921440785,0.0,1.073,CLIMBING,↑,1353.0,48.466938,6,lugging,81.0,,22.0,18.0,23.0,16.0,23.0,16.0,81.0,7.0,81.0,normal,1469.0,487.0,719.0,-232.0,931.0,907.0,24.0,982.0,44.0,42.0,44.92641025641025,46.99391025641026,0.0,0.0,steady,37.5,26.0,628.0,573.0,-55.0,0.0,0.0,0.0,0.0,0.0,0.0,98.0,100.0,2.0,14.5,3.6,446.0,44.0,322.491549,621.992371,10294.874728,940.0,164.0,14.855072463768115,0.0,0.0,0.0,0.0,73.4316121850085,62.0,69.83751048591326,92.0,76.85666666666667,72.42857142857143,96.0,50.0,66.0,96.0,lugging
2026-01-01T12:08:28.346+00:00,1064,replay,sample/replay,engine/SID807,decoded CSV,100%,1.9493176953057103,0.0,1.073,CLIMBING,↑,1363.0,48.466938,6,lugging,81.0,,22.0,18.0,23.0,16.0,23.0,16.0,81.0,7.0,81.0,normal,1525.0,542.0,721.0,-179.0,933.0,915.0,18.0,983.0,46.0,42.0,45.845897435897434,49.665897435897435,0.0,0.0,steady,39.7,26.0,629.0,596.0,-33.0,0.0,0.0,0.0,0.0,0.0,0.0,97.0,99.0,2.0,14.5,3.6,446.0,46.0,322.491549,621.992371,10294.874728,940.0,164.0,14.855072463768115,0.0,0.0,0.0,0.0,73.8544130695245,62.0,68.97909524374802,92.0,81.29333333333334,72.42857142857143,96.0,50.0,66.0,96.0,lugging
2026-01-01T12:08:28.792+00:00,1065,replay,sample/replay,engine/SID807,decoded CSV,100%,2.2421531663440533,0.0,1.079,CLIMBING,↑,1365.0,49.088309,6,lugging,81.0,,22.0,18.0,23.0,16.0,23.0,16.0,81.0,7.0,81.0,normal,1584.0,601.0,721.0,-120.0,920.0,925.0,-5.0,983.0,49.0,42.0,45.91641025641026,50.685576923076916,0.6228201312988021,0.06350997856544305,gaining,40.1,25.0,628.0,595.0,-33.0,0.0,0.0,0.0,0.0,0.0,0.0,96.0,98.0,2.0,14.5,3.6,446.0,49.0,322.491549,621.992371,10294.874728,940.0,164.0,14.855072463768115,0.0,0.0,0.0,0.0,74.6397533348793,62.0,68.93595955998734,92.0,86.21,72.42857142857143,96.0,50.0,66.0,96.0,lugging
2026-01-01T12:08:29.238+00:00,1066,replay,sample/replay,engine/SID807,decoded CSV,100%,2.242151967754696,0.0,1.079,CLIMBING,↑,1372.0,49.088309,6,lugging,81.0,,22.0,18.0,23.0,16.0,23.0,16.0,81.0,7.0,81.0,normal,1592.0,610.0,669.0,-59.0,909.0,918.0,-9.0,982.0,51.0,42.0,44.157435897435896,49.255769230769225,0.0,0.0,steady,37.0,25.0,593.0,586.0,-7.0,0.0,0.0,0.0,0.0,0.0,0.0,93.0,95.0,2.0,14.5,3.6,448.0,51.0,322.491549,621.992371,10294.874728,940.0,164.0,14.855072463768115,0.0,0.0,0.0,0.0,76.23064748558934,62.0,70.32785612535612,92.0,93.0,72.42857142857143,96.0,50.0,66.0,96.0,lugging
2026-01-01T12:08:29.685+00:00,1067,replay,sample/replay,engine/SID807,decoded CSV,100%,2.2371363316823603,0.0,1.079,CLIMBING,↑,1372.0,49.088309,6,lugging,81.0,,22.0,18.0,22.0,16.0,22.0,16.0,81.0,6.0,81.0,normal,1556.0,574.0,571.0,3.0,898.0,910.0,-12.0,982.0,50.0,42.0,41.701025641025645,45.02185897435898,0.0,0.0,steady,33.300000000000004,25.0,550.0,529.0,-21.0,0.0,0.0,0.0,0.0,0.0,0.0,91.0,93.0,2.0,14.5,3.6,448.0,50.0,322.491549,621.992371,10294.874728,940.0,164.0,14.855072463768115,0.0,0.0,0.0,0.0,76.88292834426555,62.0,72.19772792022792,92.0,93.0,72.42857142857143,96.0,50.0,66.0,96.0,lugging
2026-01-01T12:08:30.138+00:00,1068,replay,sample/replay,engine/SID807,decoded CSV,100%,2.207505184155956,0.0,1.079,CLIMBING,↑,1379.0,49.70968,6,lugging,80.0,,22.0,18.0,22.0,16.0,22.0,16.0,80.0,6.0,80.0,normal,1500.0,518.0,418.0,100.0,908.0,896.0,12.0,982.0,48.0,42.0,38.385384615384616,42.67371794871794,0.613195694779672,0.06252855916950967,gaining,28.900000000000002,25.0,505.0,534.0,29.0,2.0,2.0,0.0,0.0,0.0,0.0,88.0,92.0,4.0,14.3,3.6,448.0,48.0,322.491549,621.992371,10294.874728,940.0,164.0,14.855072463768115,0.0,0.0,0.0,0.0,76.7877397634665,62.0,74.56929843304843,92.0,87.33333333333333,72.42857142857143,96.0,50.0,66.0,96.0,lugging
2026-01-01T12:08:30.602+00:00,1069,replay,sample/replay,engine/SID807,decoded CSV,100%,2.15517247580745,0.0,1.073,CLIMBING,↑,1384.0,49.70968,6,lugging,80.0,,22.0,18.0,22.0,16.0,22.0,16.0,80.0,6.0,80.0,normal,1427.0,445.0,314.0,131.0,877.0,868.0,9.0,982.0,44.0,43.0,36.23948717948718,38.12282051282051,0.0,0.0,steady,25.6,25.0,467.0,484.0,17.0,5.0,3.0,-2.0,0.0,0.0,0.0,85.0,89.0,4.0,14.5,3.6,448.0,44.0,322.491549,621.992371,10294.874728,940.0,164.0,14.855072463768115,0.0,0.0,0.0,0.0,76.87040598290598,62.0,76.01183048433047,92.0,84.75,72.42857142857143,96.0,50.0,66.0,96.0,lugging
2026-01-01T12:08:31.049+00:00,1070,replay,sample/replay,engine/SID807,decoded CSV,100%,2.2371363316823603,0.0,1.073,CLIMBING,↑,1378.0,49.70968,6,lugging,80.0,,22.0,18.0,21.0,16.0,21.0,16.0,80.0,5.0,80.0,normal,1357.0,375.0,259.0,116.0,854.0,850.0,4.0,982.0,39.0,45.0,35.615641025641025,33.84147435897436,0.0,0.0,steady,23.900000000000002,25.0,442.0,423.0,-19.0,10.0,9.0,-1.0,0.0,0.0,0.0,84.0,85.0,1.0,14.5,3.6,448.0,39.0,322.491549,621.992371,10294.874728,940.0,164.0,14.855072463768115,0.0,0.0,0.0,0.0,77.16221054462333,62.0,76.26500356125355,92.0,86.0,72.42857142857143,96.0,50.0,66.0,96.0,lugging
2026-01-01T12:08:31.625+00:00,1071,replay,sample/replay,engine/SID807,decoded CSV,100%,1.7361111858468765,0.0,1.073,CLIMBING,↑,1384.0,49.70968,6,lugging,80.0,,22.0,18.0,21.0,16.0,21.0,16.0,80.0,5.0,80.0,normal,1268.0,286.0,255.0,31.0,822.0,835.0,-13.0,982.0,34.0,45.0,35.16794871794872,30.882115384615382,0.0,0.0,steady,23.1,25.0,441.0,397.0,-44.0,5.0,7.0,2.0,0.0,0.0,0.0,84.0,83.0,-1.0,14.5,3.6,448.0,34.0,322.491549,621.992371,10294.874728,940.0,164.0,14.855072463768115,0.0,0.0,0.0,0.0,78.43186617968595,62.0,76.63801638176638,92.0,93.0,72.42857142857143,96.0,50.0,66.0,96.0,lugging
2026-01-01T12:08:32.165+00:00,1072,replay,sample/replay,engine/SID807,decoded CSV,100%,1.8518519826713833,0.0,1.073,CLIMBING,↑,1383.0,49.70968,6,lugging,80.0,,22.0,18.0,21.0,16.0,21.0,16.0,80.0,5.0,80.0,normal,1239.0,258.0,212.0,46.0,821.0,824.0,-3.0,981.0,35.0,45.0,34.05307692307692,30.99391025641026,0.0,0.0,steady,21.900000000000002,24.0,413.0,425.0,12.0,5.0,4.0,-1.0,0.0,0.0,0.0,83.0,83.0,0.0,14.5,3.6,448.0,35.0,322.491549,621.992371,10294.874728,940.0,164.0,14.855072463768115,0.0,0.0,0.0,0.0,78.71411126018685,62.0,77.44711894586895,92.0,93.0,72.42857142857143,96.0,50.0,66.0,96.0,lugging
2026-01-01T12:08:32.637+00:00,1073,replay,sample/replay,engine/SID807,decoded CSV,100%,2.118644590043698,0.0,1.073,CLIMBING,↑,1384.0,49.70968,6,lugging,80.0,,22.0,18.0,22.0,16.0,22.0,16.0,80.0,6.0,80.0,normal,1218.0,236.0,180.0,56.0,800.0,793.0,7.0,982.0,34.0,45.0,32.83025641025641,28.894423076923076,0.0,0.0,steady,19.700000000000003,25.0,393.0,405.0,12.0,8.0,7.0,-1.0,0.0,0.0,0.0,82.0,83.0,1.0,14.3,3.6,448.0,34.0,322.491549,621.992371,10294.874728,940.0,164.0,14.855072463768115,0.0,0.0,0.0,0.0,79.04178344265553,62.0,78.38644586894587,92.0,93.0,72.42857142857143,96.0,50.0,66.0,96.0,lugging
2026-01-01T12:08:33.075+00:00,1074,replay,sample/replay,engine/SID807,decoded CSV,100%,2.283103968959875,0.0,1.073,CLIMBING,↑,1381.0,49.70968,6,lugging,80.0,,22.0,18.0,22.0,16.0,22.0,16.0,80.0,6.0,80.0,normal,1196.0,214.0,168.0,46.0,770.0,779.0,-9.0,982.0,32.0,45.0,32.309230769230766,26.847564102564103,0.0,0.0,steady,18.900000000000002,25.0,383.0,374.0,-9.0,9.0,9.0,0.0,0.0,0.0,0.0,81.0,82.0,1.0,14.5,3.6,448.0,32.0,322.491549,621.992371,10294.874728,940.0,164.0,14.855072463768115,0.0,0.0,0.0,0.0,79.18149721725304,62.0,78.78695868945869,92.0,93.0,72.42857142857143,96.0,50.0,66.0,96.0,lugging
2026-01-01T12:08:33.547+00:00,1075,replay,sample/replay,engine/SID807,decoded CSV,100%,2.118644590043698,0.0,1.073,CLIMBING,↑,1383.0,49.70968,6,lugging,80.0,,22.0,18.0,22.0,16.0,22.0,16.0,80.0,6.0,80.0,normal,1166.0,183.0,170.0,13.0,783.0,779.0,4.0,983.0,30.0,45.0,32.36769230769231,25.825192307692305,0.0,0.0,steady,19.0,25.0,386.0,357.0,-29.0,7.0,9.0,2.0,0.0,0.0,0.0,81.0,81.0,0.0,14.5,3.6,448.0,30.0,323.11292000000003,621.992371,10294.874728,940.0,164.0,14.855072463768115,0.0,0.0,0.0,0.0,79.1649050884516,62.0,78.73939458689458,92.0,93.0,72.42857142857143,96.0,50.0,66.0,96.0,lugging
2026-01-01T12:08:34.058+00:00,1076,replay,sample/replay,engine/SID807,decoded CSV,100%,1.9569474765185657,0.0,1.073,CLIMBING,↑,1380.0,49.70968,6,lugging,80.0,,22.0,18.0,22.0,16.0,22.0,16.0,80.0,6.0,80.0,normal,1155.0,174.0,180.0,-6.0,788.0,785.0,3.0,981.0,31.0,46.0,33.08846153846154,26.679294871794873,0.0,0.0,steady,19.6,25.0,392.0,377.0,-15.0,5.0,5.0,0.0,0.0,0.0,0.0,82.0,81.0,-1.0,14.5,3.6,448.0,31.0,323.11292000000003,621.992371,10294.874728,940.0,164.0,14.855072463768115,0.0,0.0,0.0,0.0,78.94427673424767,62.0,78.10692663817663,92.0,93.0,72.42857142857143,96.0,50.0,66.0,96.0,lugging
2026-01-01T12:08:34.515+00:00,1077,replay,sample/replay,engine/SID807,decoded CSV,100%,2.1881837252458136,0.0,1.073,CLIMBING,↑,1381.0,49.70968,6,lugging,80.0,,22.0,18.0,22.0,16.0,22.0,16.0,80.0,6.0,80.0,normal,1162.0,179.0,210.0,-31.0,802.0,807.0,-5.0,983.0,33.0,46.0,34.15051282051282,28.67467948717949,0.0,0.0,steady,21.200000000000003,25.0,413.0,409.0,-4.0,2.0,3.0,1.0,0.0,0.0,0.0,83.0,81.0,-2.0,14.3,3.6,448.0,33.0,323.11292000000003,621.992371,10294.874728,940.0,164.0,14.855072463768115,0.0,0.0,0.0,0.0,78.6622329059829,62.0,77.29840099715099,92.0,93.0,72.42857142857143,96.0,50.0,66.0,96.0,lugging
2026-01-01T12:08:34.966+00:00,1078,replay,sample/replay,engine/SID807,decoded CSV,100%,2.2172950221264083,0.0,1.073,CLIMBING,↑,1380.0,49.088309,6,lugging,80.0,,22.0,18.0,22.0,16.0,22.0,16.0,80.0,6.0,80.0,normal,1178.0,196.0,207.0,-11.0,803.0,808.0,-5.0,982.0,34.0,46.0,34.08871794871795,28.885384615384616,-0.6159150933745917,-0.06280586065318858,easing,21.1,25.0,410.0,408.0,-2.0,3.0,2.0,-1.0,0.0,0.0,0.0,82.0,81.0,-1.0,14.5,3.6,448.0,34.0,323.11292000000003,621.992371,10294.874728,940.0,164.0,14.855072463768115,0.0,0.0,0.0,0.0,78.67926108129596,62.0,77.3472150997151,92.0,93.0,72.42857142857143,96.0,50.0,66.0,96.0,lugging
2026-01-01T12:08:35.366+00:00,1079,replay,sample/replay,engine/SID807,decoded CSV,100%,2.4999994039536944,0.0,1.073,CLIMBING,↑,1377.0,49.088309,6,lugging,80.0,,22.0,18.0,22.0,16.0,22.0,16.0,80.0,6.0,80.0,normal,1184.0,203.0,207.0,-4.0,808.0,806.0,2.0,981.0,34.0,46.0,34.036923076923074,28.949423076923075,0.0,0.0,steady,21.0,25.0,410.0,407.0,-3.0,3.0,3.0,0.0,0.0,0.0,0.0,82.0,81.0,-1.0,14.5,3.6,448.0,34.0,323.11292000000003,621.992371,10294.874728,940.0,164.0,14.855072463768115,0.0,0.0,0.0,0.0,78.69498111707414,62.0,77.3922792022792,92.0,93.0,72.42857142857143,96.0,50.0,66.0,96.0,lugging
2026-01-01T12:08:35.820+00:00,1080,replay,sample/replay,engine/SID807,decoded CSV,100%,2.202643190313694,0.0,1.073,CLIMBING,↑,1375.0,49.088309,6,lugging,80.0,,22.0,18.0,22.0,16.0,22.0,16.0,80.0,6.0,80.0,normal,1189.0,207.0,211.0,-4.0,818.0,810.0,8.0,982.0,35.0,46.0,34.21897435897435,29.228974358974362,0.0,0.0,steady,21.3,25.0,413.0,408.0,-5.0,3.0,3.0,0.0,0.0,0.0,0.0,82.0,82.0,0.0,14.5,3.6,448.0,35.0,323.11292000000003,621.992371,10294.874728,940.0,164.0,14.855072463768115,0.0,0.0,0.0,0.0,78.6443326376466,62.0,77.2470868945869,92.0,93.0,72.42857142857143,96.0,50.0,66.0,96.0,lugging
2026-01-01T12:08:36.291+00:00,1081,replay,sample/replay,engine/SID807,decoded CSV,100%,2.1231424482806274,0.0,1.073,CLIMBING,↑,1375.0,49.088309,6,lugging,80.0,,22.0,18.0,22.0,16.0,22.0,16.0,80.0,6.0,80.0,normal,1192.0,210.0,232.0,-22.0,822.0,818.0,4.0,982.0,35.0,46.0,34.71307692307692,29.94891025641026,0.0,0.0,steady,21.900000000000002,25.0,426.0,419.0,-7.0,2.0,2.0,0.0,0.0,0.0,0.0,83.0,82.0,-1.0,14.5,3.6,448.0,35.0,323.11292000000003,621.992371,10294.874728,940.0,164.0,14.855072463768115,0.0,0.0,0.0,0.0,78.52602986483801,62.0,76.90795227920228,92.0,93.0,72.42857142857143,96.0,50.0,66.0,96.0,lugging
2026-01-01T12:08:36.747+00:00,1082,replay,sample/replay,engine/SID807,decoded CSV,100%,2.1929820250203518,0.0,1.073,CLIMBING,↑,1378.0,49.088309,6,lugging,80.0,,22.0,18.0,22.0,16.0,22.0,16.0,80.0,6.0,80.0,normal,1203.0,221.0,254.0,-33.0,840.0,833.0,7.0,982.0,37.0,46.0,35.49461538461538,31.69878205128205,0.0,0.0,steady,23.1,25.0,439.0,445.0,6.0,1.0,1.0,0.0,0.0,0.0,0.0,84.0,83.0,-1.0,14.5,3.6,448.0,37.0,323.11292000000003,621.992371,10294.874728,940.0,164.0,14.855072463768115,0.0,0.0,0.0,0.0,78.31645920294176,62.0,76.30718304843305,92.0,93.0,72.42857142857143,96.0,50.0,66.0,96.0,lugging
2026-01-01T12:08:37.222+00:00,1083,replay,sample/replay,engine/SID807,decoded CSV,100%,2.105263580575959,0.0,1.073,CLIMBING,↑,1380.0,49.70968,6,lugging,80.0,,22.0,18.0,22.0,16.0,22.0,16.0,80.0,6.0,80.0,normal,1220.0,238.0,255.0,-17.0,837.0,836.0,1.0,982.0,38.0,46.0,35.56307692307692,32.382243589743595,0.5847952581272003,0.059632520598491875,gaining,23.200000000000003,25.0,440.0,455.0,15.0,0.0,0.0,0.0,0.0,0.0,0.0,84.0,83.0,-1.0,14.5,3.6,448.0,38.0,323.11292000000003,621.992371,10294.874728,940.0,164.0,14.855072463768115,0.0,0.0,0.0,0.0,78.29855893460545,62.0,76.25586894586894,92.0,93.0,72.42857142857143,96.0,50.0,66.0,96.0,lugging
2026-01-01T12:08:37.673+00:00,1084,replay,sample/replay,engine/SID807,decoded CSV,100%,2.2172950221264083,0.0,1.073,CLIMBING,↑,1376.0,49.088309,6,lugging,80.0,,22.0,18.0,22.0,16.0,22.0,16.0,80.0,6.0,80.0,normal,1232.0,251.0,229.0,22.0,820.0,823.0,-3.0,981.0,38.0,46.0,34.79333333333333,31.82416666666667,-0.6159150933745917,-0.06280586065318858,easing,22.1,25.0,423.0,449.0,26.0,2.0,1.0,-1.0,0.0,0.0,0.0,83.0,83.0,0.0,14.5,3.6,448.0,38.0,323.11292000000003,621.992371,10294.874728,940.0,164.0,14.855072463768115,0.0,0.0,0.0,0.0,78.49764211886306,62.0,76.82657407407407,92.0,93.0,72.42857142857143,96.0,50.0,66.0,96.0,lugging
2026-01-01T12:08:38.146+00:00,1085,replay,sample/replay,engine/SID807,decoded CSV,100%,2.1141646832057566,0.0,1.073,CLIMBING,↑,1377.0,49.088309,6,lugging,80.0,,22.0,18.0,22.0,16.0,22.0,16.0,80.0,6.0,80.0,normal,1229.0,247.0,228.0,19.0,822.0,821.0,1.0,982.0,37.0,47.0,35.12,31.024166666666666,0.0,0.0,steady,22.1,25.0,423.0,429.0,6.0,3.0,2.0,-1.0,0.0,0.0,0.0,82.0,83.0,1.0,14.5,3.6,448.0,37.0,323.11292000000003,621.992371,10294.874728,940.0,164.0,14.855072463768115,0.0,0.0,0.0,0.0,78.38223514211886,62.0,76.49574074074074,92.0,93.0,72.42857142857143,96.0,50.0,66.0,96.0,lugging
2026-01-01T12:08:38.616+00:00,1086,replay,sample/replay,engine/SID807,decoded CSV,100%,2.127659444951436,0.0,1.073,CLIMBING,↑,1380.0,49.088309,6,lugging,80.0,,22.0,18.0,22.0,16.0,22.0,16.0,80.0,6.0,80.0,normal,1218.0,237.0,216.0,21.0,819.0,811.0,8.0,981.0,35.0,47.0,34.62564102564102,30.164807692307694,0.0,0.0,steady,21.3,25.0,415.0,419.0,4.0,4.0,4.0,0.0,0.0,0.0,0.0,82.0,82.0,0.0,14.5,3.6,448.0,35.0,323.11292000000003,621.992371,10294.874728,940.0,164.0,14.855072463768115,0.0,0.0,0.0,0.0,78.51846054462332,62.0,76.88625356125355,92.0,93.0,72.42857142857143,96.0,50.0,66.0,96.0,lugging
2026-01-01T12:08:39.079+00:00,1087,replay,sample/replay,engine/SID807,decoded CSV,100%,2.1598269380003634,0.0,1.073,CLIMBING,↑,1379.0,49.088309,6,lugging,80.0,,22.0,18.0,22.0,16.0,22.0,16.0,80.0,6.0,80.0,normal,1213.0,231.0,232.0,-1.0,832.0,824.0,8.0,982.0,34.0,47.0,35.21846153846154,30.381794871794874,0.0,0.0,steady,22.200000000000003,25.0,426.0,416.0,-10.0,3.0,4.0,1.0,0.0,0.0,0.0,83.0,83.0,0.0,14.3,3.6,448.0,34.0,323.11292000000003,621.992371,10294.874728,940.0,164.0,14.855072463768115,0.0,0.0,0.0,0.0,78.3604104551779,62.0,76.43317663817663,92.0,93.0,72.42857142857143,96.0,50.0,66.0,96.0,lugging
2026-01-01T12:08:39.520+00:00,1088,replay,sample/replay,engine/SID807,decoded CSV,100%,2.2675737746041493,0.0,1.073,CLIMBING,↑,1381.0,49.088309,6,lugging,80.0,,22.0,18.0,22.0,16.0,22.0,16.0,80.0,6.0,80.0,normal,1206.0,224.0,223.0,1.0,816.0,821.0,-5.0,982.0,35.0,47.0,35.03153846153846,29.86320512820513,0.0,0.0,steady,22.0,25.0,420.0,410.0,-10.0,3.0,3.0,0.0,0.0,0.0,0.0,83.0,83.0,0.0,14.5,3.6,448.0,35.0,323.11292000000003,621.992371,10294.874728,940.0,164.0,14.855072463768115,0.0,0.0,0.0,0.0,78.40275168952493,62.0,76.55455484330484,92.0,93.0,72.42857142857143,96.0,50.0,66.0,96.0,lugging
2026-01-01T12:08:40.010+00:00,1089,replay,sample/replay,engine/SID807,decoded CSV,100%,2.040816286810733,0.0,1.073,CLIMBING,↑,1382.0,49.70968,6,lugging,80.0,,22.0,18.0,22.0,16.0,22.0,16.0,80.0,6.0,80.0,normal,1202.0,221.0,229.0,-8.0,816.0,817.0,-1.0,981.0,35.0,47.0,35.06487179487179,29.929038461538465,0.5668932376197615,0.05780702254284201,gaining,22.0,25.0,424.0,413.0,-11.0,3.0,3.0,0.0,0.0,0.0,0.0,83.0,82.0,-1.0,14.5,3.6,446.0,35.0,323.11292000000003,621.992371,10294.874728,940.0,164.0,14.855072463768115,0.0,0.0,0.0,0.0,78.39839122440867,62.0,76.54205484330484,92.0,93.0,72.42857142857143,96.0,50.0,66.0,96.0,lugging
2026-01-01T12:08:40.468+00:00,1090,replay,sample/replay,engine/SID807,decoded CSV,100%,2.183406377229253,0.0,1.073,CLIMBING,↑,1377.0,49.088309,6,lugging,80.0,,22.0,18.0,22.0,16.0,22.0,16.0,80.0,6.0,80.0,normal,1207.0,225.0,219.0,6.0,816.0,818.0,-2.0,982.0,35.0,47.0,34.85615384615385,29.78865384615385,-0.6065015838154746,-0.06184594982134313,easing,21.700000000000003,25.0,417.0,411.0,-6.0,3.0,3.0,0.0,0.0,0.0,0.0,83.0,83.0,0.0,14.5,3.6,446.0,35.0,323.11292000000003,621.992371,10294.874728,940.0,164.0,14.855072463768115,0.0,0.0,0.0,0.0,78.45252807592924,62.0,76.69724715099714,92.0,93.0,72.42857142857143,96.0,50.0,66.0,96.0,lugging
2026-01-01T12:08:40.924+00:00,1091,replay,sample/replay,engine/SID807,decoded CSV,100%,2.1929820250203518,0.0,1.073,CLIMBING,↑,1374.0,49.088309,6,lugging,80.0,,22.0,18.0,22.0,16.0,22.0,16.0,80.0,6.0,80.0,normal,1200.0,218.0,210.0,8.0,815.0,812.0,3.0,982.0,35.0,47.0,34.61076923076923,29.014935897435898,0.0,0.0,steady,21.400000000000002,25.0,412.0,397.0,-15.0,4.0,3.0,-1.0,0.0,0.0,0.0,82.0,82.0,0.0,14.5,3.6,446.0,35.0,323.11292000000003,621.992371,10294.874728,940.0,164.0,14.855072463768115,0.0,0.0,0.0,0.0,78.51146143907772,62.0,76.86618945868946,92.0,93.0,72.42857142857143,96.0,50.0,66.0,96.0,lugging
2026-01-01T12:08:41.359+00:00,1092,replay,sample/replay,engine/SID807,decoded CSV,100%,2.298850877106442,0.0,1.073,CLIMBING,↑,1377.0,49.088309,6,lugging,81.0,,22.0,18.0,22.0,16.0,22.0,16.0,81.0,6.0,81.0,normal,1198.0,216.0,210.0,6.0,810.0,807.0,3.0,982.0,34.0,47.0,34.500512820512824,29.031346153846155,0.0,0.0,steady,21.200000000000003,25.0,412.0,401.0,-11.0,3.0,4.0,1.0,0.0,0.0,0.0,82.0,82.0,0.0,14.5,3.6,446.0,34.0,323.11292000000003,621.992371,10294.874728,940.0,164.0,14.855072463768115,0.0,0.0,0.0,0.0,78.54377360365733,62.0,76.95881766381765,92.0,93.0,72.42857142857143,96.0,50.0,66.0,96.0,lugging
2026-01-01T12:08:42.056+00:00,1093,replay,sample/replay,engine/SID807,decoded CSV,100%,1.4347201745894378,0.0,1.073,CLIMBING,↑,1376.0,49.70968,6,lugging,81.0,,22.0,18.0,22.0,16.0,22.0,16.0,81.0,6.0,81.0,normal,1196.0,215.0,229.0,-14.0,828.0,820.0,8.0,981.0,35.0,47.0,35.123333333333335,29.965000000000003,0.39853325853373345,0.04063908251377723,gaining,22.1,25.0,423.0,414.0,-9.0,2.0,2.0,0.0,0.0,0.0,0.0,83.0,83.0,0.0,14.5,3.6,446.0,35.0,323.11292000000003,621.992371,10294.874728,940.0,164.0,14.855072463768115,0.0,0.0,0.0,0.0,78.38179909560722,62.0,76.49449074074073,92.0,93.0,72.42857142857143,96.0,50.0,66.0,96.0,lugging
2026-01-01T12:08:42.488+00:00,1094,replay,sample/replay,engine/SID807,decoded CSV,100%,2.3148152338461725,0.0,1.073,CLIMBING,↑,1376.0,49.70968,6,lugging,81.0,,22.0,18.0,22.0,16.0,22.0,16.0,81.0,6.0,81.0,normal,1204.0,223.0,224.0,-1.0,818.0,820.0,-2.0,981.0,35.0,47.0,35.0348717948718,30.555705128205126,0.0,0.0,steady,22.0,25.0,421.0,429.0,8.0,2.0,2.0,0.0,0.0,0.0,0.0,83.0,83.0,0.0,14.5,3.6,446.0,35.0,323.11292000000003,621.992371,10294.874728,940.0,164.0,14.855072463768115,0.0,0.0,0.0,0.0,78.40231564301332,62.0,76.55330484330483,92.0,93.0,72.42857142857143,96.0,50.0,66.0,96.0,lugging
2026-01-01T12:08:42.935+00:00,1095,replay,sample/replay,engine/SID807,decoded CSV,100%,2.2371363316823603,0.0,1.073,CLIMBING,↑,1375.0,49.70968,6,lugging,81.0,,22.0,18.0,22.0,16.0,22.0,16.0,81.0,6.0,81.0,normal,1207.0,226.0,216.0,10.0,804.0,813.0,-9.0,981.0,35.0,47.0,34.6774358974359,29.86576923076923,0.0,0.0,steady,21.400000000000002,25.0,415.0,418.0,3.0,3.0,2.0,-1.0,0.0,0.0,0.0,82.0,82.0,0.0,14.5,3.6,446.0,35.0,323.11292000000003,621.992371,10294.874728,940.0,164.0,14.855072463768115,0.0,0.0,0.0,0.0,78.50274050884515,62.0,76.84118945868946,92.0,93.0,72.42857142857143,96.0,50.0,66.0,96.0,lugging
2026-01-01T12:08:43.389+00:00,1096,replay,sample/replay,engine/SID807,decoded CSV,100%,2.202643190313694,0.0,1.073,CLIMBING,↑,1375.0,49.088309,6,lugging,81.0,,22.0,18.0,22.0,16.0,22.0,16.0,81.0,6.0,81.0,normal,1203.0,221.0,207.0,14.0,801.0,807.0,-6.0,982.0,35.0,48.0,34.74358974358974,29.308589743589746,-0.6118451413524281,-0.06239084104688432,easing,21.0,25.0,410.0,410.0,0.0,4.0,4.0,0.0,0.0,0.0,0.0,82.0,82.0,0.0,14.5,3.6,444.0,35.0,323.11292000000003,621.992371,10294.874728,940.0,164.0,14.855072463768115,0.0,0.0,0.0,0.0,78.45719041939972,62.0,76.71061253561254,92.0,93.0,72.42857142857143,96.0,50.0,66.0,96.0,lugging
2026-01-01T12:08:43.888+00:00,1097,replay,sample/replay,engine/SID807,decoded CSV,100%,2.004007724951958,0.0,1.073,CLIMBING,↑,1377.0,49.70968,6,lugging,81.0,,22.0,18.0,22.0,16.0,22.0,16.0,81.0,6.0,81.0,normal,1197.0,216.0,221.0,-5.0,816.0,814.0,2.0,981.0,34.0,48.0,35.19948717948718,29.338653846153846,0.5566686402666812,0.05676440377363128,gaining,21.700000000000003,25.0,418.0,403.0,-15.0,3.0,3.0,0.0,0.0,0.0,0.0,82.0,82.0,0.0,14.5,3.6,444.0,34.0,323.11292000000003,621.992371,10294.874728,940.0,164.0,14.855072463768115,0.0,0.0,0.0,0.0,78.33494086662691,62.0,76.36016381766382,92.0,93.0,72.42857142857143,96.0,50.0,66.0,96.0,lugging
2026-01-01T12:08:44.334+00:00,1098,replay,sample/replay,engine/SID807,decoded CSV,100%,2.2421531663440533,0.0,1.073,CLIMBING,↑,1383.0,49.70968,6,lugging,81.0,,22.0,18.0,22.0,16.0,22.0,16.0,81.0,6.0,81.0,normal,1195.0,213.0,206.0,7.0,812.0,808.0,4.0,982.0,34.0,48.0,34.74025641025641,29.08775641025641,0.0,0.0,steady,21.0,25.0,409.0,405.0,-4.0,3.0,3.0,0.0,0.0,0.0,0.0,82.0,82.0,0.0,14.5,3.6,444.0,34.0,323.11292000000003,621.992371,10294.874728,940.0,164.0,14.855072463768115,0.0,0.0,0.0,0.0,78.45762646591135,62.0,76.71186253561252,92.0,93.0,72.42857142857143,96.0,50.0,66.0,96.0,lugging
2026-01-01T12:08:44.790+00:00,1099,replay,sample/replay,engine/SID807,decoded CSV,100%,2.1929820250203518,0.0,1.073,CLIMBING,↑,1378.0,49.088309,6,lugging,81.0,,22.0,18.0,22.0,16.0,22.0,16.0,81.0,6.0,81.0,normal,1193.0,211.0,198.0,13.0,813.0,806.0,7.0,982.0,34.0,48.0,34.57,28.8925,-0.6091614851567588,-0.06211718427360606,easing,20.8,25.0,405.0,403.0,-2.0,4.0,3.0,-1.0,0.0,0.0,0.0,82.0,82.0,0.0,14.5,3.6,444.0,34.0,323.11292000000003,621.992371,10294.874728,940.0,164.0,14.855072463768115,0.0,0.0,0.0,0.0,78.49778746770026,62.0,76.82699074074074,92.0,93.0,72.42857142857143,96.0,50.0,66.0,96.0,lugging
2026-01-01T12:08:45.236+00:00,1100,replay,sample/replay,engine/SID807,decoded CSV,100%,2.2421531663440533,0.0,1.073,CLIMBING,↑,1376.0,49.088309,6,lugging,82.0,,22.0,18.0,22.0,16.0,22.0,16.0,82.0,6.0,82.0,normal,1190.0,209.0,207.0,2.0,812.0,805.0,7.0,981.0,34.0,48.0,34.69179487179487,30.00929487179487,0.0,0.0,steady,20.900000000000002,25.0,410.0,433.0,23.0,3.0,3.0,0.0,0.0,0.0,0.0,82.0,82.0,0.0,14.5,3.6,441.0,34.0,323.11292000000003,621.992371,10294.874728,940.0,164.0,14.855072463768115,0.0,0.0,0.0,0.0,78.4729104551779,62.0,76.75567663817664,92.0,93.0,72.42857142857143,96.0,50.0,66.0,96.0,lugging
2026-01-01T12:08:45.694+00:00,1101,replay,sample/replay,engine/SID807,decoded CSV,100%,2.1834052406256768,0.0,1.073,CLIMBING,↑,1374.0,49.088309,6,lugging,82.0,,22.0,18.0,22.0,16.0,22.0,16.0,82.0,6.0,82.0,normal,1187.0,206.0,216.0,-10.0,805.0,808.0,-3.0,981.0,34.0,48.0,34.87871794871794,29.12038461538462,0.0,0.0,steady,21.1,25.0,415.0,410.0,-5.0,3.0,3.0,0.0,0.0,0.0,0.0,82.0,82.0,0.0,14.3,3.6,441.0,34.0,323.11292000000003,621.992371,10294.874728,940.0,164.0,14.855072463768115,0.0,0.0,0.0,0.0,78.43056922083083,62.0,76.63429843304843,92.0,93.0,72.42857142857143,96.0,50.0,66.0,96.0,lugging
2026-01-01T12:08:46.178+00:00,1102,replay,sample/replay,engine/SID807,decoded CSV,100%,2.066115840895981,0.0,1.073,CLIMBING,↑,1374.0,49.088309,6,lugging,82.0,,22.0,18.0,22.0,16.0,22.0,16.0,82.0,6.0,82.0,normal,1194.0,213.0,250.0,-37.0,821.0,826.0,-5.0,981.0,35.0,48.0,35.95410256410256,31.084102564102565,0.0,0.0,steady,22.700000000000003,25.0,436.0,440.0,4.0,1.0,1.0,0.0,0.0,0.0,0.0,84.0,83.0,-1.0,14.5,3.6,441.0,35.0,323.11292000000003,621.992371,10294.874728,940.0,164.0,14.855072463768115,0.0,0.0,0.0,0.0,78.14678120651958,62.0,75.82077279202278,92.0,93.0,72.42857142857143,96.0,50.0,66.0,96.0,lugging
2026-01-01T12:08:46.640+00:00,1103,replay,sample/replay,engine/SID807,decoded CSV,100%,2.1645026649217036,0.0,1.073,CLIMBING,↑,1370.0,49.088309,6,lugging,82.0,,22.0,18.0,22.0,16.0,22.0,16.0,82.0,6.0,82.0,normal,1221.0,240.0,307.0,-67.0,847.0,851.0,-4.0,981.0,38.0,48.0,37.459999999999994,32.98833333333333,0.0,0.0,steady,24.700000000000003,25.0,463.0,454.0,-9.0,0.0,0.0,0.0,0.0,0.0,0.0,86.0,84.0,-2.0,14.5,3.6,441.0,38.0,323.11292000000003,621.992371,10294.874728,940.0,164.0,14.855072463768115,0.0,0.0,0.0,0.0,77.77089793281654,62.0,74.74324074074075,92.0,93.0,72.42857142857143,96.0,50.0,66.0,96.0,lugging
2026-01-01T12:08:47.095+00:00,1104,replay,sample/replay,engine/SID807,decoded CSV,100%,2.197801414686265,0.0,1.073,CLIMBING,↑,1370.0,49.088309,6,lugging,82.0,,22.0,18.0,22.0,16.0,22.0,16.0,82.0,6.0,82.0,normal,1247.0,265.0,351.0,-86.0,869.0,863.0,6.0,982.0,39.0,48.0,38.48,34.61416666666666,0.0,0.0,steady,26.0,25.0,479.0,469.0,-10.0,0.0,0.0,0.0,0.0,0.0,0.0,87.0,86.0,-1.0,14.5,3.6,439.0,39.0,323.11292000000003,621.992371,10294.874728,940.0,164.0,14.855072463768115,0.0,0.0,0.0,0.0,76.78863049095607,62.0,74.0274074074074,92.0,88.5,72.42857142857143,96.0,50.0,66.0,96.0,lugging
2026-01-01T12:08:47.555+00:00,1105,replay,sample/replay,engine/SID807,decoded CSV,100%,2.1739139899418416,0.0,1.073,CLIMBING,↑,1371.0,49.088309,6,lugging,82.0,,22.0,18.0,22.0,16.0,22.0,16.0,82.0,6.0,82.0,normal,1278.0,297.0,405.0,-108.0,880.0,882.0,-2.0,981.0,39.0,48.0,39.72358974358974,36.288589743589746,0.0,0.0,steady,27.5,25.0,499.0,482.0,-17.0,0.0,0.0,0.0,0.0,0.0,0.0,89.0,87.0,-2.0,14.5,3.6,439.0,39.0,323.11292000000003,621.992371,10294.874728,940.0,164.0,14.855072463768115,0.0,0.0,0.0,0.0,76.19333383025244,62.0,73.17644586894586,92.0,86.66666666666667,72.42857142857143,96.0,50.0,66.0,96.0,lugging
2026-01-01T12:08:48.085+00:00,1106,replay,sample/replay,engine/SID807,decoded CSV,100%,1.8867917059157473,0.0,1.073,CLIMBING,↑,1370.0,49.088309,6,lugging,82.0,,22.0,18.0,22.0,16.0,22.0,16.0,82.0,6.0,82.0,normal,1308.0,327.0,455.0,-128.0,889.0,890.0,-1.0,981.0,40.0,48.0,40.776923076923076,37.79525641025641,0.0,0.0,steady,28.8,25.0,514.0,494.0,-20.0,0.0,0.0,0.0,0.0,0.0,0.0,91.0,88.0,-3.0,14.5,3.6,439.0,40.0,323.11292000000003,621.992371,10294.874728,940.0,164.0,14.855072463768115,0.0,0.0,0.0,0.0,75.6679462333532,62.0,72.44811253561254,92.0,85.0,72.42857142857143,96.0,50.0,66.0,96.0,lugging
2026-01-01T12:08:48.530+00:00,1107,replay,sample/replay,engine/SID807,decoded CSV,100%,2.247191348351027,0.0,1.073,CLIMBING,↑,1368.0,49.088309,6,lugging,83.0,,22.0,18.0,22.0,16.0,22.0,16.0,83.0,6.0,83.0,normal,1341.0,360.0,514.0,-154.0,907.0,898.0,9.0,981.0,41.0,48.0,42.18948717948718,39.82782051282051,0.0,0.0,steady,30.8,25.0,531.0,510.0,-21.0,0.0,0.0,0.0,0.0,0.0,0.0,93.0,91.0,-2.0,14.3,3.6,439.0,41.0,323.11292000000003,621.992371,10294.874728,940.0,164.0,14.855072463768115,0.0,0.0,0.0,0.0,74.95155908368119,62.0,71.40558048433049,92.0,82.83333333333333,72.42857142857143,96.0,50.0,66.0,96.0,lugging
2026-01-01T12:08:48.985+00:00,1108,replay,sample/replay,engine/SID807,decoded CSV,100%,2.197802566327536,0.0,1.073,CLIMBING,↑,1376.0,49.088309,6,lugging,83.0,,22.0,18.0,22.0,16.0,22.0,16.0,83.0,6.0,83.0,normal,1373.0,392.0,513.0,-121.0,902.0,898.0,4.0,981.0,42.0,48.0,42.14102564102564,41.10352564102565,0.0,0.0,steady,30.700000000000003,25.0,532.0,531.0,-1.0,0.0,0.0,0.0,0.0,0.0,0.0,92.0,91.0,-1.0,14.3,3.6,437.0,42.0,323.11292000000003,621.992371,10294.874728,940.0,164.0,14.855072463768115,0.0,0.0,0.0,0.0,75.41451749155236,62.0,71.44939458689457,92.0,85.58333333333333,72.42857142857143,96.0,50.0,66.0,96.0,lugging
2026-01-01T12:08:49.454+00:00,1109,replay,sample/replay,engine/SID807,decoded CSV,100%,2.1321957024679112,0.0,1.073,CLIMBING,↑,1373.0,49.088309,6,lugging,83.0,,22.0,18.0,22.0,16.0,22.0,16.0,83.0,6.0,83.0,normal,1396.0,414.0,487.0,-73.0,894.0,898.0,-4.0,982.0,44.0,48.0,41.727179487179484,41.590512820512814,0.0,0.0,steady,30.3,25.0,525.0,540.0,15.0,0.0,0.0,0.0,0.0,0.0,0.0,92.0,92.0,0.0,14.5,3.6,437.0,44.0,323.11292000000003,621.992371,10294.874728,940.0,164.0,14.855072463768115,0.0,0.0,0.0,0.0,76.71179685947128,62.0,71.70715099715099,92.0,93.0,72.42857142857143,96.0,50.0,66.0,96.0,lugging
2026-01-01T12:08:49.995+00:00,1110,replay,sample/replay,engine/SID807,decoded CSV,100%,1.84842921346532,0.0,1.073,CLIMBING,↑,1373.0,49.088309,6,lugging,83.0,,22.0,18.0,22.0,16.0,22.0,16.0,83.0,6.0,83.0,normal,1402.0,421.0,469.0,-48.0,906.0,897.0,9.0,981.0,44.0,48.0,41.34820512820512,41.14487179487179,0.0,0.0,steady,29.8,25.0,520.0,528.0,8.0,0.0,0.0,0.0,0.0,0.0,0.0,91.0,92.0,1.0,14.5,3.6,434.0,44.0,323.11292000000003,621.992371,10294.874728,940.0,164.0,14.855072463768115,0.0,0.0,0.0,0.0,76.80609471278078,62.0,71.97747150997151,92.0,93.0,72.42857142857143,96.0,50.0,66.0,96.0,lugging
2026-01-01T12:08:50.495+00:00,1111,replay,sample/replay,engine/SID807,decoded CSV,100%,2.0,0.0,1.073,CLIMBING,↑,1375.0,49.088309,6,lugging,83.0,,22.0,18.0,22.0,16.0,22.0,16.0,83.0,6.0,83.0,normal,1406.0,425.0,462.0,-37.0,883.0,896.0,-13.0,981.0,44.0,48.0,41.1176923076923,41.51102564102564,0.0,0.0,steady,29.400000000000002,25.0,517.0,544.0,27.0,0.0,0.0,0.0,0.0,0.0,0.0,92.0,92.0,0.0,14.3,3.6,434.0,44.0,323.11292000000003,621.992371,10294.874728,940.0,164.0,14.855072463768115,0.0,0.0,0.0,0.0,76.87202718147485,62.0,72.16647792022792,92.0,93.0,72.42857142857143,96.0,50.0,66.0,96.0,lugging
2026-01-01T12:08:50.966+00:00,1112,replay,sample/replay,engine/SID807,decoded CSV,100%,2.1231424482806274,0.0,1.073,CLIMBING,↑,1378.0,49.088309,6,lugging,83.0,,22.0,18.0,22.0,16.0,22.0,16.0,83.0,6.0,83.0,normal,1403.0,422.0,424.0,-2.0,901.0,893.0,8.0,981.0,45.0,48.0,40.41,40.34583333333333,0.0,0.0,steady,28.6,25.0,507.0,519.0,12.0,1.0,1.0,0.0,0.0,0.0,0.0,91.0,92.0,1.0,14.5,3.6,434.0,45.0,323.11292000000003,621.992371,10294.874728,940.0,164.0,14.855072463768115,0.0,0.0,0.0,0.0,77.0361595607235,62.0,72.63699074074074,92.0,93.0,72.42857142857143,96.0,50.0,66.0,96.0,lugging
2026-01-01T12:08:51.437+00:00,1113,replay,sample/replay,engine/SID807,decoded CSV,100%,2.1231413735536706,0.0,1.073,CLIMBING,↑,1379.0,49.70968,6,lugging,83.0,,22.0,18.0,21.0,16.0,21.0,16.0,83.0,5.0,83.0,normal,1386.0,405.0,396.0,9.0,891.0,888.0,3.0,981.0,41.0,48.0,39.82743589743589,38.94243589743589,0.5897613101957423,0.060138916979370356,gaining,27.900000000000002,25.0,496.0,498.0,2.0,2.0,2.0,0.0,0.0,0.0,0.0,91.0,91.0,0.0,14.5,3.6,432.0,41.0,323.11292000000003,621.992371,10294.874728,940.0,164.0,14.855072463768115,0.0,0.0,0.0,0.0,77.17497888093817,62.0,73.03493945868945,92.0,93.0,72.42857142857143,96.0,50.0,66.0,96.0,lugging
2026-01-01T12:08:52.055+00:00,1114,replay,sample/replay,engine/SID807,decoded CSV,100%,1.61812352169822,0.0,1.073,CLIMBING,↑,1378.0,49.70968,6,lugging,83.0,,22.0,18.0,21.0,16.0,21.0,16.0,83.0,5.0,83.0,normal,1367.0,385.0,351.0,34.0,882.0,875.0,7.0,982.0,40.0,49.0,39.06384615384615,37.106346153846154,0.0,0.0,steady,26.400000000000002,25.0,481.0,475.0,-6.0,3.0,3.0,0.0,0.0,0.0,0.0,90.0,91.0,1.0,14.5,3.6,432.0,40.0,323.11292000000003,621.992371,10294.874728,940.0,164.0,14.855072463768115,0.0,0.0,0.0,0.0,77.33636081295965,62.0,73.49756766381766,92.0,93.0,72.42857142857143,96.0,50.0,66.0,96.0,lugging
2026-01-01T12:08:52.516+00:00,1115,replay,sample/replay,engine/SID807,decoded CSV,100%,2.169196436652315,0.0,1.073,CLIMBING,↑,1383.0,49.70968,6,lugging,83.0,,22.0,18.0,21.0,16.0,21.0,16.0,83.0,5.0,83.0,normal,1342.0,361.0,329.0,32.0,874.0,868.0,6.0,981.0,39.0,49.0,38.60487179487179,35.052371794871796,0.0,0.0,steady,25.900000000000002,25.0,472.0,437.0,-35.0,3.0,3.0,0.0,0.0,0.0,0.0,89.0,91.0,2.0,14.5,3.6,430.0,39.0,323.11292000000003,621.992371,10294.874728,940.0,164.0,14.855072463768115,0.0,0.0,0.0,0.0,77.44112378254819,62.0,73.79788817663817,92.0,93.0,72.42857142857143,96.0,50.0,66.0,96.0,lugging
2026-01-01T12:08:53.022+00:00,1116,replay,sample/replay,engine/SID807,decoded CSV,100%,1.9762853522824346,0.0,1.073,CLIMBING,↑,1377.0,49.088309,6,lugging,82.0,,22.0,18.0,21.0,16.0,21.0,16.0,82.0,5.0,82.0,normal,1321.0,340.0,277.0,63.0,863.0,853.0,10.0,981.0,38.0,49.0,37.40794871794872,33.769615384615385,-0.5489679835742127,-0.05597915532564258,easing,24.400000000000002,25.0,453.0,430.0,-23.0,4.0,3.0,-1.0,0.0,0.0,0.0,88.0,90.0,2.0,14.5,3.6,430.0,38.0,323.11292000000003,621.992371,10294.874728,940.0,164.0,14.855072463768115,0.0,0.0,0.0,0.0,77.73186617968595,62.0,74.6313497150997,92.0,93.0,72.42857142857143,96.0,50.0,66.0,96.0,lugging
2026-01-01T12:08:53.495+00:00,1117,replay,sample/replay,engine/SID807,decoded CSV,100%,2.1141646832057566,0.0,1.073,CLIMBING,↑,1381.0,49.70968,6,lugging,82.0,,22.0,18.0,21.0,16.0,21.0,16.0,82.0,5.0,82.0,normal,1302.0,320.0,306.0,14.0,854.0,853.0,1.0,982.0,37.0,49.0,37.81333333333333,32.755,0.5872677858705364,0.05988464826118363,gaining,24.700000000000003,25.0,464.0,410.0,-54.0,3.0,4.0,1.0,0.0,0.0,0.0,89.0,89.0,0.0,14.3,3.6,430.0,37.0,323.11292000000003,621.992371,10294.874728,940.0,164.0,14.855072463768115,0.0,0.0,0.0,0.0,77.65200258397932,62.0,74.40240740740741,92.0,93.0,72.42857142857143,96.0,50.0,66.0,96.0,lugging
2026-01-01T12:08:53.952+00:00,1118,replay,sample/replay,engine/SID807,decoded CSV,100%,2.1881837252458136,0.0,1.073,CLIMBING,↑,1374.0,49.088309,6,lugging,82.0,,22.0,18.0,21.0,16.0,21.0,16.0,82.0,5.0,82.0,normal,1296.0,315.0,322.0,-7.0,876.0,863.0,13.0,981.0,38.0,49.0,38.347692307692306,34.94019230769231,-0.6078286245206312,-0.06198127031357612,easing,25.5,25.0,469.0,459.0,-10.0,2.0,2.0,0.0,0.0,0.0,0.0,89.0,89.0,0.0,14.5,3.6,430.0,38.0,323.11292000000003,621.992371,10294.874728,940.0,164.0,14.855072463768115,0.0,0.0,0.0,0.0,77.51054462333532,62.0,73.99689458689458,92.0,93.0,72.42857142857143,96.0,50.0,66.0,96.0,lugging
2026-01-01T12:08:54.435+00:00,1119,replay,sample/replay,engine/SID807,decoded CSV,100%,2.070393203047216,0.0,1.073,CLIMBING,↑,1379.0,49.088309,6,lugging,82.0,,22.0,18.0,21.0,16.0,21.0,16.0,82.0,5.0,82.0,normal,1303.0,322.0,337.0,-15.0,868.0,861.0,7.0,981.0,39.0,49.0,38.48435897435897,34.57019230769231,0.0,0.0,steady,25.5,25.0,475.0,447.0,-28.0,1.0,2.0,1.0,0.0,0.0,0.0,89.0,90.0,1.0,14.5,3.6,427.0,39.0,323.11292000000003,621.992371,10294.874728,940.0,164.0,14.855072463768115,0.0,0.0,0.0,0.0,77.49266671635858,62.0,73.94564458689459,92.0,93.0,72.42857142857143,96.0,50.0,66.0,96.0,lugging
2026-01-01T12:08:54.897+00:00,1120,replay,sample/replay,engine/SID807,decoded CSV,100%,2.1645026649217036,0.0,1.073,CLIMBING,↑,1381.0,49.70968,6,lugging,82.0,,22.0,18.0,21.0,16.0,21.0,16.0,82.0,5.0,82.0,normal,1320.0,340.0,389.0,-49.0,887.0,881.0,6.0,980.0,41.0,49.0,39.86846153846154,37.64679487179487,0.6012505542434762,0.0613104938224038,gaining,27.400000000000002,25.0,494.0,498.0,4.0,0.0,0.0,0.0,0.0,0.0,0.0,91.0,90.0,-1.0,14.3,3.6,427.0,41.0,323.11292000000003,621.992371,10294.874728,940.0,164.0,14.855072463768115,0.0,0.0,0.0,0.0,77.1416604551779,62.0,72.93942663817664,92.0,93.0,72.42857142857143,96.0,50.0,66.0,96.0,lugging
2026-01-01T12:08:55.376+00:00,1121,replay,sample/replay,engine/SID807,decoded CSV,100%,2.087682273208725,0.0,1.073,CLIMBING,↑,1377.0,49.088309,6,lugging,82.0,,22.0,18.0,22.0,16.0,22.0,16.0,82.0,6.0,82.0,normal,1338.0,358.0,331.0,27.0,865.0,869.0,-4.0,980.0,41.0,49.0,38.63153846153846,37.434871794871796,-0.5799115631472005,-0.0591345223034574,easing,25.900000000000002,25.0,471.0,504.0,33.0,1.0,0.0,-1.0,0.0,0.0,0.0,89.0,90.0,1.0,14.5,3.6,425.0,41.0,323.11292000000003,621.992371,10294.874728,940.0,164.0,14.855072463768115,0.0,0.0,0.0,0.0,77.43763541045517,62.0,73.78788817663818,92.0,93.0,72.42857142857143,96.0,50.0,66.0,96.0,lugging
2026-01-01T12:08:55.825+00:00,1122,replay,sample/replay,engine/SID807,decoded CSV,100%,2.227170896161568,0.0,1.073,CLIMBING,↑,1379.0,49.70968,6,lugging,82.0,,22.0,18.0,22.0,16.0,22.0,16.0,82.0,6.0,82.0,normal,1336.0,355.0,315.0,40.0,868.0,860.0,8.0,981.0,40.0,49.0,38.18076923076923,36.505769230769225,0.618658390868981,0.06308559914639363,gaining,25.3,25.0,467.0,486.0,19.0,2.0,1.0,-1.0,0.0,0.0,0.0,88.0,89.0,1.0,14.5,3.6,425.0,40.0,323.11292000000003,621.992371,10294.874728,940.0,164.0,14.855072463768115,0.0,0.0,0.0,0.0,77.55026957861261,62.0,74.1107727920228,92.0,93.0,72.42857142857143,96.0,50.0,66.0,96.0,lugging
2026-01-01T12:08:56.349+00:00,1123,replay,sample/replay,engine/SID807,decoded CSV,100%,1.908397203586289,0.0,1.073,CLIMBING,↑,1384.0,49.70968,6,lugging,81.0,,22.0,18.0,21.0,16.0,21.0,16.0,81.0,5.0,81.0,normal,1326.0,345.0,292.0,53.0,865.0,855.0,10.0,981.0,40.0,49.0,37.60974358974359,35.090576923076924,0.0,0.0,steady,24.5,25.0,458.0,461.0,3.0,3.0,2.0,-1.0,0.0,0.0,0.0,87.0,88.0,1.0,14.5,3.6,425.0,40.0,323.11292000000003,621.992371,10294.874728,940.0,164.0,14.855072463768115,0.0,0.0,0.0,0.0,77.69652405088452,62.0,74.53003561253561,92.0,93.0,72.42857142857143,96.0,50.0,66.0,96.0,lugging
2026-01-01T12:08:56.819+00:00,1124,replay,sample/replay,engine/SID807,decoded CSV,100%,2.127659444951436,0.0,1.073,CLIMBING,↑,1384.0,49.70968,6,lugging,81.0,,22.0,18.0,21.0,16.0,21.0,16.0,81.0,5.0,81.0,normal,1306.0,325.0,274.0,51.0,854.0,847.0,7.0,981.0,38.0,50.0,37.53410256410256,33.554102564102564,0.0,0.0,steady,24.0,25.0,452.0,436.0,-16.0,4.0,3.0,-1.0,0.0,0.0,0.0,86.0,87.0,1.0,14.5,3.6,423.0,38.0,323.11292000000003,621.992371,10294.874728,940.0,164.0,14.855072463768115,0.0,0.0,0.0,0.0,77.67846725303122,62.0,74.47827279202279,92.0,93.0,72.42857142857143,96.0,50.0,66.0,96.0,lugging
2026-01-01T12:08:57.262+00:00,1125,replay,sample/replay,engine/SID807,decoded CSV,100%,2.2573371595133893,0.0,1.073,CLIMBING,↑,1380.0,49.70968,6,lugging,81.0,,22.0,18.0,21.0,16.0,21.0,16.0,81.0,5.0,81.0,normal,1280.0,299.0,253.0,46.0,844.0,840.0,4.0,981.0,37.0,50.0,36.969743589743594,32.283076923076926,0.0,0.0,steady,23.200000000000003,25.0,439.0,424.0,-15.0,4.0,4.0,0.0,0.0,0.0,0.0,85.0,87.0,2.0,14.5,3.6,423.0,37.0,323.11292000000003,621.992371,10294.874728,940.0,164.0,14.855072463768115,0.0,0.0,0.0,0.0,77.82384963227987,62.0,74.89503561253561,92.0,93.0,72.42857142857143,96.0,50.0,66.0,96.0,lugging
2026-01-01T12:08:57.706+00:00,1126,replay,sample/replay,engine/SID807,decoded CSV,100%,2.2522522232263724,0.0,1.073,CLIMBING,↑,1381.0,49.70968,6,lugging,81.0,,22.0,18.0,21.0,16.0,21.0,16.0,81.0,5.0,81.0,normal,1258.0,277.0,216.0,61.0,810.0,817.0,-7.0,981.0,35.0,50.0,35.83102564102564,30.515192307692306,0.0,0.0,steady,21.6,25.0,415.0,409.0,-6.0,7.0,6.0,-1.0,0.0,0.0,0.0,84.0,85.0,1.0,14.5,3.6,423.0,35.0,323.11292000000003,621.992371,10294.874728,940.0,164.0,14.855072463768115,0.0,0.0,0.0,0.0,78.11592253031206,62.0,75.73231125356125,92.0,93.0,72.42857142857143,96.0,50.0,66.0,96.0,lugging
2026-01-01T12:08:58.245+00:00,1127,replay,sample/replay,engine/SID807,decoded CSV,100%,1.855287451398442,0.0,1.073,CLIMBING,↑,1384.0,49.70968,6,lugging,81.0,,22.0,18.0,21.0,16.0,21.0,16.0,81.0,5.0,81.0,normal,1228.0,246.0,229.0,17.0,815.0,815.0,0.0,982.0,33.0,50.0,36.06307692307692,29.66974358974359,0.0,0.0,steady,21.900000000000002,25.0,424.0,396.0,-28.0,5.0,7.0,2.0,0.0,0.0,0.0,84.0,85.0,1.0,14.5,3.6,420.0,33.0,323.11292000000003,621.992371,10294.874728,940.0,164.0,14.855072463768115,0.0,0.0,0.0,0.0,78.0587333532101,62.0,75.56836894586894,92.0,93.0,72.42857142857143,96.0,50.0,66.0,96.0,lugging
2026-01-01T12:08:58.750+00:00,1128,replay,sample/replay,engine/SID807,decoded CSV,100%,1.9801975710581627,0.0,1.073,CLIMBING,↑,1381.0,49.70968,6,lugging,81.0,,22.0,18.0,21.0,16.0,21.0,16.0,81.0,5.0,81.0,normal,1211.0,230.0,186.0,44.0,800.0,802.0,-2.0,981.0,33.0,50.0,34.93102564102564,28.60269230769231,0.0,0.0,steady,20.3,25.0,397.0,394.0,-3.0,6.0,5.0,-1.0,0.0,0.0,0.0,83.0,84.0,1.0,14.5,3.6,420.0,33.0,323.11292000000003,621.992371,10294.874728,940.0,164.0,14.855072463768115,0.0,0.0,0.0,0.0,78.34993415821904,62.0,76.40314458689458,92.0,93.0,72.42857142857143,96.0,50.0,66.0,96.0,lugging
2026-01-01T12:08:59.235+00:00,1129,replay,sample/replay,engine/SID807,decoded CSV,100%,2.061856116076937,0.0,1.073,CLIMBING,↑,1379.0,49.088309,6,lugging,81.0,,22.0,18.0,21.0,16.0,21.0,16.0,81.0,5.0,81.0,normal,1199.0,218.0,207.0,11.0,809.0,806.0,3.0,981.0,32.0,50.0,35.43692307692308,28.312756410256412,-0.5727376328300352,-0.05840298499793867,easing,21.0,25.0,410.0,383.0,-27.0,4.0,5.0,1.0,0.0,0.0,0.0,84.0,84.0,0.0,14.5,3.6,420.0,32.0,323.11292000000003,621.992371,10294.874728,940.0,164.0,14.855072463768115,0.0,0.0,0.0,0.0,78.22114390777183,62.0,76.03394586894586,92.0,93.0,72.42857142857143,96.0,50.0,66.0,96.0,lugging
2026-01-01T12:08:59.689+00:00,1130,replay,sample/replay,engine/SID807,decoded CSV,100%,2.202643190313694,0.0,1.073,CLIMBING,↑,1381.0,49.70968,6,lugging,81.0,,22.0,18.0,21.0,16.0,21.0,16.0,81.0,5.0,81.0,normal,1194.0,213.0,225.0,-12.0,805.0,808.0,-3.0,981.0,33.0,50.0,35.74564102564103,29.337307692307693,0.6118451413524281,0.06239084104688432,gaining,21.3,25.0,421.0,410.0,-11.0,3.0,4.0,1.0,0.0,0.0,0.0,84.0,84.0,0.0,14.5,3.6,420.0,33.0,323.11292000000003,621.992371,10294.874728,940.0,164.0,14.855072463768115,0.0,0.0,0.0,0.0,78.15392566090239,62.0,75.84125356125355,92.0,93.0,72.42857142857143,96.0,50.0,66.0,96.0,lugging
2026-01-01T12:09:00.169+00:00,1131,replay,sample/replay,engine/SID807,decoded CSV,100%,2.083333250549108,0.0,1.073,CLIMBING,↑,1378.0,49.088309,6,lugging,81.0,,22.0,18.0,21.0,16.0,21.0,16.0,81.0,5.0,81.0,normal,1207.0,226.0,255.0,-29.0,837.0,834.0,3.0,981.0,35.0,50.0,36.91128205128205,31.237115384615386,-0.5787035016710521,-0.059011334316107146,easing,23.1,25.0,439.0,431.0,-8.0,1.0,1.0,0.0,0.0,0.0,0.0,85.0,84.0,-1.0,14.5,3.6,418.0,35.0,323.11292000000003,621.992371,10294.874728,940.0,164.0,14.855072463768115,0.0,0.0,0.0,0.0,77.8404417610813,62.0,74.9425997150997,92.0,93.0,72.42857142857143,96.0,50.0,66.0,96.0,lugging
2026-01-01T12:09:00.666+00:00,1132,replay,sample/replay,engine/SID807,decoded CSV,100%,2.012072519547206,0.0,1.073,CLIMBING,↑,1378.0,49.70968,6,lugging,80.0,,22.0,18.0,21.0,16.0,21.0,16.0,80.0,5.0,80.0,normal,1230.0,249.0,256.0,-7.0,842.0,837.0,5.0,981.0,38.0,50.0,36.9797435897436,32.51724358974359,0.5589088602945129,0.05699284264193307,gaining,23.200000000000003,25.0,440.0,453.0,13.0,2.0,1.0,-1.0,0.0,0.0,0.0,85.0,85.0,0.0,14.5,3.6,418.0,38.0,323.11292000000003,621.992371,10294.874728,940.0,164.0,14.855072463768115,0.0,0.0,0.0,0.0,77.82254149274496,62.0,74.8912856125356,92.0,93.0,72.42857142857143,96.0,50.0,66.0,96.0,lugging
2026-01-01T12:09:01.096+00:00,1133,replay,sample/replay,engine/SID807,decoded CSV,100%,2.3255810343039927,0.0,1.073,CLIMBING,↑,1381.0,49.70968,6,lugging,80.0,,22.0,18.0,21.0,16.0,21.0,16.0,80.0,5.0,80.0,normal,1239.0,258.0,243.0,15.0,838.0,829.0,9.0,981.0,37.0,50.0,36.56564102564103,31.744807692307692,0.0,0.0,steady,22.6,25.0,432.0,435.0,3.0,3.0,2.0,-1.0,0.0,0.0,0.0,84.0,84.0,0.0,14.3,3.6,418.0,37.0,323.11292000000003,621.992371,10294.874728,940.0,164.0,14.855072463768115,0.0,0.0,0.0,0.0,77.9303791492745,62.0,75.20042022792022,92.0,93.0,72.42857142857143,96.0,50.0,66.0,96.0,lugging
2026-01-01T12:09:01.696+00:00,1134,replay,sample/replay,engine/SID807,decoded CSV,100%,1.666666931576241,0.0,1.073,CLIMBING,↑,1384.0,49.70968,6,lugging,80.0,,22.0,18.0,21.0,16.0,21.0,16.0,80.0,5.0,80.0,normal,1233.0,252.0,234.0,18.0,813.0,823.0,-10.0,981.0,35.0,50.0,36.24333333333334,30.73333333333333,0.0,0.0,steady,22.1,25.0,427.0,420.0,-7.0,3.0,3.0,0.0,0.0,0.0,0.0,84.0,84.0,0.0,14.5,3.6,416.0,35.0,323.11292000000003,621.992371,10294.874728,940.0,164.0,14.855072463768115,0.0,0.0,0.0,0.0,78.0172642118863,62.0,75.44949074074073,92.0,93.0,72.42857142857143,96.0,50.0,66.0,96.0,lugging
2026-01-01T12:09:02.216+00:00,1135,replay,sample/replay,engine/SID807,decoded CSV,100%,1.9230769936149668,0.0,1.073,CLIMBING,↑,1380.0,49.70968,6,lugging,80.0,,22.0,18.0,21.0,16.0,21.0,16.0,80.0,5.0,80.0,normal,1225.0,244.0,208.0,36.0,819.0,812.0,7.0,981.0,35.0,50.0,35.56384615384615,30.39301282051282,0.0,0.0,steady,21.200000000000003,25.0,411.0,423.0,12.0,5.0,4.0,-1.0,0.0,0.0,0.0,83.0,84.0,1.0,14.3,3.6,416.0,35.0,323.11292000000003,621.992371,10294.874728,940.0,164.0,14.855072463768115,0.0,0.0,0.0,0.0,78.18665151063408,62.0,75.93506766381766,92.0,93.0,72.42857142857143,96.0,50.0,66.0,96.0,lugging
2026-01-01T12:09:02.635+00:00,1136,replay,sample/replay,engine/SID807,decoded CSV,100%,2.386633997453076,0.0,1.073,CLIMBING,↑,1383.0,49.70968,6,lugging,80.0,,22.0,18.0,21.0,16.0,21.0,16.0,80.0,5.0,80.0,normal,1209.0,227.0,180.0,47.0,798.0,795.0,3.0,982.0,33.0,50.0,34.48205128205128,27.903717948717947,0.0,0.0,steady,19.8,24.0,393.0,382.0,-11.0,6.0,6.0,0.0,0.0,0.0,0.0,82.0,84.0,2.0,14.5,3.6,416.0,33.0,323.11292000000003,621.992371,10294.874728,940.0,164.0,14.855072463768115,0.0,0.0,0.0,0.0,78.48245875571457,62.0,76.78304843304844,92.0,93.0,72.42857142857143,96.0,50.0,66.0,96.0,lugging
2026-01-01T12:09:03.074+00:00,1137,replay,sample/replay,engine/SID807,decoded CSV,100%,2.2779048921440785,0.0,1.073,CLIMBING,↑,1380.0,49.70968,6,lugging,80.0,,22.0,18.0,21.0,16.0,21.0,16.0,80.0,5.0,80.0,normal,1189.0,208.0,157.0,51.0,777.0,774.0,3.0,981.0,32.0,50.0,33.72358974358974,25.661089743589745,0.0,0.0,steady,18.400000000000002,25.0,374.0,349.0,-25.0,9.0,8.0,-1.0,0.0,0.0,0.0,81.0,82.0,1.0,14.5,3.6,416.0,32.0,323.11292000000003,621.992371,10294.874728,940.0,164.0,14.855072463768115,0.0,0.0,0.0,0.0,78.67782995428345,62.0,77.34311253561253,92.0,93.0,72.42857142857143,96.0,50.0,66.0,96.0,lugging
2026-01-01T12:09:03.505+00:00,1138,replay,sample/replay,engine/SID807,decoded CSV,100%,2.3201856456524563,0.0,1.073,CLIMBING,↑,1380.0,49.70968,6,lugging,80.0,,22.0,18.0,21.0,16.0,21.0,16.0,80.0,5.0,80.0,normal,1167.0,186.0,148.0,38.0,758.0,755.0,3.0,981.0,29.0,50.0,33.16076923076923,25.159102564102565,0.0,0.0,steady,17.5,25.0,366.0,358.0,-8.0,10.0,12.0,2.0,0.0,0.0,0.0,81.0,81.0,0.0,14.5,3.6,416.0,29.0,323.11292000000003,621.992371,10294.874728,940.0,164.0,14.855072463768115,0.0,0.0,0.0,0.0,78.83195562512422,62.0,77.78493945868945,92.0,93.0,72.42857142857143,96.0,50.0,66.0,96.0,lugging
2026-01-01T12:09:03.975+00:00,1139,replay,sample/replay,engine/SID807,decoded CSV,100%,2.127659444951436,0.0,1.067,CLIMBING,↑,1379.0,49.70968,6,lugging,80.0,,22.0,18.0,21.0,16.0,21.0,16.0,80.0,5.0,80.0,normal,1144.0,163.0,166.0,-3.0,771.0,768.0,3.0,981.0,29.0,50.0,33.81205128205128,25.58121794871795,0.0,0.0,steady,18.5,25.0,381.0,367.0,-14.0,6.0,7.0,1.0,0.0,0.0,0.0,81.0,81.0,0.0,14.5,3.6,416.0,29.0,323.11292000000003,621.992371,10294.874728,940.0,164.0,14.855072463768115,0.0,0.0,0.0,0.0,78.65731340687735,62.0,77.28429843304843,92.0,93.0,72.42857142857143,96.0,50.0,66.0,96.0,lugging
2026-01-01T12:09:04.429+00:00,1140,replay,sample/replay,engine/SID807,decoded CSV,100%,2.202643190313694,0.0,1.067,CLIMBING,↑,1375.0,49.088309,6,lugging,80.0,,22.0,18.0,21.0,16.0,21.0,16.0,80.0,5.0,80.0,normal,1148.0,167.0,171.0,-4.0,779.0,779.0,0.0,981.0,32.0,50.0,34.16615384615385,26.181153846153848,-0.6118451413524281,-0.06239084104688432,easing,19.1,25.0,385.0,374.0,-11.0,4.0,5.0,1.0,0.0,0.0,0.0,82.0,81.0,-1.0,14.5,3.6,413.0,32.0,323.11292000000003,621.992371,10294.874728,940.0,164.0,14.855072463768115,0.0,0.0,0.0,0.0,78.55732458755716,62.0,76.99766381766382,92.0,93.0,72.42857142857143,96.0,50.0,66.0,96.0,lugging
2026-01-01T12:09:04.883+00:00,1141,replay,sample/replay,engine/SID807,decoded CSV,100%,2.202643190313694,0.0,1.067,CLIMBING,↑,1379.0,49.088309,6,lugging,80.0,,22.0,18.0,21.0,16.0,21.0,16.0,80.0,5.0,80.0,normal,1154.0,173.0,180.0,-7.0,793.0,787.0,6.0,981.0,32.0,50.0,34.54025641025641,27.256089743589744,0.0,0.0,steady,19.700000000000003,25.0,392.0,391.0,-1.0,4.0,4.0,0.0,0.0,0.0,0.0,82.0,81.0,-1.0,14.5,3.6,413.0,32.0,323.11292000000003,621.992371,10294.874728,940.0,164.0,14.855072463768115,0.0,0.0,0.0,0.0,78.45471948916718,62.0,76.7035292022792,92.0,93.0,72.42857142857143,96.0,50.0,66.0,96.0,lugging
2026-01-01T12:09:05.369+00:00,1142,replay,sample/replay,engine/SID807,decoded CSV,100%,2.0576129103153797,0.0,1.067,CLIMBING,↑,1374.0,49.088309,6,lugging,80.0,,22.0,18.0,21.0,16.0,21.0,16.0,80.0,5.0,80.0,normal,1164.0,182.0,182.0,0.0,803.0,791.0,12.0,982.0,33.0,50.0,34.66384615384615,27.94551282051282,0.0,0.0,steady,19.900000000000002,25.0,394.0,402.0,8.0,4.0,3.0,-1.0,0.0,0.0,0.0,82.0,81.0,-1.0,14.5,3.6,413.0,33.0,323.11292000000003,621.992371,10294.874728,940.0,164.0,14.855072463768115,0.0,0.0,0.0,0.0,78.42066313854103,62.0,76.605900997151,92.0,93.0,72.42857142857143,96.0,50.0,66.0,96.0,lugging
2026-01-01T12:09:05.809+00:00,1143,replay,sample/replay,engine/SID807,decoded CSV,100%,2.272726977167089,0.0,1.067,CLIMBING,↑,1376.0,49.088309,6,lugging,80.0,,22.0,18.0,21.0,16.0,21.0,16.0,80.0,5.0,80.0,normal,1170.0,189.0,189.0,0.0,793.0,791.0,2.0,981.0,33.0,50.0,34.73384615384615,27.81467948717949,0.0,0.0,steady,19.900000000000002,25.0,399.0,397.0,-2.0,4.0,3.0,-1.0,0.0,0.0,0.0,82.0,81.0,-1.0,14.5,3.6,413.0,33.0,323.11292000000003,621.992371,10294.874728,940.0,164.0,14.855072463768115,0.0,0.0,0.0,0.0,78.41150616179686,62.0,76.57965099715099,92.0,93.0,72.42857142857143,96.0,50.0,66.0,96.0,lugging
2026-01-01T12:09:06.262+00:00,1144,replay,sample/replay,engine/SID807,decoded CSV,100%,2.2075063459891715,0.0,1.067,CLIMBING,↑,1378.0,49.70968,6,lugging,81.0,,22.0,18.0,21.0,16.0,21.0,16.0,81.0,5.0,81.0,normal,1173.0,192.0,189.0,3.0,809.0,801.0,8.0,981.0,33.0,50.0,34.992820512820515,28.320320512820512,0.6131960175110209,0.06252859207894856,gaining,20.400000000000002,25.0,399.0,401.0,2.0,4.0,3.0,-1.0,0.0,0.0,0.0,82.0,81.0,-1.0,14.5,3.6,413.0,33.0,323.11292000000003,621.992371,10294.874728,940.0,164.0,14.855072463768115,0.0,0.0,0.0,0.0,78.33290598290598,62.0,76.35433048433049,92.0,93.0,72.42857142857143,96.0,50.0,66.0,96.0,lugging
2026-01-01T12:09:06.687+00:00,1145,replay,sample/replay,engine/SID807,decoded CSV,100%,2.352940120499501,0.0,1.067,CLIMBING,↑,1379.0,49.70968,6,lugging,81.0,,22.0,18.0,21.0,16.0,21.0,16.0,81.0,5.0,81.0,normal,1173.0,192.0,183.0,9.0,785.0,791.0,-6.0,981.0,33.0,50.0,34.67384615384615,27.85884615384615,0.0,0.0,steady,19.900000000000002,25.0,394.0,398.0,4.0,4.0,4.0,0.0,0.0,0.0,0.0,82.0,81.0,-1.0,14.5,3.6,413.0,33.0,323.11292000000003,621.992371,10294.874728,940.0,164.0,14.855072463768115,0.0,0.0,0.0,0.0,78.41935499900617,62.0,76.602150997151,92.0,93.0,72.42857142857143,96.0,50.0,66.0,96.0,lugging
2026-01-01T12:09:07.152+00:00,1146,replay,sample/replay,engine/SID807,decoded CSV,100%,2.1505380313594835,0.0,1.067,CLIMBING,↑,1381.0,49.70968,6,lugging,81.0,,22.0,18.0,21.0,16.0,21.0,16.0,81.0,5.0,81.0,normal,1170.0,189.0,178.0,11.0,788.0,789.0,-1.0,981.0,33.0,50.0,34.49512820512821,27.00762820512821,0.0,0.0,steady,19.6,25.0,390.0,379.0,-11.0,5.0,5.0,0.0,0.0,0.0,0.0,81.0,81.0,0.0,14.5,3.6,413.0,33.0,323.11292000000003,621.992371,10294.874728,940.0,164.0,14.855072463768115,0.0,0.0,0.0,0.0,78.46956743192209,62.0,76.7460933048433,92.0,93.0,72.42857142857143,96.0,50.0,66.0,96.0,lugging
2026-01-01T12:09:07.599+00:00,1147,replay,sample/replay,engine/SID807,decoded CSV,100%,2.2371363316823603,0.0,1.067,CLIMBING,↑,1378.0,49.088309,6,lugging,81.0,,22.0,18.0,21.0,16.0,21.0,16.0,81.0,5.0,81.0,normal,1165.0,183.0,177.0,6.0,777.0,784.0,-7.0,982.0,32.0,50.0,34.374871794871794,26.822371794871795,-0.621426566546127,-0.06336787450822932,easing,19.400000000000002,25.0,389.0,381.0,-8.0,5.0,5.0,0.0,0.0,0.0,0.0,81.0,81.0,0.0,14.5,3.6,411.0,32.0,323.11292000000003,621.992371,10294.874728,940.0,164.0,14.855072463768115,0.0,0.0,0.0,0.0,78.5031877360366,62.0,76.84247150997152,92.0,93.0,72.42857142857143,96.0,50.0,66.0,96.0,lugging
2026-01-01T12:09:08.064+00:00,1148,replay,sample/replay,engine/SID807,decoded CSV,100%,2.1505380313594835,0.0,1.067,CLIMBING,↑,1373.0,49.088309,6,lugging,81.0,,22.0,18.0,21.0,16.0,21.0,16.0,81.0,5.0,81.0,normal,1163.0,182.0,183.0,-1.0,790.0,785.0,5.0,981.0,32.0,50.0,34.51846153846154,27.590128205128206,0.0,0.0,steady,19.6,25.0,394.0,398.0,4.0,5.0,5.0,0.0,0.0,0.0,0.0,82.0,81.0,-1.0,14.5,3.6,411.0,32.0,323.11292000000003,621.992371,10294.874728,940.0,164.0,14.855072463768115,0.0,0.0,0.0,0.0,78.46651510634068,62.0,76.73734330484331,92.0,93.0,72.42857142857143,96.0,50.0,66.0,96.0,lugging
2026-01-01T12:09:08.514+00:00,1149,replay,sample/replay,engine/SID807,decoded CSV,100%,2.2222219867471074,0.0,1.067,CLIMBING,↑,1377.0,49.70968,6,lugging,81.0,,22.0,18.0,21.0,16.0,21.0,16.0,81.0,5.0,81.0,normal,1167.0,186.0,189.0,-3.0,798.0,796.0,2.0,981.0,33.0,50.0,34.8825641025641,27.76673076923077,0.6172836942347069,0.06294541910180407,gaining,20.200000000000003,25.0,399.0,393.0,-6.0,3.0,4.0,1.0,0.0,0.0,0.0,82.0,82.0,0.0,14.5,3.6,411.0,33.0,323.11292000000003,621.992371,10294.874728,940.0,164.0,14.855072463768115,0.0,0.0,0.0,0.0,78.36521814748558,62.0,76.44695868945868,92.0,93.0,72.42857142857143,96.0,50.0,66.0,96.0,lugging
2026-01-01T12:09:08.959+00:00,1150,replay,sample/replay,engine/SID807,decoded CSV,100%,2.247191348351027,0.0,1.067,CLIMBING,↑,1378.0,49.70968,6,lugging,81.0,,22.0,18.0,21.0,16.0,21.0,16.0,81.0,5.0,81.0,normal,1171.0,190.0,183.0,7.0,791.0,797.0,-6.0,981.0,33.0,51.0,35.10230769230769,28.200641025641026,0.0,0.0,steady,20.0,25.0,394.0,406.0,12.0,4.0,3.0,-1.0,0.0,0.0,0.0,82.0,82.0,0.0,14.5,3.6,411.0,33.0,323.11292000000003,621.992371,10294.874728,940.0,164.0,14.855072463768115,0.0,0.0,0.0,0.0,78.28168728880938,62.0,76.20750356125356,92.0,93.0,72.42857142857143,96.0,50.0,66.0,96.0,lugging
2026-01-01T12:09:09.392+00:00,1151,replay,sample/replay,engine/SID807,decoded CSV,100%,2.3094683542073438,0.0,1.067,CLIMBING,↑,1378.0,49.70968,6,lugging,81.0,,22.0,18.0,21.0,16.0,21.0,16.0,81.0,5.0,81.0,normal,1173.0,192.0,172.0,20.0,781.0,781.0,0.0,981.0,33.0,51.0,34.539487179487175,27.296153846153846,0.0,0.0,steady,19.1,25.0,385.0,392.0,7.0,5.0,5.0,0.0,0.0,0.0,0.0,81.0,81.0,0.0,14.3,3.6,411.0,33.0,323.11292000000003,621.992371,10294.874728,940.0,164.0,14.855072463768115,0.0,0.0,0.0,0.0,78.43581295965018,62.0,76.64933048433048,92.0,93.0,72.42857142857143,96.0,50.0,66.0,96.0,lugging
2026-01-01T12:09:09.833+00:00,1152,replay,sample/replay,engine/SID807,decoded CSV,100%,2.2675737746041493,0.0,1.067,CLIMBING,↑,1375.0,49.088309,6,lugging,81.0,,22.0,18.0,21.0,16.0,21.0,16.0,81.0,5.0,81.0,normal,1165.0,184.0,162.0,22.0,773.0,772.0,1.0,981.0,32.0,51.0,34.18717948717949,26.719679487179487,-0.6298814091864533,-0.0642300285200811,easing,18.6,25.0,378.0,387.0,9.0,7.0,6.0,-1.0,0.0,0.0,0.0,81.0,81.0,0.0,14.5,3.6,411.0,32.0,323.11292000000003,621.992371,10294.874728,940.0,164.0,14.855072463768115,0.0,0.0,0.0,0.0,78.52662244086663,62.0,76.90965099715099,92.0,93.0,72.42857142857143,96.0,50.0,66.0,96.0,lugging
2026-01-01T12:09:10.273+00:00,1153,replay,sample/replay,engine/SID807,decoded CSV,100%,2.272726977167089,0.0,1.067,CLIMBING,↑,1378.0,49.088309,6,lugging,81.0,,22.0,18.0,21.0,16.0,21.0,16.0,81.0,5.0,81.0,normal,1158.0,177.0,178.0,-1.0,767.0,777.0,-10.0,981.0,31.0,51.0,34.57282051282051,25.940320512820513,0.0,0.0,steady,19.1,25.0,390.0,365.0,-25.0,5.0,6.0,1.0,0.0,0.0,0.0,81.0,81.0,0.0,14.5,3.6,411.0,31.0,323.11292000000003,621.992371,10294.874728,940.0,164.0,14.855072463768115,0.0,0.0,0.0,0.0,78.43145249453389,62.0,76.63683048433049,92.0,93.0,72.42857142857143,96.0,50.0,66.0,96.0,lugging
2026-01-01T12:09:10.758+00:00,1154,replay,sample/replay,engine/SID807,decoded CSV,100%,2.061856116076937,0.0,1.067,CLIMBING,↑,1377.0,49.088309,6,lugging,81.0,,22.0,18.0,21.0,16.0,21.0,16.0,81.0,5.0,81.0,normal,1157.0,176.0,185.0,-9.0,794.0,795.0,-1.0,981.0,32.0,51.0,35.18589743589744,27.498397435897438,0.0,0.0,steady,20.200000000000003,25.0,396.0,391.0,-5.0,3.0,4.0,1.0,0.0,0.0,0.0,82.0,81.0,-1.0,14.5,3.6,411.0,32.0,323.11292000000003,621.992371,10294.874728,940.0,164.0,14.855072463768115,0.0,0.0,0.0,0.0,78.25286349632279,62.0,76.12487535612534,92.0,93.0,72.42857142857143,96.0,50.0,66.0,96.0,lugging
2026-01-01T12:09:11.239+00:00,1155,replay,sample/replay,engine/SID807,decoded CSV,100%,2.0790023098351393,0.0,1.067,CLIMBING,↑,1382.0,49.70968,6,lugging,82.0,,22.0,18.0,21.0,16.0,21.0,16.0,82.0,5.0,82.0,normal,1168.0,188.0,195.0,-7.0,795.0,799.0,-4.0,980.0,33.0,51.0,35.466410256410256,28.700576923076927,0.5775004629560301,0.05888865850785233,gaining,20.6,25.0,402.0,413.0,11.0,2.0,2.0,0.0,0.0,0.0,0.0,82.0,81.0,-1.0,14.5,3.6,411.0,33.0,323.11292000000003,621.992371,10294.874728,940.0,164.0,14.855072463768115,0.0,0.0,0.0,0.0,78.18039032995428,62.0,75.91711894586895,92.0,93.0,72.42857142857143,96.0,50.0,66.0,96.0,lugging
2026-01-01T12:09:11.852+00:00,1156,replay,sample/replay,engine/SID807,decoded CSV,100%,1.6313209591658697,0.0,1.067,CLIMBING,↑,1378.0,49.088309,6,lugging,82.0,,22.0,18.0,21.0,16.0,21.0,16.0,82.0,5.0,82.0,normal,1172.0,191.0,172.0,19.0,785.0,783.0,2.0,981.0,33.0,51.0,34.59128205128205,27.757115384615386,-0.45314457068730746,-0.04620788655527703,easing,19.200000000000003,25.0,385.0,403.0,18.0,5.0,4.0,-1.0,0.0,0.0,0.0,81.0,81.0,0.0,14.5,3.6,411.0,33.0,323.11292000000003,621.992371,10294.874728,940.0,164.0,14.855072463768115,0.0,0.0,0.0,0.0,78.420092923872,62.0,76.60426638176638,92.0,93.0,72.42857142857143,96.0,50.0,66.0,96.0,lugging
2026-01-01T12:09:12.310+00:00,1157,replay,sample/replay,engine/SID807,decoded CSV,100%,2.183406377229253,0.0,1.067,CLIMBING,↑,1380.0,49.70968,6,lugging,82.0,,22.0,18.0,21.0,16.0,21.0,16.0,82.0,5.0,82.0,normal,1168.0,186.0,183.0,3.0,786.0,785.0,1.0,982.0,33.0,51.0,34.86846153846154,27.50346153846154,0.6065015838154746,0.06184594982134313,gaining,19.6,25.0,395.0,394.0,-1.0,5.0,5.0,0.0,0.0,0.0,0.0,81.0,81.0,0.0,14.5,3.6,411.0,33.0,323.11292000000003,621.992371,10294.874728,940.0,164.0,14.855072463768115,0.0,0.0,0.0,0.0,78.3480558040151,62.0,76.39775997150997,92.0,93.0,72.42857142857143,96.0,50.0,66.0,96.0,lugging
2026-01-01T12:09:12.757+00:00,1158,replay,sample/replay,engine/SID807,decoded CSV,100%,2.2371363316823603,0.0,1.067,CLIMBING,↑,1376.0,49.70968,6,lugging,82.0,,22.0,18.0,21.0,16.0,21.0,16.0,82.0,5.0,82.0,normal,1165.0,184.0,175.0,9.0,798.0,788.0,10.0,981.0,32.0,51.0,34.769999999999996,26.785833333333336,0.0,0.0,steady,19.5,25.0,387.0,375.0,-12.0,4.0,5.0,1.0,0.0,0.0,0.0,81.0,81.0,0.0,14.5,3.6,411.0,32.0,323.11292000000003,621.992371,10294.874728,940.0,164.0,14.855072463768115,0.0,0.0,0.0,0.0,78.36988049095606,62.0,76.46032407407408,92.0,93.0,72.42857142857143,96.0,50.0,66.0,96.0,lugging
2026-01-01T12:09:13.221+00:00,1159,replay,sample/replay,engine/SID807,decoded CSV,100%,2.15517247580745,0.0,1.067,CLIMBING,↑,1376.0,49.088309,6,lugging,82.0,,22.0,18.0,21.0,16.0,21.0,16.0,82.0,5.0,82.0,normal,1162.0,181.0,171.0,10.0,780.0,780.0,0.0,981.0,32.0,51.0,34.48435897435897,26.873525641025637,-0.5986588358468882,-0.061046212095556406,easing,19.0,25.0,385.0,387.0,2.0,5.0,5.0,0.0,0.0,0.0,0.0,81.0,81.0,0.0,14.3,3.6,411.0,32.0,323.11292000000003,621.992371,10294.874728,940.0,164.0,14.855072463768115,0.0,0.0,0.0,0.0,78.45196904193998,62.0,76.69564458689459,92.0,93.0,72.42857142857143,96.0,50.0,66.0,96.0,lugging
2026-01-01T12:09:13.667+00:00,1160,replay,sample/replay,engine/SID807,decoded CSV,100%,2.2421531663440533,0.0,1.067,CLIMBING,↑,1378.0,49.70968,6,lugging,82.0,,22.0,18.0,21.0,16.0,21.0,16.0,82.0,5.0,82.0,normal,1162.0,181.0,168.0,13.0,769.0,777.0,-8.0,981.0,32.0,51.0,34.39589743589743,26.580897435897434,0.6228201312987949,0.06350997856544231,gaining,18.900000000000002,25.0,382.0,382.0,0.0,5.0,5.0,0.0,0.0,0.0,0.0,81.0,81.0,0.0,14.5,3.6,411.0,32.0,323.11292000000003,621.992371,10294.874728,940.0,164.0,14.855072463768115,0.0,0.0,0.0,0.0,78.47248558934605,62.0,76.75445868945869,92.0,93.0,72.42857142857143,96.0,50.0,66.0,96.0,lugging
2026-01-01T12:09:14.106+00:00,1161,replay,sample/replay,engine/SID807,decoded CSV,100%,2.27790365502634,0.0,1.067,CLIMBING,↑,1381.0,49.70968,6,lugging,82.0,,22.0,18.0,21.0,16.0,21.0,16.0,82.0,5.0,82.0,normal,1156.0,175.0,166.0,9.0,783.0,777.0,6.0,981.0,31.0,51.0,34.337435897435896,26.50826923076923,0.0,0.0,steady,18.8,25.0,381.0,381.0,0.0,6.0,5.0,-1.0,0.0,0.0,0.0,81.0,81.0,0.0,14.5,3.6,411.0,31.0,323.11292000000003,621.992371,10294.874728,940.0,164.0,14.855072463768115,0.0,0.0,0.0,0.0,78.48907771814747,62.0,76.80202279202278,92.0,93.0,72.42857142857143,96.0,50.0,66.0,96.0,lugging
2026-01-01T12:09:14.572+00:00,1162,replay,sample/replay,engine/SID807,decoded CSV,100%,2.145922377882127,0.0,1.067,CLIMBING,↑,1380.0,49.70968,6,lugging,82.0,,22.0,18.0,21.0,16.0,21.0,16.0,82.0,5.0,82.0,normal,1152.0,171.0,148.0,23.0,762.0,760.0,2.0,981.0,30.0,51.0,33.47102564102563,25.387692307692305,0.0,0.0,steady,17.7,24.0,366.0,368.0,2.0,7.0,7.0,0.0,0.0,0.0,0.0,80.0,81.0,1.0,14.3,3.6,411.0,30.0,323.11292000000003,621.992371,10294.874728,940.0,164.0,14.855072463768115,0.0,0.0,0.0,0.0,78.72987601868415,62.0,77.49231125356125,92.0,93.0,72.42857142857143,96.0,50.0,66.0,96.0,lugging
2026-01-01T12:09:15.038+00:00,1163,replay,sample/replay,engine/SID807,decoded CSV,100%,2.145923475796157,0.0,1.067,CLIMBING,↑,1383.0,49.70968,6,lugging,82.0,,22.0,18.0,21.0,16.0,21.0,16.0,82.0,5.0,82.0,normal,1142.0,161.0,148.0,13.0,751.0,757.0,-6.0,981.0,31.0,51.0,33.412564102564104,24.63173076923077,0.0,0.0,steady,17.6,24.0,366.0,355.0,-11.0,7.0,8.0,1.0,0.0,0.0,0.0,80.0,81.0,1.0,14.5,3.6,411.0,31.0,323.11292000000003,621.992371,10294.874728,940.0,164.0,14.855072463768115,0.0,0.0,0.0,0.0,78.7464681474856,62.0,77.53987535612535,92.0,93.0,72.42857142857143,96.0,50.0,66.0,96.0,lugging
2026-01-01T12:09:15.512+00:00,1164,replay,sample/replay,engine/SID807,decoded CSV,100%,2.109704743222172,0.0,1.067,CLIMBING,↑,1378.0,49.70968,6,lugging,83.0,,22.0,18.0,21.0,16.0,21.0,16.0,83.0,5.0,83.0,normal,1133.0,152.0,146.0,6.0,750.0,756.0,-6.0,981.0,29.0,51.0,33.30897435897435,24.64397435897436,0.0,0.0,steady,17.400000000000002,24.0,365.0,362.0,-3.0,7.0,8.0,1.0,0.0,0.0,0.0,80.0,81.0,1.0,14.5,3.6,411.0,29.0,323.11292000000003,621.992371,10294.874728,940.0,164.0,14.855072463768115,0.0,0.0,0.0,0.0,78.77790821904193,62.0,77.63000356125356,92.0,93.0,72.42857142857143,96.0,50.0,66.0,96.0,lugging
2026-01-01T12:09:16.005+00:00,1165,replay,sample/replay,engine/SID807,decoded CSV,100%,2.0283974403615064,0.0,1.067,CLIMBING,↑,1379.0,49.70968,6,lugging,83.0,,22.0,18.0,21.0,16.0,21.0,16.0,83.0,5.0,83.0,normal,1128.0,147.0,142.0,5.0,753.0,750.0,3.0,981.0,29.0,51.0,33.26358974358974,24.056089743589745,0.0,0.0,steady,17.1,25.0,363.0,351.0,-12.0,6.0,7.0,1.0,0.0,0.0,0.0,80.0,81.0,1.0,14.5,3.6,411.0,29.0,323.11292000000003,621.992371,10294.874728,940.0,164.0,14.855072463768115,0.0,0.0,0.0,0.0,78.7816090240509,62.0,77.64061253561253,92.0,93.0,72.42857142857143,96.0,50.0,66.0,96.0,lugging
2026-01-01T12:09:16.484+00:00,1166,replay,sample/replay,engine/SID807,decoded CSV,100%,2.087682273208725,0.0,1.067,CLIMBING,↑,1380.0,49.70968,6,lugging,83.0,,22.0,18.0,21.0,16.0,21.0,16.0,83.0,5.0,83.0,normal,1127.0,146.0,139.0,7.0,752.0,747.0,5.0,981.0,29.0,51.0,33.09820512820513,24.370705128205127,0.0,0.0,steady,16.8,25.0,361.0,363.0,2.0,6.0,7.0,1.0,0.0,0.0,0.0,80.0,81.0,1.0,14.3,3.6,411.0,29.0,323.11292000000003,621.992371,10294.874728,940.0,164.0,14.855072463768115,0.0,0.0,0.0,0.0,78.83007727092031,62.0,77.77955484330484,92.0,93.0,72.42857142857143,96.0,50.0,66.0,96.0,lugging
2026-01-01T12:09:16.947+00:00,1167,replay,sample/replay,engine/SID807,decoded CSV,100%,2.1598269380003634,0.0,1.067,CLIMBING,↑,1383.0,49.70968,6,lugging,83.0,,22.0,18.0,21.0,16.0,21.0,16.0,83.0,5.0,83.0,normal,1128.0,147.0,142.0,5.0,751.0,751.0,0.0,981.0,29.0,51.0,33.30871794871795,24.35705128205128,0.0,0.0,steady,17.2,25.0,363.0,358.0,-5.0,6.0,6.0,0.0,0.0,0.0,0.0,80.0,81.0,1.0,14.5,3.6,411.0,29.0,323.11292000000003,621.992371,10294.874728,940.0,164.0,14.855072463768115,0.0,0.0,0.0,0.0,78.76676108129597,62.0,77.59804843304842,92.0,93.0,72.42857142857143,96.0,50.0,66.0,96.0,lugging
2026-01-01T12:09:17.418+00:00,1168,replay,sample/replay,engine/SID807,decoded CSV,100%,2.1231424482806274,0.0,1.067,CLIMBING,↑,1351.0,49.70968,6,coasting,83.0,,22.0,18.0,21.0,16.0,21.0,16.0,83.0,5.0,83.0,normal,1124.0,144.0,20.0,124.0,750.0,739.0,11.0,980.0,27.0,0.0,11.816410256410256,22.26391025641026,0.0,0.0,steady,11.5,24.0,317.0,365.0,48.0,0.0,4.0,4.0,0.0,0.0,0.0,88.0,83.0,-5.0,14.5,3.6,411.0,27.0,323.11292000000003,621.992371,10294.874728,940.0,164.0,14.855072463768115,0.0,0.0,0.0,0.0,91.73455216546301,94.0,94.30571620766065,92.0,82.0,94.93939393939394,96.0,98.0,88.54545454545455,96.0,smug
2026-01-01T12:09:17.863+00:00,1169,replay,sample/replay,engine/SID807,decoded CSV,100%,2.247191348351027,0.0,1.063,CLIMBING,↑,1363.0,49.088309,6,coasting,83.0,,22.0,18.0,21.0,16.0,21.0,16.0,83.0,5.0,83.0,normal,1088.0,108.0,20.0,88.0,510.0,382.0,128.0,980.0,32.0,0.0,4.5633333333333335,16.768333333333334,-0.624219625867762,-0.06365268729563736,easing,0.0,21.0,318.0,394.0,76.0,0.0,0.0,0.0,0.0,0.0,0.0,88.0,86.0,-2.0,14.5,3.6,411.0,32.0,323.11292000000003,621.992371,10294.874728,940.0,164.0,14.855072463768115,21.95999999999998,-34.27999999999997,-8.360000000000014,20.680000000000007,91.77616279069768,94.0,96.0,92.0,78.625,94.01120448179272,96.0,98.0,84.6470588235294,96.0,smug
2026-01-01T12:09:18.338+00:00,1170,replay,sample/replay,engine/SID807,decoded CSV,100%,2.105263580575959,0.0,1.063,CLIMBING,↑,1360.0,48.466938,6,coasting,82.0,,22.0,18.0,21.0,16.0,21.0,16.0,82.0,5.0,82.0,normal,1075.0,94.0,19.0,75.0,437.0,387.0,50.0,981.0,30.0,0.0,4.886666666666667,15.625833333333333,-0.5847952581272071,-0.05963252059849257,easing,0.0,23.0,317.0,383.0,66.0,0.0,0.0,0.0,0.0,0.0,0.0,88.0,86.0,-2.0,14.600000000000001,3.6,411.0,30.0,323.11292000000003,621.992371,10294.874728,940.0,164.0,14.855072463768115,21.95999999999998,-34.27999999999997,-8.360000000000014,20.680000000000007,92.65116279069768,94.0,96.0,92.0,84.0,95.28571428571429,96.0,98.0,90.0,96.0,smug
2026-01-01T12:09:18.819+00:00,1171,replay,sample/replay,engine/SID807,decoded CSV,100%,2.0790012793308024,0.0,1.063,CLIMBING,↑,1348.0,48.466938,6,coasting,82.0,,22.0,18.0,21.0,16.0,21.0,16.0,82.0,5.0,82.0,normal,1069.0,89.0,20.0,69.0,382.0,386.0,-4.0,980.0,30.0,0.0,4.890000000000001,15.548333333333332,0.0,0.0,steady,0.0,23.0,317.0,394.0,77.0,0.0,0.0,0.0,0.0,0.0,0.0,88.0,87.0,-1.0,14.600000000000001,3.6,411.0,30.0,323.734291,621.992371,10294.874728,940.0,164.0,14.855072463768115,21.95999999999998,-34.27999999999997,-8.360000000000014,20.680000000000007,92.61627906976744,93.875,96.0,92.0,84.0,95.28571428571429,96.0,98.0,90.0,96.0,smug
2026-01-01T12:09:19.273+00:00,1172,replay,sample/replay,engine/SID807,decoded CSV,100%,2.202643190313694,0.0,1.063,CLIMBING,↑,1337.0,47.845567,6,coasting,82.0,,22.0,18.0,21.0,16.0,21.0,16.0,82.0,5.0,82.0,normal,1063.0,82.0,19.0,63.0,365.0,383.0,-18.0,981.0,30.0,0.0,4.859999999999999,14.944166666666668,-0.6118451413524281,-0.06239084104688432,easing,0.0,23.0,316.0,385.0,69.0,0.0,0.0,0.0,0.0,0.0,0.0,88.0,87.0,-1.0,14.700000000000001,3.6,411.0,30.0,323.734291,621.992371,10294.874728,940.0,164.0,14.855072463768115,21.95999999999998,-34.27999999999997,-8.360000000000014,20.680000000000007,92.42441860465117,93.1875,96.0,92.0,84.0,95.28571428571429,96.0,98.0,90.0,96.0,smug
2026-01-01T12:09:19.730+00:00,1173,replay,sample/replay,engine/SID807,decoded CSV,100%,2.1881837252458136,0.0,1.063,CLIMBING,↑,1327.0,47.845567,6,coasting,82.0,,22.0,18.0,21.0,16.0,21.0,16.0,82.0,5.0,82.0,normal,1060.0,79.0,19.0,60.0,364.0,382.0,-18.0,981.0,29.0,0.0,4.8533333333333335,14.966666666666665,0.0,0.0,steady,0.0,23.0,315.0,388.0,73.0,0.0,0.0,0.0,0.0,0.0,0.0,88.0,87.0,-1.0,14.700000000000001,3.6,411.0,29.0,323.734291,621.992371,10294.874728,940.0,164.0,14.855072463768115,21.95999999999998,-34.27999999999997,-8.360000000000014,20.680000000000007,92.25,92.5625,96.0,92.0,84.0,95.28571428571429,96.0,98.0,90.0,96.0,smug
2026-01-01T12:09:20.252+00:00,1174,replay,sample/replay,engine/SID807,decoded CSV,100%,1.9157094142483007,0.0,1.063,CLIMBING,↑,1318.0,47.224196,6,coasting,82.0,,22.0,18.0,21.0,16.0,21.0,16.0,82.0,5.0,82.0,normal,1059.0,78.0,19.0,59.0,370.0,379.0,-9.0,981.0,29.0,0.0,4.833333333333333,15.185,-0.5321413393260543,-0.054263315130656686,easing,0.0,23.0,315.0,394.0,79.0,0.0,0.0,0.0,0.0,0.0,0.0,89.0,87.0,-2.0,14.700000000000001,3.6,411.0,29.0,323.734291,621.992371,10294.874728,940.0,164.0,14.855072463768115,21.95999999999998,-34.27999999999997,-8.360000000000014,20.680000000000007,92.09302325581396,92.0,96.0,92.0,84.0,95.28571428571429,96.0,98.0,90.0,96.0,smug
2026-01-01T12:09:20.706+00:00,1175,replay,sample/replay,engine/SID807,decoded CSV,100%,2.202643190313694,0.0,1.063,CLIMBING,↑,1315.0,47.224196,6,coasting,82.0,,22.0,18.0,21.0,16.0,21.0,16.0,82.0,5.0,82.0,normal,1057.0,76.0,19.0,57.0,376.0,378.0,-2.0,981.0,29.0,0.0,4.976666666666667,14.769166666666667,0.0,0.0,steady,0.0,24.0,314.0,383.0,69.0,0.0,0.0,0.0,0.0,0.0,0.0,89.0,88.0,-1.0,14.700000000000001,3.6,411.0,29.0,323.734291,621.992371,10294.874728,940.0,164.0,14.855072463768115,21.95999999999998,-34.27999999999997,-8.360000000000014,20.680000000000007,92.04069767441861,91.8125,96.0,92.0,84.0,95.28571428571429,96.0,98.0,90.0,96.0,smug
2026-01-01T12:09:21.144+00:00,1176,replay,sample/replay,engine/SID807,decoded CSV,100%,2.283103968959875,0.0,1.057,CLIMBING,↑,1309.0,46.602825,6,coasting,82.0,,22.0,18.0,21.0,16.0,21.0,16.0,82.0,5.0,82.0,normal,1056.0,75.0,19.0,56.0,372.0,377.0,-5.0,981.0,29.0,0.0,4.82,14.780833333333334,-0.6341953507284133,-0.06466992813329867,easing,0.0,23.0,314.0,385.0,71.0,0.0,0.0,0.0,0.0,0.0,0.0,89.0,88.0,-1.0,14.700000000000001,3.6,411.0,29.0,323.734291,621.992371,10294.874728,940.0,164.0,14.855072463768115,21.95999999999998,-34.27999999999997,-8.360000000000014,20.680000000000007,91.93604651162791,91.4375,96.0,92.0,84.0,95.28571428571429,96.0,98.0,90.0,96.0,smug
2026-01-01T12:09:21.702+00:00,1177,replay,sample/replay,engine/SID807,decoded CSV,100%,1.7921151792775745,0.0,1.057,CLIMBING,↑,1297.0,46.602825,6,coasting,81.0,,22.0,18.0,21.0,16.0,21.0,16.0,81.0,5.0,81.0,normal,1054.0,73.0,19.0,54.0,377.0,375.0,2.0,981.0,29.0,0.0,4.956666666666666,14.365833333333333,0.0,0.0,steady,0.0,24.0,313.0,375.0,62.0,0.0,0.0,0.0,0.0,0.0,0.0,89.0,88.0,-1.0,14.700000000000001,3.6,411.0,29.0,323.734291,621.992371,10294.874728,940.0,164.0,14.855072463768115,21.95999999999998,-34.27999999999997,-8.360000000000014,20.680000000000007,91.72674418604652,90.6875,96.0,92.0,84.0,95.28571428571429,96.0,98.0,90.0,96.0,smug
2026-01-01T12:09:22.165+00:00,1178,replay,sample/replay,engine/SID807,decoded CSV,100%,2.1598269380003634,0.0,1.057,CLIMBING,↑,1292.0,46.602825,6,coasting,81.0,,22.0,18.0,21.0,16.0,21.0,16.0,81.0,5.0,81.0,normal,1055.0,74.0,19.0,55.0,376.0,373.0,3.0,981.0,28.0,0.0,4.793333333333333,14.659166666666666,0.0,0.0,steady,0.0,23.0,313.0,383.0,70.0,0.0,0.0,0.0,0.0,0.0,0.0,89.0,89.0,0.0,14.700000000000001,3.6,411.0,28.0,323.734291,621.992371,10294.874728,940.0,164.0,14.855072463768115,21.95999999999998,-34.27999999999997,-8.360000000000014,20.680000000000007,91.63953488372094,90.375,96.0,92.0,84.0,95.28571428571429,96.0,98.0,90.0,96.0,smug
2026-01-01T12:09:22.602+00:00,1179,replay,sample/replay,engine/SID807,decoded CSV,100%,2.2883293296837652,0.0,1.057,CLIMBING,↑,1282.0,45.981454,6,coasting,81.0,,22.0,18.0,21.0,16.0,21.0,16.0,81.0,5.0,81.0,normal,1053.0,72.0,19.0,53.0,369.0,372.0,-3.0,981.0,29.0,0.0,4.786666666666666,14.920833333333333,-0.6356468393693343,-0.0648179387833087,easing,0.0,23.0,313.0,393.0,80.0,0.0,0.0,0.0,0.0,0.0,0.0,89.0,89.0,0.0,14.700000000000001,3.6,411.0,29.0,323.734291,621.992371,10294.874728,940.0,164.0,14.855072463768115,21.95999999999998,-34.27999999999997,-8.360000000000014,20.680000000000007,91.46511627906978,89.75,96.0,92.0,84.0,95.28571428571429,96.0,98.0,90.0,96.0,smug
2026-01-01T12:09:23.087+00:00,1180,replay,sample/replay,engine/SID807,decoded CSV,100%,2.061856116076937,0.0,1.057,CLIMBING,↑,1272.0,45.360083,6,coasting,81.0,,22.0,18.0,21.0,16.0,21.0,16.0,81.0,5.0,81.0,normal,1054.0,73.0,19.0,54.0,368.0,370.0,-2.0,981.0,28.0,0.0,4.773333333333333,14.11,-0.5727376328300352,-0.05840298499793867,easing,0.0,23.0,313.0,372.0,59.0,0.0,0.0,0.0,0.0,0.0,0.0,89.0,89.0,0.0,14.700000000000001,3.6,411.0,28.0,323.734291,621.992371,10294.874728,940.0,164.0,14.855072463768115,21.95999999999998,-34.27999999999997,-8.360000000000014,20.680000000000007,91.29069767441861,89.125,96.0,92.0,84.0,95.28571428571429,96.0,98.0,90.0,96.0,smug
2026-01-01T12:09:23.543+00:00,1181,replay,sample/replay,engine/SID807,decoded CSV,100%,2.1929820250203518,0.0,1.057,CLIMBING,↑,1272.0,45.360083,6,coasting,81.0,,22.0,18.0,21.0,16.0,21.0,16.0,81.0,5.0,81.0,normal,1051.0,70.0,19.0,51.0,366.0,368.0,-2.0,981.0,28.0,0.0,4.76,14.271666666666665,0.0,0.0,steady,0.0,23.0,313.0,378.0,65.0,0.0,0.0,0.0,0.0,0.0,0.0,90.0,89.0,-1.0,14.700000000000001,3.6,411.0,28.0,323.734291,621.992371,10294.874728,940.0,164.0,14.855072463768115,21.95999999999998,-34.27999999999997,-8.360000000000014,20.680000000000007,91.29069767441861,89.125,96.0,92.0,84.0,95.28571428571429,96.0,98.0,90.0,96.0,smug
2026-01-01T12:09:24.001+00:00,1182,replay,sample/replay,engine/SID807,decoded CSV,100%,2.183406377229253,0.0,1.057,CLIMBING,↑,1254.0,44.738712,6,coasting,81.0,,22.0,18.0,21.0,16.0,21.0,16.0,81.0,5.0,81.0,normal,1053.0,72.0,19.0,53.0,366.0,368.0,-2.0,981.0,28.0,0.0,4.76,14.3575,-0.6065015838154817,-0.06184594982134386,easing,0.0,23.0,313.0,381.0,68.0,0.0,0.0,0.0,0.0,0.0,0.0,90.0,90.0,0.0,14.700000000000001,3.6,411.0,28.0,323.734291,621.992371,10294.874728,940.0,164.0,14.855072463768115,21.95999999999998,-34.27999999999997,-8.360000000000014,20.680000000000007,90.97674418604652,88.0,96.0,92.0,84.0,95.28571428571429,96.0,98.0,90.0,96.0,smug
2026-01-01T12:09:24.442+00:00,1183,replay,sample/replay,engine/SID807,decoded CSV,100%,2.2675737746041493,0.0,1.051,CLIMBING,↑,1254.0,44.738712,6,coasting,81.0,,22.0,18.0,21.0,16.0,21.0,16.0,81.0,5.0,81.0,normal,1050.0,69.0,19.0,50.0,366.0,366.0,0.0,981.0,28.0,0.0,4.746666666666666,14.420000000000002,0.0,0.0,steady,0.0,23.0,313.0,384.0,71.0,0.0,0.0,0.0,0.0,0.0,0.0,90.0,90.0,0.0,14.700000000000001,3.6,411.0,28.0,323.734291,621.992371,10294.874728,940.0,164.0,14.855072463768115,21.95999999999998,-34.27999999999997,-8.360000000000014,20.680000000000007,90.97674418604652,88.0,96.0,92.0,84.0,95.28571428571429,96.0,98.0,90.0,96.0,smug
2026-01-01T12:09:24.873+00:00,1184,replay,sample/replay,engine/SID807,decoded CSV,100%,2.3201856456524563,0.0,1.051,CLIMBING,↑,1244.0,44.738712,6,coasting,81.0,,22.0,18.0,21.0,16.0,21.0,16.0,81.0,5.0,81.0,normal,1051.0,70.0,19.0,51.0,364.0,365.0,-1.0,981.0,28.0,0.0,4.74,14.1275,0.0,0.0,steady,0.0,23.0,313.0,377.0,64.0,0.0,0.0,0.0,0.0,0.0,0.0,90.0,90.0,0.0,14.700000000000001,3.6,411.0,28.0,323.734291,621.992371,10294.874728,940.0,164.0,14.855072463768115,21.95999999999998,-34.27999999999997,-8.360000000000014,20.680000000000007,90.80232558139535,87.375,96.0,92.0,84.0,95.28571428571429,96.0,98.0,90.0,96.0,smug
2026-01-01T12:09:25.305+00:00,1185,replay,sample/replay,engine/SID807,decoded CSV,100%,2.3148152338461725,0.0,1.051,CLIMBING,↑,1234.0,44.117341,6,coasting,80.0,,22.0,18.0,21.0,16.0,21.0,16.0,80.0,5.0,80.0,normal,1050.0,70.0,20.0,50.0,361.0,361.0,0.0,980.0,27.0,0.0,4.723333333333333,13.849166666666667,-0.6430040326938559,-0.06556816371481147,easing,0.0,23.0,313.0,371.0,58.0,0.0,0.0,0.0,0.0,0.0,0.0,90.0,90.0,0.0,14.700000000000001,3.6,411.0,27.0,323.734291,621.992371,10294.874728,940.0,164.0,14.855072463768115,21.95999999999998,-34.27999999999997,-8.360000000000014,20.680000000000007,90.62790697674419,86.75,96.0,92.0,84.0,95.28571428571429,96.0,98.0,90.0,96.0,smug
2026-01-01T12:09:25.774+00:00,1186,replay,sample/replay,engine/SID807,decoded CSV,100%,2.1321957024679112,0.0,1.051,CLIMBING,↑,1228.0,44.117341,6,coasting,80.0,,22.0,18.0,21.0,16.0,21.0,16.0,80.0,5.0,80.0,normal,1049.0,69.0,20.0,49.0,359.0,359.0,0.0,980.0,27.0,0.0,4.71,14.286666666666669,0.0,0.0,steady,0.0,23.0,313.0,384.0,71.0,0.0,0.0,0.0,0.0,0.0,0.0,90.0,90.0,0.0,14.700000000000001,3.6,411.0,27.0,323.734291,621.992371,10294.874728,940.0,164.0,14.855072463768115,21.95999999999998,-34.27999999999997,-8.360000000000014,20.680000000000007,90.5232558139535,86.375,96.0,92.0,84.0,95.28571428571429,96.0,98.0,90.0,96.0,smug
2026-01-01T12:09:26.214+00:00,1187,replay,sample/replay,engine/SID807,decoded CSV,100%,2.272726977167089,0.0,1.051,CLIMBING,↑,1224.0,44.117341,6,coasting,80.0,,22.0,18.0,21.0,16.0,21.0,16.0,80.0,5.0,80.0,normal,1047.0,66.0,19.0,47.0,355.0,356.0,-1.0,981.0,27.0,0.0,4.68,13.934166666666666,0.0,0.0,steady,0.0,23.0,313.0,377.0,64.0,0.0,0.0,0.0,0.0,0.0,0.0,90.0,90.0,0.0,14.700000000000001,3.6,411.0,27.0,323.734291,621.992371,10294.874728,940.0,164.0,14.855072463768115,21.95999999999998,-34.27999999999997,-8.360000000000014,20.680000000000007,90.45348837209302,86.125,96.0,92.0,84.0,95.28571428571429,96.0,98.0,90.0,96.0,smug
2026-01-01T12:09:26.666+00:00,1188,replay,sample/replay,engine/SID807,decoded CSV,100%,2.2123898566587106,0.0,1.051,CLIMBING,↑,1219.0,43.49597,6,coasting,80.0,,22.0,18.0,21.0,16.0,21.0,16.0,80.0,5.0,80.0,normal,1046.0,66.0,20.0,46.0,354.0,354.0,0.0,980.0,26.0,0.0,4.676666666666667,13.873333333333333,-0.6145525478328885,-0.06266691967520902,easing,0.0,23.0,313.0,376.0,63.0,0.0,0.0,0.0,0.0,0.0,0.0,90.0,90.0,0.0,14.700000000000001,3.6,411.0,26.0,323.734291,621.992371,10294.874728,940.0,164.0,14.855072463768115,21.95999999999998,-34.27999999999997,-8.360000000000014,20.680000000000007,90.36627906976744,85.8125,96.0,92.0,84.0,95.28571428571429,96.0,98.0,90.0,96.0,smug
2026-01-01T12:09:27.146+00:00,1189,replay,sample/replay,engine/SID807,decoded CSV,100%,2.083333250549108,0.0,1.051,CLIMBING,↑,1214.0,43.49597,6,coasting,80.0,,22.0,18.0,21.0,16.0,21.0,16.0,80.0,5.0,80.0,normal,1044.0,64.0,20.0,44.0,352.0,353.0,-1.0,980.0,27.0,0.0,4.67,13.6975,0.0,0.0,steady,0.0,23.0,313.0,373.0,60.0,0.0,0.0,0.0,0.0,0.0,0.0,90.0,90.0,0.0,14.700000000000001,3.6,411.0,27.0,323.734291,621.992371,10294.874728,940.0,164.0,14.855072463768115,21.95999999999998,-34.27999999999997,-8.360000000000014,20.680000000000007,90.27906976744187,85.5,96.0,92.0,84.0,95.28571428571429,96.0,98.0,90.0,96.0,smug
2026-01-01T12:09:27.574+00:00,1190,replay,sample/replay,engine/SID807,decoded CSV,100%,2.3364487439016646,0.0,1.051,CLIMBING,↑,1212.0,43.49597,6,coasting,80.0,,22.0,18.0,21.0,16.0,21.0,16.0,80.0,5.0,80.0,normal,1044.0,63.0,19.0,44.0,351.0,352.0,-1.0,981.0,27.0,0.0,4.653333333333333,13.5175,0.0,0.0,steady,0.0,23.0,313.0,369.0,56.0,0.0,0.0,0.0,0.0,0.0,0.0,90.0,90.0,0.0,14.700000000000001,3.6,411.0,27.0,323.734291,621.992371,10294.874728,940.0,164.0,14.855072463768115,21.95999999999998,-34.27999999999997,-8.360000000000014,20.680000000000007,90.24418604651163,85.375,96.0,92.0,84.0,95.28571428571429,96.0,98.0,90.0,96.0,smug
2026-01-01T12:09:28.045+00:00,1191,replay,sample/replay,engine/SID807,decoded CSV,100%,2.1231424482806274,0.0,1.046,CLIMBING,↑,1205.0,43.49597,6,coasting,80.0,,22.0,18.0,21.0,16.0,21.0,16.0,80.0,5.0,80.0,normal,1045.0,64.0,19.0,45.0,351.0,351.0,0.0,981.0,26.0,0.0,4.6466666666666665,13.735833333333332,0.0,0.0,steady,0.0,23.0,313.0,375.0,62.0,0.0,0.0,0.0,0.0,0.0,0.0,90.0,90.0,0.0,14.700000000000001,3.6,411.0,26.0,323.734291,621.992371,10294.874728,940.0,164.0,14.855072463768115,21.95999999999998,-34.27999999999997,-8.360000000000014,20.680000000000007,90.12209302325583,84.9375,96.0,92.0,84.0,95.28571428571429,96.0,98.0,90.0,96.0,smug
2026-01-01T12:09:28.509+00:00,1192,replay,sample/replay,engine/SID807,decoded CSV,100%,2.15517247580745,0.0,1.046,CLIMBING,↑,1199.0,42.874599,6,coasting,80.0,,22.0,18.0,21.0,16.0,21.0,16.0,80.0,5.0,80.0,normal,1042.0,61.0,19.0,42.0,347.0,348.0,-1.0,981.0,26.0,0.0,4.626666666666667,13.339166666666666,-0.5986588358468882,-0.061046212095556406,easing,0.0,23.0,313.0,367.0,54.0,0.0,0.0,0.0,0.0,0.0,0.0,90.0,90.0,0.0,14.700000000000001,3.6,411.0,26.0,323.734291,621.992371,10294.874728,940.0,164.0,14.855072463768115,21.95999999999998,-34.27999999999997,-8.360000000000014,20.680000000000007,90.01744186046511,84.5625,96.0,92.0,84.0,95.28571428571429,96.0,98.0,90.0,96.0,smug
2026-01-01T12:09:28.946+00:00,1193,replay,sample/replay,engine/SID807,decoded CSV,100%,2.2883293296837652,0.0,1.046,CLIMBING,↑,1191.0,42.874599,6,coasting,80.0,,22.0,19.0,21.0,16.0,21.0,16.0,80.0,5.0,80.0,normal,1042.0,62.0,20.0,42.0,346.0,345.0,1.0,980.0,26.0,0.0,4.616666666666666,13.547499999999998,0.0,0.0,steady,0.0,23.0,310.0,373.0,63.0,0.0,0.0,0.0,0.0,0.0,0.0,90.0,90.0,0.0,14.700000000000001,3.6,411.0,26.0,323.734291,621.992371,10294.874728,940.0,164.0,14.855072463768115,21.95999999999998,-34.27999999999997,-8.360000000000014,20.680000000000007,89.8779069767442,84.0625,96.0,92.0,84.0,95.28571428571429,96.0,98.0,90.0,96.0,smug
2026-01-01T12:09:29.394+00:00,1194,replay,sample/replay,engine/SID807,decoded CSV,100%,2.2321418973108207,0.0,1.046,CLIMBING,↑,1182.0,42.253228,6,coasting,80.0,,22.0,18.0,21.0,16.0,21.0,16.0,80.0,5.0,80.0,normal,1041.0,60.0,19.0,41.0,344.0,343.0,1.0,981.0,26.0,0.0,4.593333333333333,13.733333333333334,-0.6200392240943615,-0.06322640494912754,easing,0.0,23.0,306.0,380.0,74.0,0.0,0.0,0.0,0.0,0.0,0.0,90.0,90.0,0.0,14.700000000000001,3.6,411.0,26.0,323.734291,621.992371,10294.874728,940.0,164.0,14.855072463768115,21.95999999999998,-34.27999999999997,-8.360000000000014,20.680000000000007,89.72093023255815,83.5,96.0,92.0,84.0,95.28571428571429,96.0,98.0,90.0,96.0,smug
2026-01-01T12:09:29.863+00:00,1195,replay,sample/replay,engine/SID807,decoded CSV,100%,2.132196786380957,0.0,1.046,CLIMBING,↑,1169.0,42.253228,6,coasting,80.0,,22.0,18.0,21.0,16.0,21.0,16.0,80.0,5.0,80.0,normal,1041.0,60.0,19.0,41.0,338.0,339.0,-1.0,981.0,26.0,0.0,4.566666666666666,13.275,0.0,0.0,steady,0.0,23.0,301.0,370.0,69.0,0.0,0.0,0.0,0.0,0.0,0.0,90.0,90.0,0.0,14.700000000000001,3.6,411.0,26.0,323.734291,621.992371,10294.874728,940.0,164.0,14.855072463768115,21.95999999999998,-34.27999999999997,-8.360000000000014,20.680000000000007,89.49418604651163,82.6875,96.0,92.0,84.0,95.28571428571429,96.0,98.0,90.0,96.0,smug
2026-01-01T12:09:30.313+00:00,1196,replay,sample/replay,engine/SID807,decoded CSV,100%,2.2222219867471074,0.0,1.046,CLIMBING,↑,1155.0,41.631857000000004,6,coasting,80.0,,22.0,19.0,21.0,16.0,21.0,16.0,80.0,5.0,80.0,normal,1038.0,57.0,19.0,38.0,335.0,334.0,1.0,981.0,24.0,0.0,4.533333333333333,12.933333333333334,-0.6172836942347069,-0.06294541910180407,easing,0.0,23.0,297.0,364.0,67.0,0.0,0.0,0.0,0.0,0.0,0.0,90.0,90.0,0.0,14.700000000000001,3.6,411.0,24.0,323.734291,621.992371,10294.874728,940.0,164.0,14.855072463768115,21.95999999999998,-34.27999999999997,-8.360000000000014,20.680000000000007,89.25000000000001,81.8125,96.0,92.0,84.0,95.28571428571429,96.0,98.0,90.0,96.0,smug
2026-01-01T12:09:30.777+00:00,1197,replay,sample/replay,engine/SID807,decoded CSV,100%,2.15517247580745,0.0,1.046,CLIMBING,↑,1166.0,41.010486,6,decelerating,80.0,,22.0,19.0,21.0,16.0,21.0,16.0,80.0,5.0,80.0,normal,1041.0,60.0,69.0,-9.0,329.0,332.0,-3.0,981.0,26.0,21.0,13.712307692307691,13.047307692307692,-0.5986588358468952,-0.06104621209555712,easing,3.1,24.0,327.0,334.0,7.0,4.0,3.0,-1.0,0.0,0.0,0.0,89.0,90.0,1.0,14.700000000000001,3.6,411.0,26.0,323.734291,621.992371,10294.874728,940.0,164.0,14.855072463768115,15.439999999999998,-24.100000000000023,-5.8700000000000045,14.54000000000002,89.69088415711477,82.5,92.51386791706236,92.0,93.0,93.14285714285715,96.0,92.0,90.0,96.0,smug
2026-01-01T12:09:31.263+00:00,1198,replay,sample/replay,engine/SID807,decoded CSV,100%,2.0576129103153797,0.0,1.046,CLIMBING,↑,1145.0,41.010486,6,cruise,80.0,,22.0,19.0,21.0,16.0,21.0,16.0,80.0,5.0,80.0,normal,1057.0,76.0,111.0,-35.0,708.0,660.0,48.0,981.0,23.0,25.0,23.83051282051282,22.06967948717949,0.0,0.0,steady,18.6,25.0,363.0,343.0,-20.0,1.0,3.0,2.0,0.0,0.0,0.0,91.0,90.0,-1.0,14.5,3.6,411.0,23.0,323.734291,621.992371,10294.874728,940.0,164.0,14.855072463768115,0.0,0.0,0.0,0.0,84.50932592923873,71.8125,86.21006766381765,92.0,93.0,93.14285714285715,96.0,92.0,90.0,96.0,smug
2026-01-01T12:09:31.895+00:00,1199,replay,sample/replay,engine/SID807,decoded CSV,100%,1.582278557416629,0.0,1.046,CLIMBING,↑,1154.0,41.010486,6,cruise,80.0,,22.0,19.0,21.0,16.0,21.0,16.0,80.0,5.0,80.0,normal,1094.0,114.0,184.0,-70.0,742.0,733.0,9.0,980.0,26.0,25.0,26.32025641025641,26.25775641025641,0.0,0.0,steady,22.3,24.0,394.0,393.0,-1.0,0.0,0.0,0.0,0.0,0.0,0.0,93.0,92.0,-1.0,14.5,3.6,411.0,26.0,323.734291,621.992371,10294.874728,940.0,164.0,14.855072463768115,0.0,0.0,0.0,0.0,84.03873111707415,72.375,84.4110292022792,92.0,93.0,93.14285714285715,96.0,92.0,90.0,96.0,smug
2026-01-01T12:09:32.363+00:00,1200,replay,sample/replay,engine/SID807,decoded CSV,100%,2.1367524328377825,0.0,1.046,CLIMBING,↑,1157.0,41.631857000000004,6,accelerating,80.0,,22.0,18.0,21.0,16.0,21.0,16.0,80.0,5.0,80.0,normal,1118.0,138.0,185.0,-47.0,735.0,735.0,0.0,980.0,27.0,25.0,26.343589743589742,26.958589743589744,0.5935421588271872,0.06052445624420034,gaining,22.3,24.0,394.0,402.0,8.0,0.0,0.0,0.0,0.0,0.0,0.0,93.0,92.0,-1.0,14.5,3.6,411.0,27.0,323.734291,621.992371,10294.874728,940.0,164.0,14.855072463768115,0.0,0.0,0.0,0.0,84.0880043728881,72.5625,84.40227920227919,92.0,93.0,93.14285714285715,96.0,92.0,90.0,96.0,smug
